C*******************************************************************************
C
C                  INTEGRATED WATER FLOW MODEL (IWFM)
C                      *** IWFM-2025.0.1747 ***
C
C*******************************************************************************
C
C               IRRIGATION TARGET SOIL MOISTURE DATA FILE
C                         Root Zone Component
C
C             Project:  C2VSim Fine Grid (C2VSimFG)
C                       California Central Valley Groundwater-Surface Water Simulation Model
C             Filename: C2VSimFG_NonPondedCrop_TargetSM.dat
C             Version:  C2VSimFG_v1.5     May 2025
C             
C*******************************************************************************
C
C                         ***** Version 1.5 Model Disclaimer *****
C
C          This is Version 1.5 of C2VSimFG and is subject to change.  Users of
C          this version should be aware that this model is undergoing active
C          development and adjustment. Users of this model do so at their own
C          risk subject to the GNU General Public License below. The Department 
C          does not guarantee the accuracy, completeness, or timeliness of the 
C          information provided. Neither the Department of Water Resources nor 
C          any of the sources of the information used by the Department in the
C          development of this model shall be responsible for any errors or 
C          omissions, for the use, or results obtained from the use of this model.
C
C*******************************************************************************
C
C  California Central Valley Groundwater-Surface Water Flow Model - Fine Grid (C2VSimFG)
C  Copyright (C) 2012-2025
C  State of California, Department of Water Resources
C
C  This model is free. You can redistribute it and/or modify it
C  under the terms of the GNU General Public License as published
C  by the Free Software Foundation; either version 2 of the License,
C  or (at your option) any later version.
C
C  This model is distributed WITHOUT ANY WARRANTY; without even
C  the implied warranty of MERCHANTABILITY or FITNESS FOR A
C  PARTICULAR PURPOSE.  See the GNU General Public License for
C  more details. (http://www.gnu.org/licenses/gpl.html)
C
C  The GNU General Public License is available from the Free Software
C  Foundation, Inc., 59 Temple Place - Suite 330, Boston, MA  02111-1307, USA.
C
C  For technical support, e-mail: C2VSimFGtechsupport@water.ca.gov
C
C
C    C2VSimFG/SGMA Contact:
C          Craig Altare,  Section Manager, Modeling and Tools Support, 
C                         Sustainable Groundwater Management Office, DWR
C            craig.altare@water.ca.gov
C
C    IWFM Contact:
C          Emin Can Dogrul PhD, PE, Senior Engineer, DWR
C            can.dogrul@water.ca.gov
C
C*******************************************************************************
C                           File Description
C
C   This data file contains a set of irrigation target soil moistures as a fraction of
C   field capacity that are used in computing irrigation water demand. During an
C   irrigation event the soil moisture is raised to the target soil moisture.  Target
C   soil mositure cannot be less than minimum soil moisture specified in the Minimum
C   Soil Moisture data file. These values are correlated to individual crops through
C   the Non-Ponded Crop Data File.
C
C*******************************************************************************
C               Irrigation Target Soil Moisture Data Specifications
C
C   NCOLTSM ; Number of irrigation target soil moisture data columns
C   NSPTSM  ; Number of time steps to update the irrigation target soil moisture data
C              * Enter any number if time-tracking option is on
C   NFQTSM  ; Repetition frequency of the irrigation target soil moisture data
C              * Enter 0 if full time series data is supplied
C              * Enter any number if time-tracking option is on
C   DSSFL   ; The name of the DSS file for data input
C              * Leave blank if DSS file is not used for data input
C
C-------------------------------------------------------------------------------
C         VALUE                                      DESCRIPTION
C-------------------------------------------------------------------------------
       441                                           / NCOLTSM
       0                                             / NSPTSM
       0                                             / NFQTSM
                                                     / DSSFL
C----------------------------------------------------------------------------------------------
C                      Irrigation Target Soil Moisture Data
C                            (READ FROM THIS FILE)
C
C   List the irrigation target soil moisture data below, if it will not be read from
C   a DSS file (i.e. DSSFL is left blank above).
C
C   TIME ;  Time
C   SMTRG;  Irrigation target soil moisture as a fraction of field capacity; [L/L]
C
C----------------------------------------------------------------------------------------------
C Subregion           1     2     3     4     5     6     7     8     9     10     11     12     13     14     15     16     17     18     19     20     21     1     2     3     4     5     6     7     8     9     10     11     12     13     14     15     16     17     18     19     20     21     1     2     3     4     5     6     7     8     9     10     11     12     13     14     15     16     17     18     19     20     21     1     2     3     4     5     6     7     8     9     10     11     12     13     14     15     16     17     18     19     20     21     1     2     3     4     5     6     7     8     9     10     11     12     13     14     15     16     17     18     19     20     21     1     2     3     4     5     6     7     8     9     10     11     12     13     14     15     16     17     18     19     20     21     1     2     3     4     5     6     7     8     9     10     11     12     13     14     15     16     17     18     19     20     21     1     2     3     4     5     6     7     8     9     10     11     12     13     14     15     16     17     18     19     20     21     1     2     3     4     5     6     7     8     9     10     11     12     13     14     15     16     17     18     19     20     21     1     2     3     4     5     6     7     8     9     10     11     12     13     14     15     16     17     18     19     20     21     1     2     3     4     5     6     7     8     9     10     11     12     13     14     15     16     17     18     19     20     21     1     2     3     4     5     6     7     8     9     10     11     12     13     14     15     16     17     18     19     20     21     1     2     3     4     5     6     7     8     9     10     11     12     13     14     15     16     17     18     19     20     21     1     2     3     4     5     6     7     8     9     10     11     12     13     14     15     16     17     18     19     20     21     1     2     3     4     5     6     7     8     9     10     11     12     13     14     15     16     17     18     19     20     21     1     2     3     4     5     6     7     8     9     10     11     12     13     14     15     16     17     18     19     20     21     1     2     3     4     5     6     7     8     9     10     11     12     13     14     15     16     17     18     19     20     21     1     2     3     4     5     6     7     8     9     10     11     12     13     14     15     16     17     18     19     20     21     1     2     3     4     5     6     7     8     9     10     11     12     13     14     15     16     17     18     19     20     21     1     2     3     4     5     6     7     8     9     10     11     12     13     14     15     16     17     18     19     20     21     1     2     3     4     5     6     7     8     9     10     11     12     13     14     15     16     17     18     19     20     21
C Crop/LU            GR     GR     GR     GR     GR     GR     GR     GR     GR     GR     GR     GR     GR     GR     GR     GR     GR     GR     GR     GR     GR     CO     CO     CO     CO     CO     CO     CO     CO     CO     CO     CO     CO     CO     CO     CO     CO     CO     CO     CO     CO     CO     SB     SB     SB     SB     SB     SB     SB     SB     SB     SB     SB     SB     SB     SB     SB     SB     SB     SB     SB     SB     SB     CN     CN     CN     CN     CN     CN     CN     CN     CN     CN     CN     CN     CN     CN     CN     CN     CN     CN     CN     CN     CN     DB     DB     DB     DB     DB     DB     DB     DB     DB     DB     DB     DB     DB     DB     DB     DB     DB     DB     DB     DB     DB     SA     SA     SA     SA     SA     SA     SA     SA     SA     SA     SA     SA     SA     SA     SA     SA     SA     SA     SA     SA     SA     FL     FL     FL     FL     FL     FL     FL     FL     FL     FL     FL     FL     FL     FL     FL     FL     FL     FL     FL     FL     FL     AL     AL     AL     AL     AL     AL     AL     AL     AL     AL     AL     AL     AL     AL     AL     AL     AL     AL     AL     AL     AL     PA     PA     PA     PA     PA     PA     PA     PA     PA     PA     PA     PA     PA     PA     PA     PA     PA     PA     PA     PA     PA     TP     TP     TP     TP     TP     TP     TP     TP     TP     TP     TP     TP     TP     TP     TP     TP     TP     TP     TP     TP     TP     TF     TF     TF     TF     TF     TF     TF     TF     TF     TF     TF     TF     TF     TF     TF     TF     TF     TF     TF     TF     TF     CU     CU     CU     CU     CU     CU     CU     CU     CU     CU     CU     CU     CU     CU     CU     CU     CU     CU     CU     CU     CU     OG     OG     OG     OG     OG     OG     OG     OG     OG     OG     OG     OG     OG     OG     OG     OG     OG     OG     OG     OG     OG     PO     PO     PO     PO     PO     PO     PO     PO     PO     PO     PO     PO     PO     PO     PO     PO     PO     PO     PO     PO     PO     TR     TR     TR     TR     TR     TR     TR     TR     TR     TR     TR     TR     TR     TR     TR     TR     TR     TR     TR     TR     TR     AP     AP     AP     AP     AP     AP     AP     AP     AP     AP     AP     AP     AP     AP     AP     AP     AP     AP     AP     AP     AP     OR     OR     OR     OR     OR     OR     OR     OR     OR     OR     OR     OR     OR     OR     OR     OR     OR     OR     OR     OR     OR     CS     CS     CS     CS     CS     CS     CS     CS     CS     CS     CS     CS     CS     CS     CS     CS     CS     CS     CS     CS     CS     VI     VI     VI     VI     VI     VI     VI     VI     VI     VI     VI     VI     VI     VI     VI     VI     VI     VI     VI     VI     VI     ID     ID     ID     ID     ID     ID     ID     ID     ID     ID     ID     ID     ID     ID     ID     ID     ID     ID     ID     ID     ID     RI     RI     RI     RI     RI     RI     RI     RI     RI     RI     RI     RI     RI     RI     RI     RI     RI     RI     RI     RI     RI
C  Column             1     2     3     4     5     6     7     8     9     10     11     12     13     14     15     16     17     18     19     20     21     22     23     24     25     26     27     28     29     30     31     32     33     34     35     36     37     38     39     40     41     42     43     44     45     46     47     48     49     50     51     52     53     54     55     56     57     58     59     60     61     62     63     64     65     66     67     68     69     70     71     72     73     74     75     76     77     78     79     80     81     82     83     84     85     86     87     88     89     90     91     92     93     94     95     96     97     98     99     100     101     102     103     104     105     106     107     108     109     110     111     112     113     114     115     116     117     118     119     120     121     122     123     124     125     126     127     128     129     130     131     132     133     134     135     136     137     138     139     140     141     142     143     144     145     146     147     148     149     150     151     152     153     154     155     156     157     158     159     160     161     162     163     164     165     166     167     168     169     170     171     172     173     174     175     176     177     178     179     180     181     182     183     184     185     186     187     188     189     190     191     192     193     194     195     196     197     198     199     200     201     202     203     204     205     206     207     208     209     210     211     212     213     214     215     216     217     218     219     220     221     222     223     224     225     226     227     228     229     230     231     232     233     234     235     236     237     238     239     240     241     242     243     244     245     246     247     248     249     250     251     252     253     254     255     256     257     258     259     260     261     262     263     264     265     266     267     268     269     270     271     272     273     274     275     276     277     278     279     280     281     282     283     284     285     286     287     288     289     290     291     292     293     294     295     296     297     298     299     300     301     302     303     304     305     306     307     308     309     310     311     312     313     314     315     316     317     318     319     320     321     322     323     324     325     326     327     328     329     330     331     332     333     334     335     336     337     338     339     340     341     342     343     344     345     346     347     348     349     350     351     352     353     354     355     356     357     358     359     360     361     362     363     364     365     366     367     368     369     370     371     372     373     374     375     376     377     378     379     380     381     382     383     384     385     386     387     388     389     390     391     392     393     394     395     396     397     398     399     400     401     402     403     404     405     406     407     408     409     410     411     412     413     414     415     416     417     418     419     420     421     422     423     424     425     426     427     428     429     430     431     432     433     434     435     436     437     438     439     440     441
C----------------------------------------------------------------------------------------------
09/30/1922_24:00     0.8797     0.7798     1.0000     0.9301     1.0000     0.8763     0.8960     0.8373     1.0000     0.9530     0.9486     0.9412     0.8655     0.7404     0.9000     0.9366     0.9685     0.9709     0.9336     0.9028     0.7386     0.8797     0.8200     1.0000     0.9301     1.0000     0.8763     0.8960     0.8373     1.0000     0.9530     0.9194     0.9122     0.8655     0.8200     0.9000     0.9366     0.9685     0.9709     0.9336     0.9028     0.8200     0.8797     0.7798     1.0000     0.9301     1.0000     0.8763     0.8960     0.8373     1.0000     0.9530     0.9632     0.9556     0.8655     0.7404     0.9000     0.9366     0.9685     0.9709     0.9336     0.9028     0.7386     0.8797     0.7798     1.0000     0.9301     1.0000     0.8763     0.8960     0.8373     1.0000     0.9530     0.9340     0.9267     0.8655     0.7404     0.9000     0.9366     0.9685     0.9709     0.9336     0.9028     0.7386     0.8797     0.7798     1.0000     0.9301     1.0000     0.8763     0.8960     0.8373     1.0000     0.9530     0.9705     0.9629     0.8655     0.7404     0.9000     0.9366     0.9685     0.9709     0.9336     0.9028     0.7386     0.8797     0.7798     1.0000     0.9301     1.0000     0.8763     0.8960     0.8373     1.0000     0.9530     0.9266     0.9194     0.8655     0.7404     0.9000     0.9366     0.9685     0.9709     0.9336     0.9028     0.7386     0.8797     0.7798     1.0000     0.9301     1.0000     0.8763     0.8960     0.8373     1.0000     0.9530     0.9632     0.9556     0.8655     0.7404     0.9000     0.9366     0.9685     0.9709     0.9336     0.9028     0.7386     0.8797     0.7798     1.0000     0.9301     1.0000     0.8763     0.8960     0.8373     1.0000     0.9530     0.9705     0.9629     0.8655     0.7404     0.9000     0.9366     0.9685     0.9709     0.9336     0.9028     0.7386     0.8797     0.7798     1.0000     0.9301     1.0000     0.8763     0.8960     0.8373     1.0000     0.9530     0.9705     0.9629     0.8655     0.7404     0.9000     0.9366     0.9685     0.9709     0.9336     0.9028     0.7386     0.8797     0.7798     1.0000     0.9301     1.0000     0.8763     0.8960     0.8373     1.0000     0.9530     0.9340     0.9267     0.8655     0.7404     0.9000     0.9366     0.9685     0.9709     0.9336     0.9028     0.7386     0.8797     0.7798     1.0000     0.9301     1.0000     0.8763     0.8960     0.8373     1.0000     0.9530     0.9340     0.9267     0.8655     0.7404     0.9000     0.9366     0.9685     0.9709     0.9336     0.9028     0.7386     0.8797     0.7798     1.0000     0.9301     1.0000     0.8763     0.8960     0.8373     1.0000     0.9530     0.9632     0.9556     0.8655     0.7404     0.9000     0.9366     0.9685     0.9709     0.9336     0.9028     0.7386     0.8797     0.7798     1.0000     0.9301     1.0000     0.8763     0.8960     0.8373     1.0000     0.9530     0.9449     0.9375     0.8655     0.7404     0.9000     0.9366     0.9685     0.9709     0.9336     0.9028     0.7386     0.8797     0.7798     1.0000     0.9301     1.0000     0.8763     0.8960     0.8373     1.0000     0.9530     0.9486     0.9412     0.8655     0.7404     0.9000     0.9366     0.9685     0.9709     0.9336     0.9028     0.7386     0.8797     0.7798     1.0000     0.9301     1.0000     0.8763     0.8960     0.8373     1.0000     0.9530     0.9486     0.9412     0.8655     0.7404     0.9000     0.9366     0.9685     0.9709     0.9336     0.9028     0.7386     0.8797     0.7798     1.0000     0.9301     1.0000     0.8763     0.8960     0.8373     1.0000     0.9530     0.9595     0.9520     0.8655     0.7404     0.9000     0.9366     0.9685     0.9709     0.9336     0.9028     0.7386     0.8797     0.7798     1.0000     0.9301     1.0000     0.8763     0.8960     0.8373     1.0000     0.9530     0.9522     0.9448     0.8655     0.7404     0.9000     0.9366     0.9685     0.9709     0.9336     0.9028     0.7386     0.8797     0.7798     1.0000     0.9301     1.0000     0.8763     0.8960     0.8373     1.0000     0.9530     1.0000     1.0000     0.8655     0.7404     0.9000     0.9366     0.9685     0.9709     0.9336     0.9028     0.7386     0.8797     0.7798     1.0000     0.9301     1.0000     0.8763     0.8960     0.8373     1.0000     0.9530     0.8937     0.8867     0.8655     0.7404     0.9000     0.9366     0.9685     0.9709     0.9336     0.9028     0.7386     0.8797     0.7798     1.0000     0.9301     1.0000     0.8763     0.8960     0.8373     1.0000     0.9530     0.9132     0.9061     0.8655     0.7404     0.9000     0.9366     0.9685     0.9709     0.9336     0.9028     0.7386     0.9209     0.9209     0.9209     0.9209     0.9209     0.8906     0.8359     0.9209     0.9976     0.8776     0.9336     0.9117     0.9432     0.7571     0.9494     0.9078     0.9383     0.9911     0.9269     0.9209     0.7500
09/30/1923_24:00     0.8797     0.7798     1.0000     0.9301     1.0000     0.8763     0.8960     0.8373     1.0000     0.9530     0.9486     0.9412     0.8655     0.7404     0.9000     0.9366     0.9685     0.9709     0.9336     0.9028     0.7386     0.8797     0.8200     1.0000     0.9301     1.0000     0.8763     0.8960     0.8373     1.0000     0.9530     0.9194     0.9122     0.8655     0.8200     0.9000     0.9366     0.9685     0.9709     0.9336     0.9028     0.8200     0.8797     0.7798     1.0000     0.9301     1.0000     0.8763     0.8960     0.8373     1.0000     0.9530     0.9632     0.9556     0.8655     0.7404     0.9000     0.9366     0.9685     0.9709     0.9336     0.9028     0.7386     0.8797     0.7798     1.0000     0.9301     1.0000     0.8763     0.8960     0.8373     1.0000     0.9530     0.9340     0.9267     0.8655     0.7404     0.9000     0.9366     0.9685     0.9709     0.9336     0.9028     0.7386     0.8797     0.7798     1.0000     0.9301     1.0000     0.8763     0.8960     0.8373     1.0000     0.9530     0.9705     0.9629     0.8655     0.7404     0.9000     0.9366     0.9685     0.9709     0.9336     0.9028     0.7386     0.8797     0.7798     1.0000     0.9301     1.0000     0.8763     0.8960     0.8373     1.0000     0.9530     0.9266     0.9194     0.8655     0.7404     0.9000     0.9366     0.9685     0.9709     0.9336     0.9028     0.7386     0.8797     0.7798     1.0000     0.9301     1.0000     0.8763     0.8960     0.8373     1.0000     0.9530     0.9632     0.9556     0.8655     0.7404     0.9000     0.9366     0.9685     0.9709     0.9336     0.9028     0.7386     0.8797     0.7798     1.0000     0.9301     1.0000     0.8763     0.8960     0.8373     1.0000     0.9530     0.9705     0.9629     0.8655     0.7404     0.9000     0.9366     0.9685     0.9709     0.9336     0.9028     0.7386     0.8797     0.7798     1.0000     0.9301     1.0000     0.8763     0.8960     0.8373     1.0000     0.9530     0.9705     0.9629     0.8655     0.7404     0.9000     0.9366     0.9685     0.9709     0.9336     0.9028     0.7386     0.8797     0.7798     1.0000     0.9301     1.0000     0.8763     0.8960     0.8373     1.0000     0.9530     0.9340     0.9267     0.8655     0.7404     0.9000     0.9366     0.9685     0.9709     0.9336     0.9028     0.7386     0.8797     0.7798     1.0000     0.9301     1.0000     0.8763     0.8960     0.8373     1.0000     0.9530     0.9340     0.9267     0.8655     0.7404     0.9000     0.9366     0.9685     0.9709     0.9336     0.9028     0.7386     0.8797     0.7798     1.0000     0.9301     1.0000     0.8763     0.8960     0.8373     1.0000     0.9530     0.9632     0.9556     0.8655     0.7404     0.9000     0.9366     0.9685     0.9709     0.9336     0.9028     0.7386     0.8797     0.7798     1.0000     0.9301     1.0000     0.8763     0.8960     0.8373     1.0000     0.9530     0.9449     0.9375     0.8655     0.7404     0.9000     0.9366     0.9685     0.9709     0.9336     0.9028     0.7386     0.8797     0.7798     1.0000     0.9301     1.0000     0.8763     0.8960     0.8373     1.0000     0.9530     0.9486     0.9412     0.8655     0.7404     0.9000     0.9366     0.9685     0.9709     0.9336     0.9028     0.7386     0.8797     0.7798     1.0000     0.9301     1.0000     0.8763     0.8960     0.8373     1.0000     0.9530     0.9486     0.9412     0.8655     0.7404     0.9000     0.9366     0.9685     0.9709     0.9336     0.9028     0.7386     0.8797     0.7798     1.0000     0.9301     1.0000     0.8763     0.8960     0.8373     1.0000     0.9530     0.9595     0.9520     0.8655     0.7404     0.9000     0.9366     0.9685     0.9709     0.9336     0.9028     0.7386     0.8797     0.7798     1.0000     0.9301     1.0000     0.8763     0.8960     0.8373     1.0000     0.9530     0.9522     0.9448     0.8655     0.7404     0.9000     0.9366     0.9685     0.9709     0.9336     0.9028     0.7386     0.8797     0.7798     1.0000     0.9301     1.0000     0.8763     0.8960     0.8373     1.0000     0.9530     1.0000     1.0000     0.8655     0.7404     0.9000     0.9366     0.9685     0.9709     0.9336     0.9028     0.7386     0.8797     0.7798     1.0000     0.9301     1.0000     0.8763     0.8960     0.8373     1.0000     0.9530     0.8937     0.8867     0.8655     0.7404     0.9000     0.9366     0.9685     0.9709     0.9336     0.9028     0.7386     0.8797     0.7798     1.0000     0.9301     1.0000     0.8763     0.8960     0.8373     1.0000     0.9530     0.9132     0.9061     0.8655     0.7404     0.9000     0.9366     0.9685     0.9709     0.9336     0.9028     0.7386     0.9209     0.9209     0.9209     0.9209     0.9209     0.8906     0.8359     0.9209     0.9976     0.8776     0.9336     0.9117     0.9432     0.7571     0.9494     0.9078     0.9383     0.9911     0.9269     0.9209     0.7500
09/30/1924_24:00     0.8797     0.7798     1.0000     0.9301     1.0000     0.8763     0.8960     0.8373     1.0000     0.9530     0.9486     0.9412     0.8655     0.7404     0.9000     0.9366     0.9685     0.9709     0.9336     0.9028     0.7386     0.8797     0.8200     1.0000     0.9301     1.0000     0.8763     0.8960     0.8373     1.0000     0.9530     0.9194     0.9122     0.8655     0.8200     0.9000     0.9366     0.9685     0.9709     0.9336     0.9028     0.8200     0.8797     0.7798     1.0000     0.9301     1.0000     0.8763     0.8960     0.8373     1.0000     0.9530     0.9632     0.9556     0.8655     0.7404     0.9000     0.9366     0.9685     0.9709     0.9336     0.9028     0.7386     0.8797     0.7798     1.0000     0.9301     1.0000     0.8763     0.8960     0.8373     1.0000     0.9530     0.9340     0.9267     0.8655     0.7404     0.9000     0.9366     0.9685     0.9709     0.9336     0.9028     0.7386     0.8797     0.7798     1.0000     0.9301     1.0000     0.8763     0.8960     0.8373     1.0000     0.9530     0.9705     0.9629     0.8655     0.7404     0.9000     0.9366     0.9685     0.9709     0.9336     0.9028     0.7386     0.8797     0.7798     1.0000     0.9301     1.0000     0.8763     0.8960     0.8373     1.0000     0.9530     0.9266     0.9194     0.8655     0.7404     0.9000     0.9366     0.9685     0.9709     0.9336     0.9028     0.7386     0.8797     0.7798     1.0000     0.9301     1.0000     0.8763     0.8960     0.8373     1.0000     0.9530     0.9632     0.9556     0.8655     0.7404     0.9000     0.9366     0.9685     0.9709     0.9336     0.9028     0.7386     0.8797     0.7798     1.0000     0.9301     1.0000     0.8763     0.8960     0.8373     1.0000     0.9530     0.9705     0.9629     0.8655     0.7404     0.9000     0.9366     0.9685     0.9709     0.9336     0.9028     0.7386     0.8797     0.7798     1.0000     0.9301     1.0000     0.8763     0.8960     0.8373     1.0000     0.9530     0.9705     0.9629     0.8655     0.7404     0.9000     0.9366     0.9685     0.9709     0.9336     0.9028     0.7386     0.8797     0.7798     1.0000     0.9301     1.0000     0.8763     0.8960     0.8373     1.0000     0.9530     0.9340     0.9267     0.8655     0.7404     0.9000     0.9366     0.9685     0.9709     0.9336     0.9028     0.7386     0.8797     0.7798     1.0000     0.9301     1.0000     0.8763     0.8960     0.8373     1.0000     0.9530     0.9340     0.9267     0.8655     0.7404     0.9000     0.9366     0.9685     0.9709     0.9336     0.9028     0.7386     0.8797     0.7798     1.0000     0.9301     1.0000     0.8763     0.8960     0.8373     1.0000     0.9530     0.9632     0.9556     0.8655     0.7404     0.9000     0.9366     0.9685     0.9709     0.9336     0.9028     0.7386     0.8797     0.7798     1.0000     0.9301     1.0000     0.8763     0.8960     0.8373     1.0000     0.9530     0.9449     0.9375     0.8655     0.7404     0.9000     0.9366     0.9685     0.9709     0.9336     0.9028     0.7386     0.8797     0.7798     1.0000     0.9301     1.0000     0.8763     0.8960     0.8373     1.0000     0.9530     0.9486     0.9412     0.8655     0.7404     0.9000     0.9366     0.9685     0.9709     0.9336     0.9028     0.7386     0.8797     0.7798     1.0000     0.9301     1.0000     0.8763     0.8960     0.8373     1.0000     0.9530     0.9486     0.9412     0.8655     0.7404     0.9000     0.9366     0.9685     0.9709     0.9336     0.9028     0.7386     0.8797     0.7798     1.0000     0.9301     1.0000     0.8763     0.8960     0.8373     1.0000     0.9530     0.9595     0.9520     0.8655     0.7404     0.9000     0.9366     0.9685     0.9709     0.9336     0.9028     0.7386     0.8797     0.7798     1.0000     0.9301     1.0000     0.8763     0.8960     0.8373     1.0000     0.9530     0.9522     0.9448     0.8655     0.7404     0.9000     0.9366     0.9685     0.9709     0.9336     0.9028     0.7386     0.8797     0.7798     1.0000     0.9301     1.0000     0.8763     0.8960     0.8373     1.0000     0.9530     1.0000     1.0000     0.8655     0.7404     0.9000     0.9366     0.9685     0.9709     0.9336     0.9028     0.7386     0.8797     0.7798     1.0000     0.9301     1.0000     0.8763     0.8960     0.8373     1.0000     0.9530     0.8937     0.8867     0.8655     0.7404     0.9000     0.9366     0.9685     0.9709     0.9336     0.9028     0.7386     0.8797     0.7798     1.0000     0.9301     1.0000     0.8763     0.8960     0.8373     1.0000     0.9530     0.9132     0.9061     0.8655     0.7404     0.9000     0.9366     0.9685     0.9709     0.9336     0.9028     0.7386     0.9209     0.9209     0.9209     0.9209     0.9209     0.8906     0.8359     0.9209     0.9976     0.8776     0.9336     0.9117     0.9432     0.7571     0.9494     0.9078     0.9383     0.9911     0.9269     0.9209     0.7500
09/30/1925_24:00     0.8797     0.7798     1.0000     0.9301     1.0000     0.8763     0.8960     0.8373     1.0000     0.9530     0.9486     0.9412     0.8655     0.7404     0.9000     0.9366     0.9685     0.9709     0.9336     0.9028     0.7386     0.8797     0.8200     1.0000     0.9301     1.0000     0.8763     0.8960     0.8373     1.0000     0.9530     0.9194     0.9122     0.8655     0.8200     0.9000     0.9366     0.9685     0.9709     0.9336     0.9028     0.8200     0.8797     0.7798     1.0000     0.9301     1.0000     0.8763     0.8960     0.8373     1.0000     0.9530     0.9632     0.9556     0.8655     0.7404     0.9000     0.9366     0.9685     0.9709     0.9336     0.9028     0.7386     0.8797     0.7798     1.0000     0.9301     1.0000     0.8763     0.8960     0.8373     1.0000     0.9530     0.9340     0.9267     0.8655     0.7404     0.9000     0.9366     0.9685     0.9709     0.9336     0.9028     0.7386     0.8797     0.7798     1.0000     0.9301     1.0000     0.8763     0.8960     0.8373     1.0000     0.9530     0.9705     0.9629     0.8655     0.7404     0.9000     0.9366     0.9685     0.9709     0.9336     0.9028     0.7386     0.8797     0.7798     1.0000     0.9301     1.0000     0.8763     0.8960     0.8373     1.0000     0.9530     0.9266     0.9194     0.8655     0.7404     0.9000     0.9366     0.9685     0.9709     0.9336     0.9028     0.7386     0.8797     0.7798     1.0000     0.9301     1.0000     0.8763     0.8960     0.8373     1.0000     0.9530     0.9632     0.9556     0.8655     0.7404     0.9000     0.9366     0.9685     0.9709     0.9336     0.9028     0.7386     0.8797     0.7798     1.0000     0.9301     1.0000     0.8763     0.8960     0.8373     1.0000     0.9530     0.9705     0.9629     0.8655     0.7404     0.9000     0.9366     0.9685     0.9709     0.9336     0.9028     0.7386     0.8797     0.7798     1.0000     0.9301     1.0000     0.8763     0.8960     0.8373     1.0000     0.9530     0.9705     0.9629     0.8655     0.7404     0.9000     0.9366     0.9685     0.9709     0.9336     0.9028     0.7386     0.8797     0.7798     1.0000     0.9301     1.0000     0.8763     0.8960     0.8373     1.0000     0.9530     0.9340     0.9267     0.8655     0.7404     0.9000     0.9366     0.9685     0.9709     0.9336     0.9028     0.7386     0.8797     0.7798     1.0000     0.9301     1.0000     0.8763     0.8960     0.8373     1.0000     0.9530     0.9340     0.9267     0.8655     0.7404     0.9000     0.9366     0.9685     0.9709     0.9336     0.9028     0.7386     0.8797     0.7798     1.0000     0.9301     1.0000     0.8763     0.8960     0.8373     1.0000     0.9530     0.9632     0.9556     0.8655     0.7404     0.9000     0.9366     0.9685     0.9709     0.9336     0.9028     0.7386     0.8797     0.7798     1.0000     0.9301     1.0000     0.8763     0.8960     0.8373     1.0000     0.9530     0.9449     0.9375     0.8655     0.7404     0.9000     0.9366     0.9685     0.9709     0.9336     0.9028     0.7386     0.8797     0.7798     1.0000     0.9301     1.0000     0.8763     0.8960     0.8373     1.0000     0.9530     0.9486     0.9412     0.8655     0.7404     0.9000     0.9366     0.9685     0.9709     0.9336     0.9028     0.7386     0.8797     0.7798     1.0000     0.9301     1.0000     0.8763     0.8960     0.8373     1.0000     0.9530     0.9486     0.9412     0.8655     0.7404     0.9000     0.9366     0.9685     0.9709     0.9336     0.9028     0.7386     0.8797     0.7798     1.0000     0.9301     1.0000     0.8763     0.8960     0.8373     1.0000     0.9530     0.9595     0.9520     0.8655     0.7404     0.9000     0.9366     0.9685     0.9709     0.9336     0.9028     0.7386     0.8797     0.7798     1.0000     0.9301     1.0000     0.8763     0.8960     0.8373     1.0000     0.9530     0.9522     0.9448     0.8655     0.7404     0.9000     0.9366     0.9685     0.9709     0.9336     0.9028     0.7386     0.8797     0.7798     1.0000     0.9301     1.0000     0.8763     0.8960     0.8373     1.0000     0.9530     1.0000     1.0000     0.8655     0.7404     0.9000     0.9366     0.9685     0.9709     0.9336     0.9028     0.7386     0.8797     0.7798     1.0000     0.9301     1.0000     0.8763     0.8960     0.8373     1.0000     0.9530     0.8937     0.8867     0.8655     0.7404     0.9000     0.9366     0.9685     0.9709     0.9336     0.9028     0.7386     0.8797     0.7798     1.0000     0.9301     1.0000     0.8763     0.8960     0.8373     1.0000     0.9530     0.9132     0.9061     0.8655     0.7404     0.9000     0.9366     0.9685     0.9709     0.9336     0.9028     0.7386     0.9209     0.9209     0.9209     0.9209     0.9209     0.8906     0.8359     0.9209     0.9976     0.8776     0.9336     0.9117     0.9432     0.7571     0.9494     0.9078     0.9383     0.9911     0.9269     0.9209     0.7500
09/30/1926_24:00     0.8797     0.7798     1.0000     0.9301     1.0000     0.8763     0.8960     0.8373     1.0000     0.9530     0.9486     0.9412     0.8655     0.7404     0.9000     0.9366     0.9685     0.9709     0.9336     0.9028     0.7386     0.8797     0.8200     1.0000     0.9301     1.0000     0.8763     0.8960     0.8373     1.0000     0.9530     0.9194     0.9122     0.8655     0.8200     0.9000     0.9366     0.9685     0.9709     0.9336     0.9028     0.8200     0.8797     0.7798     1.0000     0.9301     1.0000     0.8763     0.8960     0.8373     1.0000     0.9530     0.9632     0.9556     0.8655     0.7404     0.9000     0.9366     0.9685     0.9709     0.9336     0.9028     0.7386     0.8797     0.7798     1.0000     0.9301     1.0000     0.8763     0.8960     0.8373     1.0000     0.9530     0.9340     0.9267     0.8655     0.7404     0.9000     0.9366     0.9685     0.9709     0.9336     0.9028     0.7386     0.8797     0.7798     1.0000     0.9301     1.0000     0.8763     0.8960     0.8373     1.0000     0.9530     0.9705     0.9629     0.8655     0.7404     0.9000     0.9366     0.9685     0.9709     0.9336     0.9028     0.7386     0.8797     0.7798     1.0000     0.9301     1.0000     0.8763     0.8960     0.8373     1.0000     0.9530     0.9266     0.9194     0.8655     0.7404     0.9000     0.9366     0.9685     0.9709     0.9336     0.9028     0.7386     0.8797     0.7798     1.0000     0.9301     1.0000     0.8763     0.8960     0.8373     1.0000     0.9530     0.9632     0.9556     0.8655     0.7404     0.9000     0.9366     0.9685     0.9709     0.9336     0.9028     0.7386     0.8797     0.7798     1.0000     0.9301     1.0000     0.8763     0.8960     0.8373     1.0000     0.9530     0.9705     0.9629     0.8655     0.7404     0.9000     0.9366     0.9685     0.9709     0.9336     0.9028     0.7386     0.8797     0.7798     1.0000     0.9301     1.0000     0.8763     0.8960     0.8373     1.0000     0.9530     0.9705     0.9629     0.8655     0.7404     0.9000     0.9366     0.9685     0.9709     0.9336     0.9028     0.7386     0.8797     0.7798     1.0000     0.9301     1.0000     0.8763     0.8960     0.8373     1.0000     0.9530     0.9340     0.9267     0.8655     0.7404     0.9000     0.9366     0.9685     0.9709     0.9336     0.9028     0.7386     0.8797     0.7798     1.0000     0.9301     1.0000     0.8763     0.8960     0.8373     1.0000     0.9530     0.9340     0.9267     0.8655     0.7404     0.9000     0.9366     0.9685     0.9709     0.9336     0.9028     0.7386     0.8797     0.7798     1.0000     0.9301     1.0000     0.8763     0.8960     0.8373     1.0000     0.9530     0.9632     0.9556     0.8655     0.7404     0.9000     0.9366     0.9685     0.9709     0.9336     0.9028     0.7386     0.8797     0.7798     1.0000     0.9301     1.0000     0.8763     0.8960     0.8373     1.0000     0.9530     0.9449     0.9375     0.8655     0.7404     0.9000     0.9366     0.9685     0.9709     0.9336     0.9028     0.7386     0.8797     0.7798     1.0000     0.9301     1.0000     0.8763     0.8960     0.8373     1.0000     0.9530     0.9486     0.9412     0.8655     0.7404     0.9000     0.9366     0.9685     0.9709     0.9336     0.9028     0.7386     0.8797     0.7798     1.0000     0.9301     1.0000     0.8763     0.8960     0.8373     1.0000     0.9530     0.9486     0.9412     0.8655     0.7404     0.9000     0.9366     0.9685     0.9709     0.9336     0.9028     0.7386     0.8797     0.7798     1.0000     0.9301     1.0000     0.8763     0.8960     0.8373     1.0000     0.9530     0.9595     0.9520     0.8655     0.7404     0.9000     0.9366     0.9685     0.9709     0.9336     0.9028     0.7386     0.8797     0.7798     1.0000     0.9301     1.0000     0.8763     0.8960     0.8373     1.0000     0.9530     0.9522     0.9448     0.8655     0.7404     0.9000     0.9366     0.9685     0.9709     0.9336     0.9028     0.7386     0.8797     0.7798     1.0000     0.9301     1.0000     0.8763     0.8960     0.8373     1.0000     0.9530     1.0000     1.0000     0.8655     0.7404     0.9000     0.9366     0.9685     0.9709     0.9336     0.9028     0.7386     0.8797     0.7798     1.0000     0.9301     1.0000     0.8763     0.8960     0.8373     1.0000     0.9530     0.8937     0.8867     0.8655     0.7404     0.9000     0.9366     0.9685     0.9709     0.9336     0.9028     0.7386     0.8797     0.7798     1.0000     0.9301     1.0000     0.8763     0.8960     0.8373     1.0000     0.9530     0.9132     0.9061     0.8655     0.7404     0.9000     0.9366     0.9685     0.9709     0.9336     0.9028     0.7386     0.9209     0.9209     0.9209     0.9209     0.9209     0.8906     0.8359     0.9209     0.9976     0.8776     0.9336     0.9117     0.9432     0.7571     0.9494     0.9078     0.9383     0.9911     0.9269     0.9209     0.7500
09/30/1927_24:00     0.8797     0.7798     1.0000     0.9301     1.0000     0.8763     0.8960     0.8373     1.0000     0.9530     0.9486     0.9412     0.8655     0.7404     0.9000     0.9366     0.9685     0.9709     0.9336     0.9028     0.7386     0.8797     0.8200     1.0000     0.9301     1.0000     0.8763     0.8960     0.8373     1.0000     0.9530     0.9194     0.9122     0.8655     0.8200     0.9000     0.9366     0.9685     0.9709     0.9336     0.9028     0.8200     0.8797     0.7798     1.0000     0.9301     1.0000     0.8763     0.8960     0.8373     1.0000     0.9530     0.9632     0.9556     0.8655     0.7404     0.9000     0.9366     0.9685     0.9709     0.9336     0.9028     0.7386     0.8797     0.7798     1.0000     0.9301     1.0000     0.8763     0.8960     0.8373     1.0000     0.9530     0.9340     0.9267     0.8655     0.7404     0.9000     0.9366     0.9685     0.9709     0.9336     0.9028     0.7386     0.8797     0.7798     1.0000     0.9301     1.0000     0.8763     0.8960     0.8373     1.0000     0.9530     0.9705     0.9629     0.8655     0.7404     0.9000     0.9366     0.9685     0.9709     0.9336     0.9028     0.7386     0.8797     0.7798     1.0000     0.9301     1.0000     0.8763     0.8960     0.8373     1.0000     0.9530     0.9266     0.9194     0.8655     0.7404     0.9000     0.9366     0.9685     0.9709     0.9336     0.9028     0.7386     0.8797     0.7798     1.0000     0.9301     1.0000     0.8763     0.8960     0.8373     1.0000     0.9530     0.9632     0.9556     0.8655     0.7404     0.9000     0.9366     0.9685     0.9709     0.9336     0.9028     0.7386     0.8797     0.7798     1.0000     0.9301     1.0000     0.8763     0.8960     0.8373     1.0000     0.9530     0.9705     0.9629     0.8655     0.7404     0.9000     0.9366     0.9685     0.9709     0.9336     0.9028     0.7386     0.8797     0.7798     1.0000     0.9301     1.0000     0.8763     0.8960     0.8373     1.0000     0.9530     0.9705     0.9629     0.8655     0.7404     0.9000     0.9366     0.9685     0.9709     0.9336     0.9028     0.7386     0.8797     0.7798     1.0000     0.9301     1.0000     0.8763     0.8960     0.8373     1.0000     0.9530     0.9340     0.9267     0.8655     0.7404     0.9000     0.9366     0.9685     0.9709     0.9336     0.9028     0.7386     0.8797     0.7798     1.0000     0.9301     1.0000     0.8763     0.8960     0.8373     1.0000     0.9530     0.9340     0.9267     0.8655     0.7404     0.9000     0.9366     0.9685     0.9709     0.9336     0.9028     0.7386     0.8797     0.7798     1.0000     0.9301     1.0000     0.8763     0.8960     0.8373     1.0000     0.9530     0.9632     0.9556     0.8655     0.7404     0.9000     0.9366     0.9685     0.9709     0.9336     0.9028     0.7386     0.8797     0.7798     1.0000     0.9301     1.0000     0.8763     0.8960     0.8373     1.0000     0.9530     0.9449     0.9375     0.8655     0.7404     0.9000     0.9366     0.9685     0.9709     0.9336     0.9028     0.7386     0.8797     0.7798     1.0000     0.9301     1.0000     0.8763     0.8960     0.8373     1.0000     0.9530     0.9486     0.9412     0.8655     0.7404     0.9000     0.9366     0.9685     0.9709     0.9336     0.9028     0.7386     0.8797     0.7798     1.0000     0.9301     1.0000     0.8763     0.8960     0.8373     1.0000     0.9530     0.9486     0.9412     0.8655     0.7404     0.9000     0.9366     0.9685     0.9709     0.9336     0.9028     0.7386     0.8797     0.7798     1.0000     0.9301     1.0000     0.8763     0.8960     0.8373     1.0000     0.9530     0.9595     0.9520     0.8655     0.7404     0.9000     0.9366     0.9685     0.9709     0.9336     0.9028     0.7386     0.8797     0.7798     1.0000     0.9301     1.0000     0.8763     0.8960     0.8373     1.0000     0.9530     0.9522     0.9448     0.8655     0.7404     0.9000     0.9366     0.9685     0.9709     0.9336     0.9028     0.7386     0.8797     0.7798     1.0000     0.9301     1.0000     0.8763     0.8960     0.8373     1.0000     0.9530     1.0000     1.0000     0.8655     0.7404     0.9000     0.9366     0.9685     0.9709     0.9336     0.9028     0.7386     0.8797     0.7798     1.0000     0.9301     1.0000     0.8763     0.8960     0.8373     1.0000     0.9530     0.8937     0.8867     0.8655     0.7404     0.9000     0.9366     0.9685     0.9709     0.9336     0.9028     0.7386     0.8797     0.7798     1.0000     0.9301     1.0000     0.8763     0.8960     0.8373     1.0000     0.9530     0.9132     0.9061     0.8655     0.7404     0.9000     0.9366     0.9685     0.9709     0.9336     0.9028     0.7386     0.9209     0.9209     0.9209     0.9209     0.9209     0.8906     0.8359     0.9209     0.9976     0.8776     0.9336     0.9117     0.9432     0.7571     0.9494     0.9078     0.9383     0.9911     0.9269     0.9209     0.7500
09/30/1928_24:00     0.8797     0.7798     1.0000     0.9301     1.0000     0.8763     0.8960     0.8373     1.0000     0.9530     0.9486     0.9412     0.8655     0.7404     0.9000     0.9366     0.9685     0.9709     0.9336     0.9028     0.7386     0.8797     0.8200     1.0000     0.9301     1.0000     0.8763     0.8960     0.8373     1.0000     0.9530     0.9194     0.9122     0.8655     0.8200     0.9000     0.9366     0.9685     0.9709     0.9336     0.9028     0.8200     0.8797     0.7798     1.0000     0.9301     1.0000     0.8763     0.8960     0.8373     1.0000     0.9530     0.9632     0.9556     0.8655     0.7404     0.9000     0.9366     0.9685     0.9709     0.9336     0.9028     0.7386     0.8797     0.7798     1.0000     0.9301     1.0000     0.8763     0.8960     0.8373     1.0000     0.9530     0.9340     0.9267     0.8655     0.7404     0.9000     0.9366     0.9685     0.9709     0.9336     0.9028     0.7386     0.8797     0.7798     1.0000     0.9301     1.0000     0.8763     0.8960     0.8373     1.0000     0.9530     0.9705     0.9629     0.8655     0.7404     0.9000     0.9366     0.9685     0.9709     0.9336     0.9028     0.7386     0.8797     0.7798     1.0000     0.9301     1.0000     0.8763     0.8960     0.8373     1.0000     0.9530     0.9266     0.9194     0.8655     0.7404     0.9000     0.9366     0.9685     0.9709     0.9336     0.9028     0.7386     0.8797     0.7798     1.0000     0.9301     1.0000     0.8763     0.8960     0.8373     1.0000     0.9530     0.9632     0.9556     0.8655     0.7404     0.9000     0.9366     0.9685     0.9709     0.9336     0.9028     0.7386     0.8797     0.7798     1.0000     0.9301     1.0000     0.8763     0.8960     0.8373     1.0000     0.9530     0.9705     0.9629     0.8655     0.7404     0.9000     0.9366     0.9685     0.9709     0.9336     0.9028     0.7386     0.8797     0.7798     1.0000     0.9301     1.0000     0.8763     0.8960     0.8373     1.0000     0.9530     0.9705     0.9629     0.8655     0.7404     0.9000     0.9366     0.9685     0.9709     0.9336     0.9028     0.7386     0.8797     0.7798     1.0000     0.9301     1.0000     0.8763     0.8960     0.8373     1.0000     0.9530     0.9340     0.9267     0.8655     0.7404     0.9000     0.9366     0.9685     0.9709     0.9336     0.9028     0.7386     0.8797     0.7798     1.0000     0.9301     1.0000     0.8763     0.8960     0.8373     1.0000     0.9530     0.9340     0.9267     0.8655     0.7404     0.9000     0.9366     0.9685     0.9709     0.9336     0.9028     0.7386     0.8797     0.7798     1.0000     0.9301     1.0000     0.8763     0.8960     0.8373     1.0000     0.9530     0.9632     0.9556     0.8655     0.7404     0.9000     0.9366     0.9685     0.9709     0.9336     0.9028     0.7386     0.8797     0.7798     1.0000     0.9301     1.0000     0.8763     0.8960     0.8373     1.0000     0.9530     0.9449     0.9375     0.8655     0.7404     0.9000     0.9366     0.9685     0.9709     0.9336     0.9028     0.7386     0.8797     0.7798     1.0000     0.9301     1.0000     0.8763     0.8960     0.8373     1.0000     0.9530     0.9486     0.9412     0.8655     0.7404     0.9000     0.9366     0.9685     0.9709     0.9336     0.9028     0.7386     0.8797     0.7798     1.0000     0.9301     1.0000     0.8763     0.8960     0.8373     1.0000     0.9530     0.9486     0.9412     0.8655     0.7404     0.9000     0.9366     0.9685     0.9709     0.9336     0.9028     0.7386     0.8797     0.7798     1.0000     0.9301     1.0000     0.8763     0.8960     0.8373     1.0000     0.9530     0.9595     0.9520     0.8655     0.7404     0.9000     0.9366     0.9685     0.9709     0.9336     0.9028     0.7386     0.8797     0.7798     1.0000     0.9301     1.0000     0.8763     0.8960     0.8373     1.0000     0.9530     0.9522     0.9448     0.8655     0.7404     0.9000     0.9366     0.9685     0.9709     0.9336     0.9028     0.7386     0.8797     0.7798     1.0000     0.9301     1.0000     0.8763     0.8960     0.8373     1.0000     0.9530     1.0000     1.0000     0.8655     0.7404     0.9000     0.9366     0.9685     0.9709     0.9336     0.9028     0.7386     0.8797     0.7798     1.0000     0.9301     1.0000     0.8763     0.8960     0.8373     1.0000     0.9530     0.8937     0.8867     0.8655     0.7404     0.9000     0.9366     0.9685     0.9709     0.9336     0.9028     0.7386     0.8797     0.7798     1.0000     0.9301     1.0000     0.8763     0.8960     0.8373     1.0000     0.9530     0.9132     0.9061     0.8655     0.7404     0.9000     0.9366     0.9685     0.9709     0.9336     0.9028     0.7386     0.9209     0.9209     0.9209     0.9209     0.9209     0.8906     0.8359     0.9209     0.9976     0.8776     0.9336     0.9117     0.9432     0.7571     0.9494     0.9078     0.9383     0.9911     0.9269     0.9209     0.7500
09/30/1929_24:00     0.8797     0.7798     1.0000     0.9301     1.0000     0.8763     0.8960     0.8373     1.0000     0.9530     0.9486     0.9412     0.8655     0.7404     0.9000     0.9366     0.9685     0.9709     0.9336     0.9028     0.7386     0.8797     0.8200     1.0000     0.9301     1.0000     0.8763     0.8960     0.8373     1.0000     0.9530     0.9194     0.9122     0.8655     0.8200     0.9000     0.9366     0.9685     0.9709     0.9336     0.9028     0.8200     0.8797     0.7798     1.0000     0.9301     1.0000     0.8763     0.8960     0.8373     1.0000     0.9530     0.9632     0.9556     0.8655     0.7404     0.9000     0.9366     0.9685     0.9709     0.9336     0.9028     0.7386     0.8797     0.7798     1.0000     0.9301     1.0000     0.8763     0.8960     0.8373     1.0000     0.9530     0.9340     0.9267     0.8655     0.7404     0.9000     0.9366     0.9685     0.9709     0.9336     0.9028     0.7386     0.8797     0.7798     1.0000     0.9301     1.0000     0.8763     0.8960     0.8373     1.0000     0.9530     0.9705     0.9629     0.8655     0.7404     0.9000     0.9366     0.9685     0.9709     0.9336     0.9028     0.7386     0.8797     0.7798     1.0000     0.9301     1.0000     0.8763     0.8960     0.8373     1.0000     0.9530     0.9266     0.9194     0.8655     0.7404     0.9000     0.9366     0.9685     0.9709     0.9336     0.9028     0.7386     0.8797     0.7798     1.0000     0.9301     1.0000     0.8763     0.8960     0.8373     1.0000     0.9530     0.9632     0.9556     0.8655     0.7404     0.9000     0.9366     0.9685     0.9709     0.9336     0.9028     0.7386     0.8797     0.7798     1.0000     0.9301     1.0000     0.8763     0.8960     0.8373     1.0000     0.9530     0.9705     0.9629     0.8655     0.7404     0.9000     0.9366     0.9685     0.9709     0.9336     0.9028     0.7386     0.8797     0.7798     1.0000     0.9301     1.0000     0.8763     0.8960     0.8373     1.0000     0.9530     0.9705     0.9629     0.8655     0.7404     0.9000     0.9366     0.9685     0.9709     0.9336     0.9028     0.7386     0.8797     0.7798     1.0000     0.9301     1.0000     0.8763     0.8960     0.8373     1.0000     0.9530     0.9340     0.9267     0.8655     0.7404     0.9000     0.9366     0.9685     0.9709     0.9336     0.9028     0.7386     0.8797     0.7798     1.0000     0.9301     1.0000     0.8763     0.8960     0.8373     1.0000     0.9530     0.9340     0.9267     0.8655     0.7404     0.9000     0.9366     0.9685     0.9709     0.9336     0.9028     0.7386     0.8797     0.7798     1.0000     0.9301     1.0000     0.8763     0.8960     0.8373     1.0000     0.9530     0.9632     0.9556     0.8655     0.7404     0.9000     0.9366     0.9685     0.9709     0.9336     0.9028     0.7386     0.8797     0.7798     1.0000     0.9301     1.0000     0.8763     0.8960     0.8373     1.0000     0.9530     0.9449     0.9375     0.8655     0.7404     0.9000     0.9366     0.9685     0.9709     0.9336     0.9028     0.7386     0.8797     0.7798     1.0000     0.9301     1.0000     0.8763     0.8960     0.8373     1.0000     0.9530     0.9486     0.9412     0.8655     0.7404     0.9000     0.9366     0.9685     0.9709     0.9336     0.9028     0.7386     0.8797     0.7798     1.0000     0.9301     1.0000     0.8763     0.8960     0.8373     1.0000     0.9530     0.9486     0.9412     0.8655     0.7404     0.9000     0.9366     0.9685     0.9709     0.9336     0.9028     0.7386     0.8797     0.7798     1.0000     0.9301     1.0000     0.8763     0.8960     0.8373     1.0000     0.9530     0.9595     0.9520     0.8655     0.7404     0.9000     0.9366     0.9685     0.9709     0.9336     0.9028     0.7386     0.8797     0.7798     1.0000     0.9301     1.0000     0.8763     0.8960     0.8373     1.0000     0.9530     0.9522     0.9448     0.8655     0.7404     0.9000     0.9366     0.9685     0.9709     0.9336     0.9028     0.7386     0.8797     0.7798     1.0000     0.9301     1.0000     0.8763     0.8960     0.8373     1.0000     0.9530     1.0000     1.0000     0.8655     0.7404     0.9000     0.9366     0.9685     0.9709     0.9336     0.9028     0.7386     0.8797     0.7798     1.0000     0.9301     1.0000     0.8763     0.8960     0.8373     1.0000     0.9530     0.8937     0.8867     0.8655     0.7404     0.9000     0.9366     0.9685     0.9709     0.9336     0.9028     0.7386     0.8797     0.7798     1.0000     0.9301     1.0000     0.8763     0.8960     0.8373     1.0000     0.9530     0.9132     0.9061     0.8655     0.7404     0.9000     0.9366     0.9685     0.9709     0.9336     0.9028     0.7386     0.9209     0.9209     0.9209     0.9209     0.9209     0.8906     0.8359     0.9209     0.9976     0.8776     0.9336     0.9117     0.9432     0.7571     0.9494     0.9078     0.9383     0.9911     0.9269     0.9209     0.7500
09/30/1930_24:00     0.8797     0.7798     1.0000     0.9301     1.0000     0.8763     0.8960     0.8373     1.0000     0.9530     0.9486     0.9412     0.8655     0.7404     0.9000     0.9366     0.9685     0.9709     0.9336     0.9028     0.7386     0.8797     0.8200     1.0000     0.9301     1.0000     0.8763     0.8960     0.8373     1.0000     0.9530     0.9194     0.9122     0.8655     0.8200     0.9000     0.9366     0.9685     0.9709     0.9336     0.9028     0.8200     0.8797     0.7798     1.0000     0.9301     1.0000     0.8763     0.8960     0.8373     1.0000     0.9530     0.9632     0.9556     0.8655     0.7404     0.9000     0.9366     0.9685     0.9709     0.9336     0.9028     0.7386     0.8797     0.7798     1.0000     0.9301     1.0000     0.8763     0.8960     0.8373     1.0000     0.9530     0.9340     0.9267     0.8655     0.7404     0.9000     0.9366     0.9685     0.9709     0.9336     0.9028     0.7386     0.8797     0.7798     1.0000     0.9301     1.0000     0.8763     0.8960     0.8373     1.0000     0.9530     0.9705     0.9629     0.8655     0.7404     0.9000     0.9366     0.9685     0.9709     0.9336     0.9028     0.7386     0.8797     0.7798     1.0000     0.9301     1.0000     0.8763     0.8960     0.8373     1.0000     0.9530     0.9266     0.9194     0.8655     0.7404     0.9000     0.9366     0.9685     0.9709     0.9336     0.9028     0.7386     0.8797     0.7798     1.0000     0.9301     1.0000     0.8763     0.8960     0.8373     1.0000     0.9530     0.9632     0.9556     0.8655     0.7404     0.9000     0.9366     0.9685     0.9709     0.9336     0.9028     0.7386     0.8797     0.7798     1.0000     0.9301     1.0000     0.8763     0.8960     0.8373     1.0000     0.9530     0.9705     0.9629     0.8655     0.7404     0.9000     0.9366     0.9685     0.9709     0.9336     0.9028     0.7386     0.8797     0.7798     1.0000     0.9301     1.0000     0.8763     0.8960     0.8373     1.0000     0.9530     0.9705     0.9629     0.8655     0.7404     0.9000     0.9366     0.9685     0.9709     0.9336     0.9028     0.7386     0.8797     0.7798     1.0000     0.9301     1.0000     0.8763     0.8960     0.8373     1.0000     0.9530     0.9340     0.9267     0.8655     0.7404     0.9000     0.9366     0.9685     0.9709     0.9336     0.9028     0.7386     0.8797     0.7798     1.0000     0.9301     1.0000     0.8763     0.8960     0.8373     1.0000     0.9530     0.9340     0.9267     0.8655     0.7404     0.9000     0.9366     0.9685     0.9709     0.9336     0.9028     0.7386     0.8797     0.7798     1.0000     0.9301     1.0000     0.8763     0.8960     0.8373     1.0000     0.9530     0.9632     0.9556     0.8655     0.7404     0.9000     0.9366     0.9685     0.9709     0.9336     0.9028     0.7386     0.8797     0.7798     1.0000     0.9301     1.0000     0.8763     0.8960     0.8373     1.0000     0.9530     0.9449     0.9375     0.8655     0.7404     0.9000     0.9366     0.9685     0.9709     0.9336     0.9028     0.7386     0.8797     0.7798     1.0000     0.9301     1.0000     0.8763     0.8960     0.8373     1.0000     0.9530     0.9486     0.9412     0.8655     0.7404     0.9000     0.9366     0.9685     0.9709     0.9336     0.9028     0.7386     0.8797     0.7798     1.0000     0.9301     1.0000     0.8763     0.8960     0.8373     1.0000     0.9530     0.9486     0.9412     0.8655     0.7404     0.9000     0.9366     0.9685     0.9709     0.9336     0.9028     0.7386     0.8797     0.7798     1.0000     0.9301     1.0000     0.8763     0.8960     0.8373     1.0000     0.9530     0.9595     0.9520     0.8655     0.7404     0.9000     0.9366     0.9685     0.9709     0.9336     0.9028     0.7386     0.8797     0.7798     1.0000     0.9301     1.0000     0.8763     0.8960     0.8373     1.0000     0.9530     0.9522     0.9448     0.8655     0.7404     0.9000     0.9366     0.9685     0.9709     0.9336     0.9028     0.7386     0.8797     0.7798     1.0000     0.9301     1.0000     0.8763     0.8960     0.8373     1.0000     0.9530     1.0000     1.0000     0.8655     0.7404     0.9000     0.9366     0.9685     0.9709     0.9336     0.9028     0.7386     0.8797     0.7798     1.0000     0.9301     1.0000     0.8763     0.8960     0.8373     1.0000     0.9530     0.8937     0.8867     0.8655     0.7404     0.9000     0.9366     0.9685     0.9709     0.9336     0.9028     0.7386     0.8797     0.7798     1.0000     0.9301     1.0000     0.8763     0.8960     0.8373     1.0000     0.9530     0.9132     0.9061     0.8655     0.7404     0.9000     0.9366     0.9685     0.9709     0.9336     0.9028     0.7386     0.9209     0.9209     0.9209     0.9209     0.9209     0.8906     0.8359     0.9209     0.9976     0.8776     0.9336     0.9117     0.9432     0.7571     0.9494     0.9078     0.9383     0.9911     0.9269     0.9209     0.7500
09/30/1931_24:00     0.8797     0.7798     1.0000     0.9301     1.0000     0.8763     0.8960     0.8373     1.0000     0.9530     0.9486     0.9412     0.8655     0.7404     0.9000     0.9366     0.9685     0.9709     0.9336     0.9028     0.7386     0.8797     0.8200     1.0000     0.9301     1.0000     0.8763     0.8960     0.8373     1.0000     0.9530     0.9194     0.9122     0.8655     0.8200     0.9000     0.9366     0.9685     0.9709     0.9336     0.9028     0.8200     0.8797     0.7798     1.0000     0.9301     1.0000     0.8763     0.8960     0.8373     1.0000     0.9530     0.9632     0.9556     0.8655     0.7404     0.9000     0.9366     0.9685     0.9709     0.9336     0.9028     0.7386     0.8797     0.7798     1.0000     0.9301     1.0000     0.8763     0.8960     0.8373     1.0000     0.9530     0.9340     0.9267     0.8655     0.7404     0.9000     0.9366     0.9685     0.9709     0.9336     0.9028     0.7386     0.8797     0.7798     1.0000     0.9301     1.0000     0.8763     0.8960     0.8373     1.0000     0.9530     0.9705     0.9629     0.8655     0.7404     0.9000     0.9366     0.9685     0.9709     0.9336     0.9028     0.7386     0.8797     0.7798     1.0000     0.9301     1.0000     0.8763     0.8960     0.8373     1.0000     0.9530     0.9266     0.9194     0.8655     0.7404     0.9000     0.9366     0.9685     0.9709     0.9336     0.9028     0.7386     0.8797     0.7798     1.0000     0.9301     1.0000     0.8763     0.8960     0.8373     1.0000     0.9530     0.9632     0.9556     0.8655     0.7404     0.9000     0.9366     0.9685     0.9709     0.9336     0.9028     0.7386     0.8797     0.7798     1.0000     0.9301     1.0000     0.8763     0.8960     0.8373     1.0000     0.9530     0.9705     0.9629     0.8655     0.7404     0.9000     0.9366     0.9685     0.9709     0.9336     0.9028     0.7386     0.8797     0.7798     1.0000     0.9301     1.0000     0.8763     0.8960     0.8373     1.0000     0.9530     0.9705     0.9629     0.8655     0.7404     0.9000     0.9366     0.9685     0.9709     0.9336     0.9028     0.7386     0.8797     0.7798     1.0000     0.9301     1.0000     0.8763     0.8960     0.8373     1.0000     0.9530     0.9340     0.9267     0.8655     0.7404     0.9000     0.9366     0.9685     0.9709     0.9336     0.9028     0.7386     0.8797     0.7798     1.0000     0.9301     1.0000     0.8763     0.8960     0.8373     1.0000     0.9530     0.9340     0.9267     0.8655     0.7404     0.9000     0.9366     0.9685     0.9709     0.9336     0.9028     0.7386     0.8797     0.7798     1.0000     0.9301     1.0000     0.8763     0.8960     0.8373     1.0000     0.9530     0.9632     0.9556     0.8655     0.7404     0.9000     0.9366     0.9685     0.9709     0.9336     0.9028     0.7386     0.8797     0.7798     1.0000     0.9301     1.0000     0.8763     0.8960     0.8373     1.0000     0.9530     0.9449     0.9375     0.8655     0.7404     0.9000     0.9366     0.9685     0.9709     0.9336     0.9028     0.7386     0.8797     0.7798     1.0000     0.9301     1.0000     0.8763     0.8960     0.8373     1.0000     0.9530     0.9486     0.9412     0.8655     0.7404     0.9000     0.9366     0.9685     0.9709     0.9336     0.9028     0.7386     0.8797     0.7798     1.0000     0.9301     1.0000     0.8763     0.8960     0.8373     1.0000     0.9530     0.9486     0.9412     0.8655     0.7404     0.9000     0.9366     0.9685     0.9709     0.9336     0.9028     0.7386     0.8797     0.7798     1.0000     0.9301     1.0000     0.8763     0.8960     0.8373     1.0000     0.9530     0.9595     0.9520     0.8655     0.7404     0.9000     0.9366     0.9685     0.9709     0.9336     0.9028     0.7386     0.8797     0.7798     1.0000     0.9301     1.0000     0.8763     0.8960     0.8373     1.0000     0.9530     0.9522     0.9448     0.8655     0.7404     0.9000     0.9366     0.9685     0.9709     0.9336     0.9028     0.7386     0.8797     0.7798     1.0000     0.9301     1.0000     0.8763     0.8960     0.8373     1.0000     0.9530     1.0000     1.0000     0.8655     0.7404     0.9000     0.9366     0.9685     0.9709     0.9336     0.9028     0.7386     0.8797     0.7798     1.0000     0.9301     1.0000     0.8763     0.8960     0.8373     1.0000     0.9530     0.8937     0.8867     0.8655     0.7404     0.9000     0.9366     0.9685     0.9709     0.9336     0.9028     0.7386     0.8797     0.7798     1.0000     0.9301     1.0000     0.8763     0.8960     0.8373     1.0000     0.9530     0.9132     0.9061     0.8655     0.7404     0.9000     0.9366     0.9685     0.9709     0.9336     0.9028     0.7386     0.9209     0.9209     0.9209     0.9209     0.9209     0.8906     0.8359     0.9209     0.9976     0.8776     0.9336     0.9117     0.9432     0.7571     0.9494     0.9078     0.9383     0.9911     0.9269     0.9209     0.7500
09/30/1932_24:00     0.8797     0.7798     1.0000     0.9301     1.0000     0.8763     0.8960     0.8373     1.0000     0.9530     0.9486     0.9412     0.8655     0.7404     0.9000     0.9366     0.9685     0.9709     0.9336     0.9028     0.7386     0.8797     0.8200     1.0000     0.9301     1.0000     0.8763     0.8960     0.8373     1.0000     0.9530     0.9194     0.9122     0.8655     0.8200     0.9000     0.9366     0.9685     0.9709     0.9336     0.9028     0.8200     0.8797     0.7798     1.0000     0.9301     1.0000     0.8763     0.8960     0.8373     1.0000     0.9530     0.9632     0.9556     0.8655     0.7404     0.9000     0.9366     0.9685     0.9709     0.9336     0.9028     0.7386     0.8797     0.7798     1.0000     0.9301     1.0000     0.8763     0.8960     0.8373     1.0000     0.9530     0.9340     0.9267     0.8655     0.7404     0.9000     0.9366     0.9685     0.9709     0.9336     0.9028     0.7386     0.8797     0.7798     1.0000     0.9301     1.0000     0.8763     0.8960     0.8373     1.0000     0.9530     0.9705     0.9629     0.8655     0.7404     0.9000     0.9366     0.9685     0.9709     0.9336     0.9028     0.7386     0.8797     0.7798     1.0000     0.9301     1.0000     0.8763     0.8960     0.8373     1.0000     0.9530     0.9266     0.9194     0.8655     0.7404     0.9000     0.9366     0.9685     0.9709     0.9336     0.9028     0.7386     0.8797     0.7798     1.0000     0.9301     1.0000     0.8763     0.8960     0.8373     1.0000     0.9530     0.9632     0.9556     0.8655     0.7404     0.9000     0.9366     0.9685     0.9709     0.9336     0.9028     0.7386     0.8797     0.7798     1.0000     0.9301     1.0000     0.8763     0.8960     0.8373     1.0000     0.9530     0.9705     0.9629     0.8655     0.7404     0.9000     0.9366     0.9685     0.9709     0.9336     0.9028     0.7386     0.8797     0.7798     1.0000     0.9301     1.0000     0.8763     0.8960     0.8373     1.0000     0.9530     0.9705     0.9629     0.8655     0.7404     0.9000     0.9366     0.9685     0.9709     0.9336     0.9028     0.7386     0.8797     0.7798     1.0000     0.9301     1.0000     0.8763     0.8960     0.8373     1.0000     0.9530     0.9340     0.9267     0.8655     0.7404     0.9000     0.9366     0.9685     0.9709     0.9336     0.9028     0.7386     0.8797     0.7798     1.0000     0.9301     1.0000     0.8763     0.8960     0.8373     1.0000     0.9530     0.9340     0.9267     0.8655     0.7404     0.9000     0.9366     0.9685     0.9709     0.9336     0.9028     0.7386     0.8797     0.7798     1.0000     0.9301     1.0000     0.8763     0.8960     0.8373     1.0000     0.9530     0.9632     0.9556     0.8655     0.7404     0.9000     0.9366     0.9685     0.9709     0.9336     0.9028     0.7386     0.8797     0.7798     1.0000     0.9301     1.0000     0.8763     0.8960     0.8373     1.0000     0.9530     0.9449     0.9375     0.8655     0.7404     0.9000     0.9366     0.9685     0.9709     0.9336     0.9028     0.7386     0.8797     0.7798     1.0000     0.9301     1.0000     0.8763     0.8960     0.8373     1.0000     0.9530     0.9486     0.9412     0.8655     0.7404     0.9000     0.9366     0.9685     0.9709     0.9336     0.9028     0.7386     0.8797     0.7798     1.0000     0.9301     1.0000     0.8763     0.8960     0.8373     1.0000     0.9530     0.9486     0.9412     0.8655     0.7404     0.9000     0.9366     0.9685     0.9709     0.9336     0.9028     0.7386     0.8797     0.7798     1.0000     0.9301     1.0000     0.8763     0.8960     0.8373     1.0000     0.9530     0.9595     0.9520     0.8655     0.7404     0.9000     0.9366     0.9685     0.9709     0.9336     0.9028     0.7386     0.8797     0.7798     1.0000     0.9301     1.0000     0.8763     0.8960     0.8373     1.0000     0.9530     0.9522     0.9448     0.8655     0.7404     0.9000     0.9366     0.9685     0.9709     0.9336     0.9028     0.7386     0.8797     0.7798     1.0000     0.9301     1.0000     0.8763     0.8960     0.8373     1.0000     0.9530     1.0000     1.0000     0.8655     0.7404     0.9000     0.9366     0.9685     0.9709     0.9336     0.9028     0.7386     0.8797     0.7798     1.0000     0.9301     1.0000     0.8763     0.8960     0.8373     1.0000     0.9530     0.8937     0.8867     0.8655     0.7404     0.9000     0.9366     0.9685     0.9709     0.9336     0.9028     0.7386     0.8797     0.7798     1.0000     0.9301     1.0000     0.8763     0.8960     0.8373     1.0000     0.9530     0.9132     0.9061     0.8655     0.7404     0.9000     0.9366     0.9685     0.9709     0.9336     0.9028     0.7386     0.9209     0.9209     0.9209     0.9209     0.9209     0.8906     0.8359     0.9209     0.9976     0.8776     0.9336     0.9117     0.9432     0.7571     0.9494     0.9078     0.9383     0.9911     0.9269     0.9209     0.7500
09/30/1933_24:00     0.8797     0.7798     1.0000     0.9301     1.0000     0.8763     0.8960     0.8373     1.0000     0.9530     0.9486     0.9412     0.8655     0.7404     0.9000     0.9366     0.9685     0.9709     0.9336     0.9028     0.7386     0.8797     0.8200     1.0000     0.9301     1.0000     0.8763     0.8960     0.8373     1.0000     0.9530     0.9194     0.9122     0.8655     0.8200     0.9000     0.9366     0.9685     0.9709     0.9336     0.9028     0.8200     0.8797     0.7798     1.0000     0.9301     1.0000     0.8763     0.8960     0.8373     1.0000     0.9530     0.9632     0.9556     0.8655     0.7404     0.9000     0.9366     0.9685     0.9709     0.9336     0.9028     0.7386     0.8797     0.7798     1.0000     0.9301     1.0000     0.8763     0.8960     0.8373     1.0000     0.9530     0.9340     0.9267     0.8655     0.7404     0.9000     0.9366     0.9685     0.9709     0.9336     0.9028     0.7386     0.8797     0.7798     1.0000     0.9301     1.0000     0.8763     0.8960     0.8373     1.0000     0.9530     0.9705     0.9629     0.8655     0.7404     0.9000     0.9366     0.9685     0.9709     0.9336     0.9028     0.7386     0.8797     0.7798     1.0000     0.9301     1.0000     0.8763     0.8960     0.8373     1.0000     0.9530     0.9266     0.9194     0.8655     0.7404     0.9000     0.9366     0.9685     0.9709     0.9336     0.9028     0.7386     0.8797     0.7798     1.0000     0.9301     1.0000     0.8763     0.8960     0.8373     1.0000     0.9530     0.9632     0.9556     0.8655     0.7404     0.9000     0.9366     0.9685     0.9709     0.9336     0.9028     0.7386     0.8797     0.7798     1.0000     0.9301     1.0000     0.8763     0.8960     0.8373     1.0000     0.9530     0.9705     0.9629     0.8655     0.7404     0.9000     0.9366     0.9685     0.9709     0.9336     0.9028     0.7386     0.8797     0.7798     1.0000     0.9301     1.0000     0.8763     0.8960     0.8373     1.0000     0.9530     0.9705     0.9629     0.8655     0.7404     0.9000     0.9366     0.9685     0.9709     0.9336     0.9028     0.7386     0.8797     0.7798     1.0000     0.9301     1.0000     0.8763     0.8960     0.8373     1.0000     0.9530     0.9340     0.9267     0.8655     0.7404     0.9000     0.9366     0.9685     0.9709     0.9336     0.9028     0.7386     0.8797     0.7798     1.0000     0.9301     1.0000     0.8763     0.8960     0.8373     1.0000     0.9530     0.9340     0.9267     0.8655     0.7404     0.9000     0.9366     0.9685     0.9709     0.9336     0.9028     0.7386     0.8797     0.7798     1.0000     0.9301     1.0000     0.8763     0.8960     0.8373     1.0000     0.9530     0.9632     0.9556     0.8655     0.7404     0.9000     0.9366     0.9685     0.9709     0.9336     0.9028     0.7386     0.8797     0.7798     1.0000     0.9301     1.0000     0.8763     0.8960     0.8373     1.0000     0.9530     0.9449     0.9375     0.8655     0.7404     0.9000     0.9366     0.9685     0.9709     0.9336     0.9028     0.7386     0.8797     0.7798     1.0000     0.9301     1.0000     0.8763     0.8960     0.8373     1.0000     0.9530     0.9486     0.9412     0.8655     0.7404     0.9000     0.9366     0.9685     0.9709     0.9336     0.9028     0.7386     0.8797     0.7798     1.0000     0.9301     1.0000     0.8763     0.8960     0.8373     1.0000     0.9530     0.9486     0.9412     0.8655     0.7404     0.9000     0.9366     0.9685     0.9709     0.9336     0.9028     0.7386     0.8797     0.7798     1.0000     0.9301     1.0000     0.8763     0.8960     0.8373     1.0000     0.9530     0.9595     0.9520     0.8655     0.7404     0.9000     0.9366     0.9685     0.9709     0.9336     0.9028     0.7386     0.8797     0.7798     1.0000     0.9301     1.0000     0.8763     0.8960     0.8373     1.0000     0.9530     0.9522     0.9448     0.8655     0.7404     0.9000     0.9366     0.9685     0.9709     0.9336     0.9028     0.7386     0.8797     0.7798     1.0000     0.9301     1.0000     0.8763     0.8960     0.8373     1.0000     0.9530     1.0000     1.0000     0.8655     0.7404     0.9000     0.9366     0.9685     0.9709     0.9336     0.9028     0.7386     0.8797     0.7798     1.0000     0.9301     1.0000     0.8763     0.8960     0.8373     1.0000     0.9530     0.8937     0.8867     0.8655     0.7404     0.9000     0.9366     0.9685     0.9709     0.9336     0.9028     0.7386     0.8797     0.7798     1.0000     0.9301     1.0000     0.8763     0.8960     0.8373     1.0000     0.9530     0.9132     0.9061     0.8655     0.7404     0.9000     0.9366     0.9685     0.9709     0.9336     0.9028     0.7386     0.9209     0.9209     0.9209     0.9209     0.9209     0.8906     0.8359     0.9209     0.9976     0.8776     0.9336     0.9117     0.9432     0.7571     0.9494     0.9078     0.9383     0.9911     0.9269     0.9209     0.7500
09/30/1934_24:00     0.8797     0.7798     1.0000     0.9301     1.0000     0.8763     0.8960     0.8373     1.0000     0.9530     0.9486     0.9412     0.8655     0.7404     0.9000     0.9366     0.9685     0.9709     0.9336     0.9028     0.7386     0.8797     0.8200     1.0000     0.9301     1.0000     0.8763     0.8960     0.8373     1.0000     0.9530     0.9194     0.9122     0.8655     0.8200     0.9000     0.9366     0.9685     0.9709     0.9336     0.9028     0.8200     0.8797     0.7798     1.0000     0.9301     1.0000     0.8763     0.8960     0.8373     1.0000     0.9530     0.9632     0.9556     0.8655     0.7404     0.9000     0.9366     0.9685     0.9709     0.9336     0.9028     0.7386     0.8797     0.7798     1.0000     0.9301     1.0000     0.8763     0.8960     0.8373     1.0000     0.9530     0.9340     0.9267     0.8655     0.7404     0.9000     0.9366     0.9685     0.9709     0.9336     0.9028     0.7386     0.8797     0.7798     1.0000     0.9301     1.0000     0.8763     0.8960     0.8373     1.0000     0.9530     0.9705     0.9629     0.8655     0.7404     0.9000     0.9366     0.9685     0.9709     0.9336     0.9028     0.7386     0.8797     0.7798     1.0000     0.9301     1.0000     0.8763     0.8960     0.8373     1.0000     0.9530     0.9266     0.9194     0.8655     0.7404     0.9000     0.9366     0.9685     0.9709     0.9336     0.9028     0.7386     0.8797     0.7798     1.0000     0.9301     1.0000     0.8763     0.8960     0.8373     1.0000     0.9530     0.9632     0.9556     0.8655     0.7404     0.9000     0.9366     0.9685     0.9709     0.9336     0.9028     0.7386     0.8797     0.7798     1.0000     0.9301     1.0000     0.8763     0.8960     0.8373     1.0000     0.9530     0.9705     0.9629     0.8655     0.7404     0.9000     0.9366     0.9685     0.9709     0.9336     0.9028     0.7386     0.8797     0.7798     1.0000     0.9301     1.0000     0.8763     0.8960     0.8373     1.0000     0.9530     0.9705     0.9629     0.8655     0.7404     0.9000     0.9366     0.9685     0.9709     0.9336     0.9028     0.7386     0.8797     0.7798     1.0000     0.9301     1.0000     0.8763     0.8960     0.8373     1.0000     0.9530     0.9340     0.9267     0.8655     0.7404     0.9000     0.9366     0.9685     0.9709     0.9336     0.9028     0.7386     0.8797     0.7798     1.0000     0.9301     1.0000     0.8763     0.8960     0.8373     1.0000     0.9530     0.9340     0.9267     0.8655     0.7404     0.9000     0.9366     0.9685     0.9709     0.9336     0.9028     0.7386     0.8797     0.7798     1.0000     0.9301     1.0000     0.8763     0.8960     0.8373     1.0000     0.9530     0.9632     0.9556     0.8655     0.7404     0.9000     0.9366     0.9685     0.9709     0.9336     0.9028     0.7386     0.8797     0.7798     1.0000     0.9301     1.0000     0.8763     0.8960     0.8373     1.0000     0.9530     0.9449     0.9375     0.8655     0.7404     0.9000     0.9366     0.9685     0.9709     0.9336     0.9028     0.7386     0.8797     0.7798     1.0000     0.9301     1.0000     0.8763     0.8960     0.8373     1.0000     0.9530     0.9486     0.9412     0.8655     0.7404     0.9000     0.9366     0.9685     0.9709     0.9336     0.9028     0.7386     0.8797     0.7798     1.0000     0.9301     1.0000     0.8763     0.8960     0.8373     1.0000     0.9530     0.9486     0.9412     0.8655     0.7404     0.9000     0.9366     0.9685     0.9709     0.9336     0.9028     0.7386     0.8797     0.7798     1.0000     0.9301     1.0000     0.8763     0.8960     0.8373     1.0000     0.9530     0.9595     0.9520     0.8655     0.7404     0.9000     0.9366     0.9685     0.9709     0.9336     0.9028     0.7386     0.8797     0.7798     1.0000     0.9301     1.0000     0.8763     0.8960     0.8373     1.0000     0.9530     0.9522     0.9448     0.8655     0.7404     0.9000     0.9366     0.9685     0.9709     0.9336     0.9028     0.7386     0.8797     0.7798     1.0000     0.9301     1.0000     0.8763     0.8960     0.8373     1.0000     0.9530     1.0000     1.0000     0.8655     0.7404     0.9000     0.9366     0.9685     0.9709     0.9336     0.9028     0.7386     0.8797     0.7798     1.0000     0.9301     1.0000     0.8763     0.8960     0.8373     1.0000     0.9530     0.8937     0.8867     0.8655     0.7404     0.9000     0.9366     0.9685     0.9709     0.9336     0.9028     0.7386     0.8797     0.7798     1.0000     0.9301     1.0000     0.8763     0.8960     0.8373     1.0000     0.9530     0.9132     0.9061     0.8655     0.7404     0.9000     0.9366     0.9685     0.9709     0.9336     0.9028     0.7386     0.9209     0.9209     0.9209     0.9209     0.9209     0.8906     0.8359     0.9209     0.9976     0.8776     0.9336     0.9117     0.9432     0.7571     0.9494     0.9078     0.9383     0.9911     0.9269     0.9209     0.7500
09/30/1935_24:00     0.8797     0.7798     1.0000     0.9301     1.0000     0.8763     0.8960     0.8373     1.0000     0.9530     0.9486     0.9412     0.8655     0.7404     0.9000     0.9366     0.9685     0.9709     0.9336     0.9028     0.7386     0.8797     0.8200     1.0000     0.9301     1.0000     0.8763     0.8960     0.8373     1.0000     0.9530     0.9194     0.9122     0.8655     0.8200     0.9000     0.9366     0.9685     0.9709     0.9336     0.9028     0.8200     0.8797     0.7798     1.0000     0.9301     1.0000     0.8763     0.8960     0.8373     1.0000     0.9530     0.9632     0.9556     0.8655     0.7404     0.9000     0.9366     0.9685     0.9709     0.9336     0.9028     0.7386     0.8797     0.7798     1.0000     0.9301     1.0000     0.8763     0.8960     0.8373     1.0000     0.9530     0.9340     0.9267     0.8655     0.7404     0.9000     0.9366     0.9685     0.9709     0.9336     0.9028     0.7386     0.8797     0.7798     1.0000     0.9301     1.0000     0.8763     0.8960     0.8373     1.0000     0.9530     0.9705     0.9629     0.8655     0.7404     0.9000     0.9366     0.9685     0.9709     0.9336     0.9028     0.7386     0.8797     0.7798     1.0000     0.9301     1.0000     0.8763     0.8960     0.8373     1.0000     0.9530     0.9266     0.9194     0.8655     0.7404     0.9000     0.9366     0.9685     0.9709     0.9336     0.9028     0.7386     0.8797     0.7798     1.0000     0.9301     1.0000     0.8763     0.8960     0.8373     1.0000     0.9530     0.9632     0.9556     0.8655     0.7404     0.9000     0.9366     0.9685     0.9709     0.9336     0.9028     0.7386     0.8797     0.7798     1.0000     0.9301     1.0000     0.8763     0.8960     0.8373     1.0000     0.9530     0.9705     0.9629     0.8655     0.7404     0.9000     0.9366     0.9685     0.9709     0.9336     0.9028     0.7386     0.8797     0.7798     1.0000     0.9301     1.0000     0.8763     0.8960     0.8373     1.0000     0.9530     0.9705     0.9629     0.8655     0.7404     0.9000     0.9366     0.9685     0.9709     0.9336     0.9028     0.7386     0.8797     0.7798     1.0000     0.9301     1.0000     0.8763     0.8960     0.8373     1.0000     0.9530     0.9340     0.9267     0.8655     0.7404     0.9000     0.9366     0.9685     0.9709     0.9336     0.9028     0.7386     0.8797     0.7798     1.0000     0.9301     1.0000     0.8763     0.8960     0.8373     1.0000     0.9530     0.9340     0.9267     0.8655     0.7404     0.9000     0.9366     0.9685     0.9709     0.9336     0.9028     0.7386     0.8797     0.7798     1.0000     0.9301     1.0000     0.8763     0.8960     0.8373     1.0000     0.9530     0.9632     0.9556     0.8655     0.7404     0.9000     0.9366     0.9685     0.9709     0.9336     0.9028     0.7386     0.8797     0.7798     1.0000     0.9301     1.0000     0.8763     0.8960     0.8373     1.0000     0.9530     0.9449     0.9375     0.8655     0.7404     0.9000     0.9366     0.9685     0.9709     0.9336     0.9028     0.7386     0.8797     0.7798     1.0000     0.9301     1.0000     0.8763     0.8960     0.8373     1.0000     0.9530     0.9486     0.9412     0.8655     0.7404     0.9000     0.9366     0.9685     0.9709     0.9336     0.9028     0.7386     0.8797     0.7798     1.0000     0.9301     1.0000     0.8763     0.8960     0.8373     1.0000     0.9530     0.9486     0.9412     0.8655     0.7404     0.9000     0.9366     0.9685     0.9709     0.9336     0.9028     0.7386     0.8797     0.7798     1.0000     0.9301     1.0000     0.8763     0.8960     0.8373     1.0000     0.9530     0.9595     0.9520     0.8655     0.7404     0.9000     0.9366     0.9685     0.9709     0.9336     0.9028     0.7386     0.8797     0.7798     1.0000     0.9301     1.0000     0.8763     0.8960     0.8373     1.0000     0.9530     0.9522     0.9448     0.8655     0.7404     0.9000     0.9366     0.9685     0.9709     0.9336     0.9028     0.7386     0.8797     0.7798     1.0000     0.9301     1.0000     0.8763     0.8960     0.8373     1.0000     0.9530     1.0000     1.0000     0.8655     0.7404     0.9000     0.9366     0.9685     0.9709     0.9336     0.9028     0.7386     0.8797     0.7798     1.0000     0.9301     1.0000     0.8763     0.8960     0.8373     1.0000     0.9530     0.8937     0.8867     0.8655     0.7404     0.9000     0.9366     0.9685     0.9709     0.9336     0.9028     0.7386     0.8797     0.7798     1.0000     0.9301     1.0000     0.8763     0.8960     0.8373     1.0000     0.9530     0.9132     0.9061     0.8655     0.7404     0.9000     0.9366     0.9685     0.9709     0.9336     0.9028     0.7386     0.9209     0.9209     0.9209     0.9209     0.9209     0.8906     0.8359     0.9209     0.9976     0.8776     0.9336     0.9117     0.9432     0.7571     0.9494     0.9078     0.9383     0.9911     0.9269     0.9209     0.7500
09/30/1936_24:00     0.8797     0.7798     1.0000     0.9301     1.0000     0.8763     0.8960     0.8373     1.0000     0.9530     0.9486     0.9412     0.8655     0.7404     0.9000     0.9366     0.9685     0.9709     0.9336     0.9028     0.7386     0.8797     0.8200     1.0000     0.9301     1.0000     0.8763     0.8960     0.8373     1.0000     0.9530     0.9194     0.9122     0.8655     0.8200     0.9000     0.9366     0.9685     0.9709     0.9336     0.9028     0.8200     0.8797     0.7798     1.0000     0.9301     1.0000     0.8763     0.8960     0.8373     1.0000     0.9530     0.9632     0.9556     0.8655     0.7404     0.9000     0.9366     0.9685     0.9709     0.9336     0.9028     0.7386     0.8797     0.7798     1.0000     0.9301     1.0000     0.8763     0.8960     0.8373     1.0000     0.9530     0.9340     0.9267     0.8655     0.7404     0.9000     0.9366     0.9685     0.9709     0.9336     0.9028     0.7386     0.8797     0.7798     1.0000     0.9301     1.0000     0.8763     0.8960     0.8373     1.0000     0.9530     0.9705     0.9629     0.8655     0.7404     0.9000     0.9366     0.9685     0.9709     0.9336     0.9028     0.7386     0.8797     0.7798     1.0000     0.9301     1.0000     0.8763     0.8960     0.8373     1.0000     0.9530     0.9266     0.9194     0.8655     0.7404     0.9000     0.9366     0.9685     0.9709     0.9336     0.9028     0.7386     0.8797     0.7798     1.0000     0.9301     1.0000     0.8763     0.8960     0.8373     1.0000     0.9530     0.9632     0.9556     0.8655     0.7404     0.9000     0.9366     0.9685     0.9709     0.9336     0.9028     0.7386     0.8797     0.7798     1.0000     0.9301     1.0000     0.8763     0.8960     0.8373     1.0000     0.9530     0.9705     0.9629     0.8655     0.7404     0.9000     0.9366     0.9685     0.9709     0.9336     0.9028     0.7386     0.8797     0.7798     1.0000     0.9301     1.0000     0.8763     0.8960     0.8373     1.0000     0.9530     0.9705     0.9629     0.8655     0.7404     0.9000     0.9366     0.9685     0.9709     0.9336     0.9028     0.7386     0.8797     0.7798     1.0000     0.9301     1.0000     0.8763     0.8960     0.8373     1.0000     0.9530     0.9340     0.9267     0.8655     0.7404     0.9000     0.9366     0.9685     0.9709     0.9336     0.9028     0.7386     0.8797     0.7798     1.0000     0.9301     1.0000     0.8763     0.8960     0.8373     1.0000     0.9530     0.9340     0.9267     0.8655     0.7404     0.9000     0.9366     0.9685     0.9709     0.9336     0.9028     0.7386     0.8797     0.7798     1.0000     0.9301     1.0000     0.8763     0.8960     0.8373     1.0000     0.9530     0.9632     0.9556     0.8655     0.7404     0.9000     0.9366     0.9685     0.9709     0.9336     0.9028     0.7386     0.8797     0.7798     1.0000     0.9301     1.0000     0.8763     0.8960     0.8373     1.0000     0.9530     0.9449     0.9375     0.8655     0.7404     0.9000     0.9366     0.9685     0.9709     0.9336     0.9028     0.7386     0.8797     0.7798     1.0000     0.9301     1.0000     0.8763     0.8960     0.8373     1.0000     0.9530     0.9486     0.9412     0.8655     0.7404     0.9000     0.9366     0.9685     0.9709     0.9336     0.9028     0.7386     0.8797     0.7798     1.0000     0.9301     1.0000     0.8763     0.8960     0.8373     1.0000     0.9530     0.9486     0.9412     0.8655     0.7404     0.9000     0.9366     0.9685     0.9709     0.9336     0.9028     0.7386     0.8797     0.7798     1.0000     0.9301     1.0000     0.8763     0.8960     0.8373     1.0000     0.9530     0.9595     0.9520     0.8655     0.7404     0.9000     0.9366     0.9685     0.9709     0.9336     0.9028     0.7386     0.8797     0.7798     1.0000     0.9301     1.0000     0.8763     0.8960     0.8373     1.0000     0.9530     0.9522     0.9448     0.8655     0.7404     0.9000     0.9366     0.9685     0.9709     0.9336     0.9028     0.7386     0.8797     0.7798     1.0000     0.9301     1.0000     0.8763     0.8960     0.8373     1.0000     0.9530     1.0000     1.0000     0.8655     0.7404     0.9000     0.9366     0.9685     0.9709     0.9336     0.9028     0.7386     0.8797     0.7798     1.0000     0.9301     1.0000     0.8763     0.8960     0.8373     1.0000     0.9530     0.8937     0.8867     0.8655     0.7404     0.9000     0.9366     0.9685     0.9709     0.9336     0.9028     0.7386     0.8797     0.7798     1.0000     0.9301     1.0000     0.8763     0.8960     0.8373     1.0000     0.9530     0.9132     0.9061     0.8655     0.7404     0.9000     0.9366     0.9685     0.9709     0.9336     0.9028     0.7386     0.9209     0.9209     0.9209     0.9209     0.9209     0.8906     0.8359     0.9209     0.9976     0.8776     0.9336     0.9117     0.9432     0.7571     0.9494     0.9078     0.9383     0.9911     0.9269     0.9209     0.7500
09/30/1937_24:00     0.8797     0.7798     1.0000     0.9301     1.0000     0.8763     0.8960     0.8373     1.0000     0.9530     0.9486     0.9412     0.8655     0.7404     0.9000     0.9366     0.9685     0.9709     0.9336     0.9028     0.7386     0.8797     0.8200     1.0000     0.9301     1.0000     0.8763     0.8960     0.8373     1.0000     0.9530     0.9194     0.9122     0.8655     0.8200     0.9000     0.9366     0.9685     0.9709     0.9336     0.9028     0.8200     0.8797     0.7798     1.0000     0.9301     1.0000     0.8763     0.8960     0.8373     1.0000     0.9530     0.9632     0.9556     0.8655     0.7404     0.9000     0.9366     0.9685     0.9709     0.9336     0.9028     0.7386     0.8797     0.7798     1.0000     0.9301     1.0000     0.8763     0.8960     0.8373     1.0000     0.9530     0.9340     0.9267     0.8655     0.7404     0.9000     0.9366     0.9685     0.9709     0.9336     0.9028     0.7386     0.8797     0.7798     1.0000     0.9301     1.0000     0.8763     0.8960     0.8373     1.0000     0.9530     0.9705     0.9629     0.8655     0.7404     0.9000     0.9366     0.9685     0.9709     0.9336     0.9028     0.7386     0.8797     0.7798     1.0000     0.9301     1.0000     0.8763     0.8960     0.8373     1.0000     0.9530     0.9266     0.9194     0.8655     0.7404     0.9000     0.9366     0.9685     0.9709     0.9336     0.9028     0.7386     0.8797     0.7798     1.0000     0.9301     1.0000     0.8763     0.8960     0.8373     1.0000     0.9530     0.9632     0.9556     0.8655     0.7404     0.9000     0.9366     0.9685     0.9709     0.9336     0.9028     0.7386     0.8797     0.7798     1.0000     0.9301     1.0000     0.8763     0.8960     0.8373     1.0000     0.9530     0.9705     0.9629     0.8655     0.7404     0.9000     0.9366     0.9685     0.9709     0.9336     0.9028     0.7386     0.8797     0.7798     1.0000     0.9301     1.0000     0.8763     0.8960     0.8373     1.0000     0.9530     0.9705     0.9629     0.8655     0.7404     0.9000     0.9366     0.9685     0.9709     0.9336     0.9028     0.7386     0.8797     0.7798     1.0000     0.9301     1.0000     0.8763     0.8960     0.8373     1.0000     0.9530     0.9340     0.9267     0.8655     0.7404     0.9000     0.9366     0.9685     0.9709     0.9336     0.9028     0.7386     0.8797     0.7798     1.0000     0.9301     1.0000     0.8763     0.8960     0.8373     1.0000     0.9530     0.9340     0.9267     0.8655     0.7404     0.9000     0.9366     0.9685     0.9709     0.9336     0.9028     0.7386     0.8797     0.7798     1.0000     0.9301     1.0000     0.8763     0.8960     0.8373     1.0000     0.9530     0.9632     0.9556     0.8655     0.7404     0.9000     0.9366     0.9685     0.9709     0.9336     0.9028     0.7386     0.8797     0.7798     1.0000     0.9301     1.0000     0.8763     0.8960     0.8373     1.0000     0.9530     0.9449     0.9375     0.8655     0.7404     0.9000     0.9366     0.9685     0.9709     0.9336     0.9028     0.7386     0.8797     0.7798     1.0000     0.9301     1.0000     0.8763     0.8960     0.8373     1.0000     0.9530     0.9486     0.9412     0.8655     0.7404     0.9000     0.9366     0.9685     0.9709     0.9336     0.9028     0.7386     0.8797     0.7798     1.0000     0.9301     1.0000     0.8763     0.8960     0.8373     1.0000     0.9530     0.9486     0.9412     0.8655     0.7404     0.9000     0.9366     0.9685     0.9709     0.9336     0.9028     0.7386     0.8797     0.7798     1.0000     0.9301     1.0000     0.8763     0.8960     0.8373     1.0000     0.9530     0.9595     0.9520     0.8655     0.7404     0.9000     0.9366     0.9685     0.9709     0.9336     0.9028     0.7386     0.8797     0.7798     1.0000     0.9301     1.0000     0.8763     0.8960     0.8373     1.0000     0.9530     0.9522     0.9448     0.8655     0.7404     0.9000     0.9366     0.9685     0.9709     0.9336     0.9028     0.7386     0.8797     0.7798     1.0000     0.9301     1.0000     0.8763     0.8960     0.8373     1.0000     0.9530     1.0000     1.0000     0.8655     0.7404     0.9000     0.9366     0.9685     0.9709     0.9336     0.9028     0.7386     0.8797     0.7798     1.0000     0.9301     1.0000     0.8763     0.8960     0.8373     1.0000     0.9530     0.8937     0.8867     0.8655     0.7404     0.9000     0.9366     0.9685     0.9709     0.9336     0.9028     0.7386     0.8797     0.7798     1.0000     0.9301     1.0000     0.8763     0.8960     0.8373     1.0000     0.9530     0.9132     0.9061     0.8655     0.7404     0.9000     0.9366     0.9685     0.9709     0.9336     0.9028     0.7386     0.9209     0.9209     0.9209     0.9209     0.9209     0.8906     0.8359     0.9209     0.9976     0.8776     0.9336     0.9117     0.9432     0.7571     0.9494     0.9078     0.9383     0.9911     0.9269     0.9209     0.7500
09/30/1938_24:00     0.8797     0.7798     1.0000     0.9301     1.0000     0.8763     0.8960     0.8373     1.0000     0.9530     0.9486     0.9412     0.8655     0.7404     0.9000     0.9366     0.9685     0.9709     0.9336     0.9028     0.7386     0.8797     0.8200     1.0000     0.9301     1.0000     0.8763     0.8960     0.8373     1.0000     0.9530     0.9194     0.9122     0.8655     0.8200     0.9000     0.9366     0.9685     0.9709     0.9336     0.9028     0.8200     0.8797     0.7798     1.0000     0.9301     1.0000     0.8763     0.8960     0.8373     1.0000     0.9530     0.9632     0.9556     0.8655     0.7404     0.9000     0.9366     0.9685     0.9709     0.9336     0.9028     0.7386     0.8797     0.7798     1.0000     0.9301     1.0000     0.8763     0.8960     0.8373     1.0000     0.9530     0.9340     0.9267     0.8655     0.7404     0.9000     0.9366     0.9685     0.9709     0.9336     0.9028     0.7386     0.8797     0.7798     1.0000     0.9301     1.0000     0.8763     0.8960     0.8373     1.0000     0.9530     0.9705     0.9629     0.8655     0.7404     0.9000     0.9366     0.9685     0.9709     0.9336     0.9028     0.7386     0.8797     0.7798     1.0000     0.9301     1.0000     0.8763     0.8960     0.8373     1.0000     0.9530     0.9266     0.9194     0.8655     0.7404     0.9000     0.9366     0.9685     0.9709     0.9336     0.9028     0.7386     0.8797     0.7798     1.0000     0.9301     1.0000     0.8763     0.8960     0.8373     1.0000     0.9530     0.9632     0.9556     0.8655     0.7404     0.9000     0.9366     0.9685     0.9709     0.9336     0.9028     0.7386     0.8797     0.7798     1.0000     0.9301     1.0000     0.8763     0.8960     0.8373     1.0000     0.9530     0.9705     0.9629     0.8655     0.7404     0.9000     0.9366     0.9685     0.9709     0.9336     0.9028     0.7386     0.8797     0.7798     1.0000     0.9301     1.0000     0.8763     0.8960     0.8373     1.0000     0.9530     0.9705     0.9629     0.8655     0.7404     0.9000     0.9366     0.9685     0.9709     0.9336     0.9028     0.7386     0.8797     0.7798     1.0000     0.9301     1.0000     0.8763     0.8960     0.8373     1.0000     0.9530     0.9340     0.9267     0.8655     0.7404     0.9000     0.9366     0.9685     0.9709     0.9336     0.9028     0.7386     0.8797     0.7798     1.0000     0.9301     1.0000     0.8763     0.8960     0.8373     1.0000     0.9530     0.9340     0.9267     0.8655     0.7404     0.9000     0.9366     0.9685     0.9709     0.9336     0.9028     0.7386     0.8797     0.7798     1.0000     0.9301     1.0000     0.8763     0.8960     0.8373     1.0000     0.9530     0.9632     0.9556     0.8655     0.7404     0.9000     0.9366     0.9685     0.9709     0.9336     0.9028     0.7386     0.8797     0.7798     1.0000     0.9301     1.0000     0.8763     0.8960     0.8373     1.0000     0.9530     0.9449     0.9375     0.8655     0.7404     0.9000     0.9366     0.9685     0.9709     0.9336     0.9028     0.7386     0.8797     0.7798     1.0000     0.9301     1.0000     0.8763     0.8960     0.8373     1.0000     0.9530     0.9486     0.9412     0.8655     0.7404     0.9000     0.9366     0.9685     0.9709     0.9336     0.9028     0.7386     0.8797     0.7798     1.0000     0.9301     1.0000     0.8763     0.8960     0.8373     1.0000     0.9530     0.9486     0.9412     0.8655     0.7404     0.9000     0.9366     0.9685     0.9709     0.9336     0.9028     0.7386     0.8797     0.7798     1.0000     0.9301     1.0000     0.8763     0.8960     0.8373     1.0000     0.9530     0.9595     0.9520     0.8655     0.7404     0.9000     0.9366     0.9685     0.9709     0.9336     0.9028     0.7386     0.8797     0.7798     1.0000     0.9301     1.0000     0.8763     0.8960     0.8373     1.0000     0.9530     0.9522     0.9448     0.8655     0.7404     0.9000     0.9366     0.9685     0.9709     0.9336     0.9028     0.7386     0.8797     0.7798     1.0000     0.9301     1.0000     0.8763     0.8960     0.8373     1.0000     0.9530     1.0000     1.0000     0.8655     0.7404     0.9000     0.9366     0.9685     0.9709     0.9336     0.9028     0.7386     0.8797     0.7798     1.0000     0.9301     1.0000     0.8763     0.8960     0.8373     1.0000     0.9530     0.8937     0.8867     0.8655     0.7404     0.9000     0.9366     0.9685     0.9709     0.9336     0.9028     0.7386     0.8797     0.7798     1.0000     0.9301     1.0000     0.8763     0.8960     0.8373     1.0000     0.9530     0.9132     0.9061     0.8655     0.7404     0.9000     0.9366     0.9685     0.9709     0.9336     0.9028     0.7386     0.9209     0.9209     0.9209     0.9209     0.9209     0.8906     0.8359     0.9209     0.9976     0.8776     0.9336     0.9117     0.9432     0.7571     0.9494     0.9078     0.9383     0.9911     0.9269     0.9209     0.7500
09/30/1939_24:00     0.8797     0.7798     1.0000     0.9301     1.0000     0.8763     0.8960     0.8373     1.0000     0.9530     0.9486     0.9412     0.8655     0.7404     0.9000     0.9366     0.9685     0.9709     0.9336     0.9028     0.7386     0.8797     0.8200     1.0000     0.9301     1.0000     0.8763     0.8960     0.8373     1.0000     0.9530     0.9194     0.9122     0.8655     0.8200     0.9000     0.9366     0.9685     0.9709     0.9336     0.9028     0.8200     0.8797     0.7798     1.0000     0.9301     1.0000     0.8763     0.8960     0.8373     1.0000     0.9530     0.9632     0.9556     0.8655     0.7404     0.9000     0.9366     0.9685     0.9709     0.9336     0.9028     0.7386     0.8797     0.7798     1.0000     0.9301     1.0000     0.8763     0.8960     0.8373     1.0000     0.9530     0.9340     0.9267     0.8655     0.7404     0.9000     0.9366     0.9685     0.9709     0.9336     0.9028     0.7386     0.8797     0.7798     1.0000     0.9301     1.0000     0.8763     0.8960     0.8373     1.0000     0.9530     0.9705     0.9629     0.8655     0.7404     0.9000     0.9366     0.9685     0.9709     0.9336     0.9028     0.7386     0.8797     0.7798     1.0000     0.9301     1.0000     0.8763     0.8960     0.8373     1.0000     0.9530     0.9266     0.9194     0.8655     0.7404     0.9000     0.9366     0.9685     0.9709     0.9336     0.9028     0.7386     0.8797     0.7798     1.0000     0.9301     1.0000     0.8763     0.8960     0.8373     1.0000     0.9530     0.9632     0.9556     0.8655     0.7404     0.9000     0.9366     0.9685     0.9709     0.9336     0.9028     0.7386     0.8797     0.7798     1.0000     0.9301     1.0000     0.8763     0.8960     0.8373     1.0000     0.9530     0.9705     0.9629     0.8655     0.7404     0.9000     0.9366     0.9685     0.9709     0.9336     0.9028     0.7386     0.8797     0.7798     1.0000     0.9301     1.0000     0.8763     0.8960     0.8373     1.0000     0.9530     0.9705     0.9629     0.8655     0.7404     0.9000     0.9366     0.9685     0.9709     0.9336     0.9028     0.7386     0.8797     0.7798     1.0000     0.9301     1.0000     0.8763     0.8960     0.8373     1.0000     0.9530     0.9340     0.9267     0.8655     0.7404     0.9000     0.9366     0.9685     0.9709     0.9336     0.9028     0.7386     0.8797     0.7798     1.0000     0.9301     1.0000     0.8763     0.8960     0.8373     1.0000     0.9530     0.9340     0.9267     0.8655     0.7404     0.9000     0.9366     0.9685     0.9709     0.9336     0.9028     0.7386     0.8797     0.7798     1.0000     0.9301     1.0000     0.8763     0.8960     0.8373     1.0000     0.9530     0.9632     0.9556     0.8655     0.7404     0.9000     0.9366     0.9685     0.9709     0.9336     0.9028     0.7386     0.8797     0.7798     1.0000     0.9301     1.0000     0.8763     0.8960     0.8373     1.0000     0.9530     0.9449     0.9375     0.8655     0.7404     0.9000     0.9366     0.9685     0.9709     0.9336     0.9028     0.7386     0.8797     0.7798     1.0000     0.9301     1.0000     0.8763     0.8960     0.8373     1.0000     0.9530     0.9486     0.9412     0.8655     0.7404     0.9000     0.9366     0.9685     0.9709     0.9336     0.9028     0.7386     0.8797     0.7798     1.0000     0.9301     1.0000     0.8763     0.8960     0.8373     1.0000     0.9530     0.9486     0.9412     0.8655     0.7404     0.9000     0.9366     0.9685     0.9709     0.9336     0.9028     0.7386     0.8797     0.7798     1.0000     0.9301     1.0000     0.8763     0.8960     0.8373     1.0000     0.9530     0.9595     0.9520     0.8655     0.7404     0.9000     0.9366     0.9685     0.9709     0.9336     0.9028     0.7386     0.8797     0.7798     1.0000     0.9301     1.0000     0.8763     0.8960     0.8373     1.0000     0.9530     0.9522     0.9448     0.8655     0.7404     0.9000     0.9366     0.9685     0.9709     0.9336     0.9028     0.7386     0.8797     0.7798     1.0000     0.9301     1.0000     0.8763     0.8960     0.8373     1.0000     0.9530     1.0000     1.0000     0.8655     0.7404     0.9000     0.9366     0.9685     0.9709     0.9336     0.9028     0.7386     0.8797     0.7798     1.0000     0.9301     1.0000     0.8763     0.8960     0.8373     1.0000     0.9530     0.8937     0.8867     0.8655     0.7404     0.9000     0.9366     0.9685     0.9709     0.9336     0.9028     0.7386     0.8797     0.7798     1.0000     0.9301     1.0000     0.8763     0.8960     0.8373     1.0000     0.9530     0.9132     0.9061     0.8655     0.7404     0.9000     0.9366     0.9685     0.9709     0.9336     0.9028     0.7386     0.9209     0.9209     0.9209     0.9209     0.9209     0.8906     0.8359     0.9209     0.9976     0.8776     0.9336     0.9117     0.9432     0.7571     0.9494     0.9078     0.9383     0.9911     0.9269     0.9209     0.7500
09/30/1940_24:00     0.8797     0.7798     1.0000     0.9301     1.0000     0.8763     0.8960     0.8373     1.0000     0.9530     0.9486     0.9412     0.8655     0.7404     0.9000     0.9366     0.9685     0.9709     0.9336     0.9028     0.7386     0.8797     0.8200     1.0000     0.9301     1.0000     0.8763     0.8960     0.8373     1.0000     0.9530     0.9194     0.9122     0.8655     0.8200     0.9000     0.9366     0.9685     0.9709     0.9336     0.9028     0.8200     0.8797     0.7798     1.0000     0.9301     1.0000     0.8763     0.8960     0.8373     1.0000     0.9530     0.9632     0.9556     0.8655     0.7404     0.9000     0.9366     0.9685     0.9709     0.9336     0.9028     0.7386     0.8797     0.7798     1.0000     0.9301     1.0000     0.8763     0.8960     0.8373     1.0000     0.9530     0.9340     0.9267     0.8655     0.7404     0.9000     0.9366     0.9685     0.9709     0.9336     0.9028     0.7386     0.8797     0.7798     1.0000     0.9301     1.0000     0.8763     0.8960     0.8373     1.0000     0.9530     0.9705     0.9629     0.8655     0.7404     0.9000     0.9366     0.9685     0.9709     0.9336     0.9028     0.7386     0.8797     0.7798     1.0000     0.9301     1.0000     0.8763     0.8960     0.8373     1.0000     0.9530     0.9266     0.9194     0.8655     0.7404     0.9000     0.9366     0.9685     0.9709     0.9336     0.9028     0.7386     0.8797     0.7798     1.0000     0.9301     1.0000     0.8763     0.8960     0.8373     1.0000     0.9530     0.9632     0.9556     0.8655     0.7404     0.9000     0.9366     0.9685     0.9709     0.9336     0.9028     0.7386     0.8797     0.7798     1.0000     0.9301     1.0000     0.8763     0.8960     0.8373     1.0000     0.9530     0.9705     0.9629     0.8655     0.7404     0.9000     0.9366     0.9685     0.9709     0.9336     0.9028     0.7386     0.8797     0.7798     1.0000     0.9301     1.0000     0.8763     0.8960     0.8373     1.0000     0.9530     0.9705     0.9629     0.8655     0.7404     0.9000     0.9366     0.9685     0.9709     0.9336     0.9028     0.7386     0.8797     0.7798     1.0000     0.9301     1.0000     0.8763     0.8960     0.8373     1.0000     0.9530     0.9340     0.9267     0.8655     0.7404     0.9000     0.9366     0.9685     0.9709     0.9336     0.9028     0.7386     0.8797     0.7798     1.0000     0.9301     1.0000     0.8763     0.8960     0.8373     1.0000     0.9530     0.9340     0.9267     0.8655     0.7404     0.9000     0.9366     0.9685     0.9709     0.9336     0.9028     0.7386     0.8797     0.7798     1.0000     0.9301     1.0000     0.8763     0.8960     0.8373     1.0000     0.9530     0.9632     0.9556     0.8655     0.7404     0.9000     0.9366     0.9685     0.9709     0.9336     0.9028     0.7386     0.8797     0.7798     1.0000     0.9301     1.0000     0.8763     0.8960     0.8373     1.0000     0.9530     0.9449     0.9375     0.8655     0.7404     0.9000     0.9366     0.9685     0.9709     0.9336     0.9028     0.7386     0.8797     0.7798     1.0000     0.9301     1.0000     0.8763     0.8960     0.8373     1.0000     0.9530     0.9486     0.9412     0.8655     0.7404     0.9000     0.9366     0.9685     0.9709     0.9336     0.9028     0.7386     0.8797     0.7798     1.0000     0.9301     1.0000     0.8763     0.8960     0.8373     1.0000     0.9530     0.9486     0.9412     0.8655     0.7404     0.9000     0.9366     0.9685     0.9709     0.9336     0.9028     0.7386     0.8797     0.7798     1.0000     0.9301     1.0000     0.8763     0.8960     0.8373     1.0000     0.9530     0.9595     0.9520     0.8655     0.7404     0.9000     0.9366     0.9685     0.9709     0.9336     0.9028     0.7386     0.8797     0.7798     1.0000     0.9301     1.0000     0.8763     0.8960     0.8373     1.0000     0.9530     0.9522     0.9448     0.8655     0.7404     0.9000     0.9366     0.9685     0.9709     0.9336     0.9028     0.7386     0.8797     0.7798     1.0000     0.9301     1.0000     0.8763     0.8960     0.8373     1.0000     0.9530     1.0000     1.0000     0.8655     0.7404     0.9000     0.9366     0.9685     0.9709     0.9336     0.9028     0.7386     0.8797     0.7798     1.0000     0.9301     1.0000     0.8763     0.8960     0.8373     1.0000     0.9530     0.8937     0.8867     0.8655     0.7404     0.9000     0.9366     0.9685     0.9709     0.9336     0.9028     0.7386     0.8797     0.7798     1.0000     0.9301     1.0000     0.8763     0.8960     0.8373     1.0000     0.9530     0.9132     0.9061     0.8655     0.7404     0.9000     0.9366     0.9685     0.9709     0.9336     0.9028     0.7386     0.9209     0.9209     0.9209     0.9209     0.9209     0.8906     0.8359     0.9209     0.9976     0.8776     0.9336     0.9117     0.9432     0.7571     0.9494     0.9078     0.9383     0.9911     0.9269     0.9209     0.7500
09/30/1941_24:00     0.8797     0.7798     1.0000     0.9301     1.0000     0.8763     0.8960     0.8373     1.0000     0.9530     0.9486     0.9412     0.8655     0.7404     0.9000     0.9366     0.9685     0.9709     0.9336     0.9028     0.7386     0.8797     0.8200     1.0000     0.9301     1.0000     0.8763     0.8960     0.8373     1.0000     0.9530     0.9194     0.9122     0.8655     0.8200     0.9000     0.9366     0.9685     0.9709     0.9336     0.9028     0.8200     0.8797     0.7798     1.0000     0.9301     1.0000     0.8763     0.8960     0.8373     1.0000     0.9530     0.9632     0.9556     0.8655     0.7404     0.9000     0.9366     0.9685     0.9709     0.9336     0.9028     0.7386     0.8797     0.7798     1.0000     0.9301     1.0000     0.8763     0.8960     0.8373     1.0000     0.9530     0.9340     0.9267     0.8655     0.7404     0.9000     0.9366     0.9685     0.9709     0.9336     0.9028     0.7386     0.8797     0.7798     1.0000     0.9301     1.0000     0.8763     0.8960     0.8373     1.0000     0.9530     0.9705     0.9629     0.8655     0.7404     0.9000     0.9366     0.9685     0.9709     0.9336     0.9028     0.7386     0.8797     0.7798     1.0000     0.9301     1.0000     0.8763     0.8960     0.8373     1.0000     0.9530     0.9266     0.9194     0.8655     0.7404     0.9000     0.9366     0.9685     0.9709     0.9336     0.9028     0.7386     0.8797     0.7798     1.0000     0.9301     1.0000     0.8763     0.8960     0.8373     1.0000     0.9530     0.9632     0.9556     0.8655     0.7404     0.9000     0.9366     0.9685     0.9709     0.9336     0.9028     0.7386     0.8797     0.7798     1.0000     0.9301     1.0000     0.8763     0.8960     0.8373     1.0000     0.9530     0.9705     0.9629     0.8655     0.7404     0.9000     0.9366     0.9685     0.9709     0.9336     0.9028     0.7386     0.8797     0.7798     1.0000     0.9301     1.0000     0.8763     0.8960     0.8373     1.0000     0.9530     0.9705     0.9629     0.8655     0.7404     0.9000     0.9366     0.9685     0.9709     0.9336     0.9028     0.7386     0.8797     0.7798     1.0000     0.9301     1.0000     0.8763     0.8960     0.8373     1.0000     0.9530     0.9340     0.9267     0.8655     0.7404     0.9000     0.9366     0.9685     0.9709     0.9336     0.9028     0.7386     0.8797     0.7798     1.0000     0.9301     1.0000     0.8763     0.8960     0.8373     1.0000     0.9530     0.9340     0.9267     0.8655     0.7404     0.9000     0.9366     0.9685     0.9709     0.9336     0.9028     0.7386     0.8797     0.7798     1.0000     0.9301     1.0000     0.8763     0.8960     0.8373     1.0000     0.9530     0.9632     0.9556     0.8655     0.7404     0.9000     0.9366     0.9685     0.9709     0.9336     0.9028     0.7386     0.8797     0.7798     1.0000     0.9301     1.0000     0.8763     0.8960     0.8373     1.0000     0.9530     0.9449     0.9375     0.8655     0.7404     0.9000     0.9366     0.9685     0.9709     0.9336     0.9028     0.7386     0.8797     0.7798     1.0000     0.9301     1.0000     0.8763     0.8960     0.8373     1.0000     0.9530     0.9486     0.9412     0.8655     0.7404     0.9000     0.9366     0.9685     0.9709     0.9336     0.9028     0.7386     0.8797     0.7798     1.0000     0.9301     1.0000     0.8763     0.8960     0.8373     1.0000     0.9530     0.9486     0.9412     0.8655     0.7404     0.9000     0.9366     0.9685     0.9709     0.9336     0.9028     0.7386     0.8797     0.7798     1.0000     0.9301     1.0000     0.8763     0.8960     0.8373     1.0000     0.9530     0.9595     0.9520     0.8655     0.7404     0.9000     0.9366     0.9685     0.9709     0.9336     0.9028     0.7386     0.8797     0.7798     1.0000     0.9301     1.0000     0.8763     0.8960     0.8373     1.0000     0.9530     0.9522     0.9448     0.8655     0.7404     0.9000     0.9366     0.9685     0.9709     0.9336     0.9028     0.7386     0.8797     0.7798     1.0000     0.9301     1.0000     0.8763     0.8960     0.8373     1.0000     0.9530     1.0000     1.0000     0.8655     0.7404     0.9000     0.9366     0.9685     0.9709     0.9336     0.9028     0.7386     0.8797     0.7798     1.0000     0.9301     1.0000     0.8763     0.8960     0.8373     1.0000     0.9530     0.8937     0.8867     0.8655     0.7404     0.9000     0.9366     0.9685     0.9709     0.9336     0.9028     0.7386     0.8797     0.7798     1.0000     0.9301     1.0000     0.8763     0.8960     0.8373     1.0000     0.9530     0.9132     0.9061     0.8655     0.7404     0.9000     0.9366     0.9685     0.9709     0.9336     0.9028     0.7386     0.9209     0.9209     0.9209     0.9209     0.9209     0.8906     0.8359     0.9209     0.9976     0.8776     0.9336     0.9117     0.9432     0.7571     0.9494     0.9078     0.9383     0.9911     0.9269     0.9209     0.7500
09/30/1942_24:00     0.8797     0.7798     1.0000     0.9301     1.0000     0.8763     0.8960     0.8373     1.0000     0.9530     0.9486     0.9412     0.8655     0.7404     0.9000     0.9366     0.9685     0.9709     0.9336     0.9028     0.7386     0.8797     0.8200     1.0000     0.9301     1.0000     0.8763     0.8960     0.8373     1.0000     0.9530     0.9194     0.9122     0.8655     0.8200     0.9000     0.9366     0.9685     0.9709     0.9336     0.9028     0.8200     0.8797     0.7798     1.0000     0.9301     1.0000     0.8763     0.8960     0.8373     1.0000     0.9530     0.9632     0.9556     0.8655     0.7404     0.9000     0.9366     0.9685     0.9709     0.9336     0.9028     0.7386     0.8797     0.7798     1.0000     0.9301     1.0000     0.8763     0.8960     0.8373     1.0000     0.9530     0.9340     0.9267     0.8655     0.7404     0.9000     0.9366     0.9685     0.9709     0.9336     0.9028     0.7386     0.8797     0.7798     1.0000     0.9301     1.0000     0.8763     0.8960     0.8373     1.0000     0.9530     0.9705     0.9629     0.8655     0.7404     0.9000     0.9366     0.9685     0.9709     0.9336     0.9028     0.7386     0.8797     0.7798     1.0000     0.9301     1.0000     0.8763     0.8960     0.8373     1.0000     0.9530     0.9266     0.9194     0.8655     0.7404     0.9000     0.9366     0.9685     0.9709     0.9336     0.9028     0.7386     0.8797     0.7798     1.0000     0.9301     1.0000     0.8763     0.8960     0.8373     1.0000     0.9530     0.9632     0.9556     0.8655     0.7404     0.9000     0.9366     0.9685     0.9709     0.9336     0.9028     0.7386     0.8797     0.7798     1.0000     0.9301     1.0000     0.8763     0.8960     0.8373     1.0000     0.9530     0.9705     0.9629     0.8655     0.7404     0.9000     0.9366     0.9685     0.9709     0.9336     0.9028     0.7386     0.8797     0.7798     1.0000     0.9301     1.0000     0.8763     0.8960     0.8373     1.0000     0.9530     0.9705     0.9629     0.8655     0.7404     0.9000     0.9366     0.9685     0.9709     0.9336     0.9028     0.7386     0.8797     0.7798     1.0000     0.9301     1.0000     0.8763     0.8960     0.8373     1.0000     0.9530     0.9340     0.9267     0.8655     0.7404     0.9000     0.9366     0.9685     0.9709     0.9336     0.9028     0.7386     0.8797     0.7798     1.0000     0.9301     1.0000     0.8763     0.8960     0.8373     1.0000     0.9530     0.9340     0.9267     0.8655     0.7404     0.9000     0.9366     0.9685     0.9709     0.9336     0.9028     0.7386     0.8797     0.7798     1.0000     0.9301     1.0000     0.8763     0.8960     0.8373     1.0000     0.9530     0.9632     0.9556     0.8655     0.7404     0.9000     0.9366     0.9685     0.9709     0.9336     0.9028     0.7386     0.8797     0.7798     1.0000     0.9301     1.0000     0.8763     0.8960     0.8373     1.0000     0.9530     0.9449     0.9375     0.8655     0.7404     0.9000     0.9366     0.9685     0.9709     0.9336     0.9028     0.7386     0.8797     0.7798     1.0000     0.9301     1.0000     0.8763     0.8960     0.8373     1.0000     0.9530     0.9486     0.9412     0.8655     0.7404     0.9000     0.9366     0.9685     0.9709     0.9336     0.9028     0.7386     0.8797     0.7798     1.0000     0.9301     1.0000     0.8763     0.8960     0.8373     1.0000     0.9530     0.9486     0.9412     0.8655     0.7404     0.9000     0.9366     0.9685     0.9709     0.9336     0.9028     0.7386     0.8797     0.7798     1.0000     0.9301     1.0000     0.8763     0.8960     0.8373     1.0000     0.9530     0.9595     0.9520     0.8655     0.7404     0.9000     0.9366     0.9685     0.9709     0.9336     0.9028     0.7386     0.8797     0.7798     1.0000     0.9301     1.0000     0.8763     0.8960     0.8373     1.0000     0.9530     0.9522     0.9448     0.8655     0.7404     0.9000     0.9366     0.9685     0.9709     0.9336     0.9028     0.7386     0.8797     0.7798     1.0000     0.9301     1.0000     0.8763     0.8960     0.8373     1.0000     0.9530     1.0000     1.0000     0.8655     0.7404     0.9000     0.9366     0.9685     0.9709     0.9336     0.9028     0.7386     0.8797     0.7798     1.0000     0.9301     1.0000     0.8763     0.8960     0.8373     1.0000     0.9530     0.8937     0.8867     0.8655     0.7404     0.9000     0.9366     0.9685     0.9709     0.9336     0.9028     0.7386     0.8797     0.7798     1.0000     0.9301     1.0000     0.8763     0.8960     0.8373     1.0000     0.9530     0.9132     0.9061     0.8655     0.7404     0.9000     0.9366     0.9685     0.9709     0.9336     0.9028     0.7386     0.9209     0.9209     0.9209     0.9209     0.9209     0.8906     0.8359     0.9209     0.9976     0.8776     0.9336     0.9117     0.9432     0.7571     0.9494     0.9078     0.9383     0.9911     0.9269     0.9209     0.7500
09/30/1943_24:00     0.8797     0.7798     1.0000     0.9301     1.0000     0.8763     0.8960     0.8373     1.0000     0.9530     0.9486     0.9412     0.8655     0.7404     0.9000     0.9366     0.9685     0.9709     0.9336     0.9028     0.7386     0.8797     0.8200     1.0000     0.9301     1.0000     0.8763     0.8960     0.8373     1.0000     0.9530     0.9194     0.9122     0.8655     0.8200     0.9000     0.9366     0.9685     0.9709     0.9336     0.9028     0.8200     0.8797     0.7798     1.0000     0.9301     1.0000     0.8763     0.8960     0.8373     1.0000     0.9530     0.9632     0.9556     0.8655     0.7404     0.9000     0.9366     0.9685     0.9709     0.9336     0.9028     0.7386     0.8797     0.7798     1.0000     0.9301     1.0000     0.8763     0.8960     0.8373     1.0000     0.9530     0.9340     0.9267     0.8655     0.7404     0.9000     0.9366     0.9685     0.9709     0.9336     0.9028     0.7386     0.8797     0.7798     1.0000     0.9301     1.0000     0.8763     0.8960     0.8373     1.0000     0.9530     0.9705     0.9629     0.8655     0.7404     0.9000     0.9366     0.9685     0.9709     0.9336     0.9028     0.7386     0.8797     0.7798     1.0000     0.9301     1.0000     0.8763     0.8960     0.8373     1.0000     0.9530     0.9266     0.9194     0.8655     0.7404     0.9000     0.9366     0.9685     0.9709     0.9336     0.9028     0.7386     0.8797     0.7798     1.0000     0.9301     1.0000     0.8763     0.8960     0.8373     1.0000     0.9530     0.9632     0.9556     0.8655     0.7404     0.9000     0.9366     0.9685     0.9709     0.9336     0.9028     0.7386     0.8797     0.7798     1.0000     0.9301     1.0000     0.8763     0.8960     0.8373     1.0000     0.9530     0.9705     0.9629     0.8655     0.7404     0.9000     0.9366     0.9685     0.9709     0.9336     0.9028     0.7386     0.8797     0.7798     1.0000     0.9301     1.0000     0.8763     0.8960     0.8373     1.0000     0.9530     0.9705     0.9629     0.8655     0.7404     0.9000     0.9366     0.9685     0.9709     0.9336     0.9028     0.7386     0.8797     0.7798     1.0000     0.9301     1.0000     0.8763     0.8960     0.8373     1.0000     0.9530     0.9340     0.9267     0.8655     0.7404     0.9000     0.9366     0.9685     0.9709     0.9336     0.9028     0.7386     0.8797     0.7798     1.0000     0.9301     1.0000     0.8763     0.8960     0.8373     1.0000     0.9530     0.9340     0.9267     0.8655     0.7404     0.9000     0.9366     0.9685     0.9709     0.9336     0.9028     0.7386     0.8797     0.7798     1.0000     0.9301     1.0000     0.8763     0.8960     0.8373     1.0000     0.9530     0.9632     0.9556     0.8655     0.7404     0.9000     0.9366     0.9685     0.9709     0.9336     0.9028     0.7386     0.8797     0.7798     1.0000     0.9301     1.0000     0.8763     0.8960     0.8373     1.0000     0.9530     0.9449     0.9375     0.8655     0.7404     0.9000     0.9366     0.9685     0.9709     0.9336     0.9028     0.7386     0.8797     0.7798     1.0000     0.9301     1.0000     0.8763     0.8960     0.8373     1.0000     0.9530     0.9486     0.9412     0.8655     0.7404     0.9000     0.9366     0.9685     0.9709     0.9336     0.9028     0.7386     0.8797     0.7798     1.0000     0.9301     1.0000     0.8763     0.8960     0.8373     1.0000     0.9530     0.9486     0.9412     0.8655     0.7404     0.9000     0.9366     0.9685     0.9709     0.9336     0.9028     0.7386     0.8797     0.7798     1.0000     0.9301     1.0000     0.8763     0.8960     0.8373     1.0000     0.9530     0.9595     0.9520     0.8655     0.7404     0.9000     0.9366     0.9685     0.9709     0.9336     0.9028     0.7386     0.8797     0.7798     1.0000     0.9301     1.0000     0.8763     0.8960     0.8373     1.0000     0.9530     0.9522     0.9448     0.8655     0.7404     0.9000     0.9366     0.9685     0.9709     0.9336     0.9028     0.7386     0.8797     0.7798     1.0000     0.9301     1.0000     0.8763     0.8960     0.8373     1.0000     0.9530     1.0000     1.0000     0.8655     0.7404     0.9000     0.9366     0.9685     0.9709     0.9336     0.9028     0.7386     0.8797     0.7798     1.0000     0.9301     1.0000     0.8763     0.8960     0.8373     1.0000     0.9530     0.8937     0.8867     0.8655     0.7404     0.9000     0.9366     0.9685     0.9709     0.9336     0.9028     0.7386     0.8797     0.7798     1.0000     0.9301     1.0000     0.8763     0.8960     0.8373     1.0000     0.9530     0.9132     0.9061     0.8655     0.7404     0.9000     0.9366     0.9685     0.9709     0.9336     0.9028     0.7386     0.9209     0.9209     0.9209     0.9209     0.9209     0.8906     0.8359     0.9209     0.9976     0.8776     0.9336     0.9117     0.9432     0.7571     0.9494     0.9078     0.9383     0.9911     0.9269     0.9209     0.7500
09/30/1944_24:00     0.8797     0.7798     1.0000     0.9301     1.0000     0.8763     0.8960     0.8373     1.0000     0.9530     0.9486     0.9412     0.8655     0.7404     0.9000     0.9366     0.9685     0.9709     0.9336     0.9028     0.7386     0.8797     0.8200     1.0000     0.9301     1.0000     0.8763     0.8960     0.8373     1.0000     0.9530     0.9194     0.9122     0.8655     0.8200     0.9000     0.9366     0.9685     0.9709     0.9336     0.9028     0.8200     0.8797     0.7798     1.0000     0.9301     1.0000     0.8763     0.8960     0.8373     1.0000     0.9530     0.9632     0.9556     0.8655     0.7404     0.9000     0.9366     0.9685     0.9709     0.9336     0.9028     0.7386     0.8797     0.7798     1.0000     0.9301     1.0000     0.8763     0.8960     0.8373     1.0000     0.9530     0.9340     0.9267     0.8655     0.7404     0.9000     0.9366     0.9685     0.9709     0.9336     0.9028     0.7386     0.8797     0.7798     1.0000     0.9301     1.0000     0.8763     0.8960     0.8373     1.0000     0.9530     0.9705     0.9629     0.8655     0.7404     0.9000     0.9366     0.9685     0.9709     0.9336     0.9028     0.7386     0.8797     0.7798     1.0000     0.9301     1.0000     0.8763     0.8960     0.8373     1.0000     0.9530     0.9266     0.9194     0.8655     0.7404     0.9000     0.9366     0.9685     0.9709     0.9336     0.9028     0.7386     0.8797     0.7798     1.0000     0.9301     1.0000     0.8763     0.8960     0.8373     1.0000     0.9530     0.9632     0.9556     0.8655     0.7404     0.9000     0.9366     0.9685     0.9709     0.9336     0.9028     0.7386     0.8797     0.7798     1.0000     0.9301     1.0000     0.8763     0.8960     0.8373     1.0000     0.9530     0.9705     0.9629     0.8655     0.7404     0.9000     0.9366     0.9685     0.9709     0.9336     0.9028     0.7386     0.8797     0.7798     1.0000     0.9301     1.0000     0.8763     0.8960     0.8373     1.0000     0.9530     0.9705     0.9629     0.8655     0.7404     0.9000     0.9366     0.9685     0.9709     0.9336     0.9028     0.7386     0.8797     0.7798     1.0000     0.9301     1.0000     0.8763     0.8960     0.8373     1.0000     0.9530     0.9340     0.9267     0.8655     0.7404     0.9000     0.9366     0.9685     0.9709     0.9336     0.9028     0.7386     0.8797     0.7798     1.0000     0.9301     1.0000     0.8763     0.8960     0.8373     1.0000     0.9530     0.9340     0.9267     0.8655     0.7404     0.9000     0.9366     0.9685     0.9709     0.9336     0.9028     0.7386     0.8797     0.7798     1.0000     0.9301     1.0000     0.8763     0.8960     0.8373     1.0000     0.9530     0.9632     0.9556     0.8655     0.7404     0.9000     0.9366     0.9685     0.9709     0.9336     0.9028     0.7386     0.8797     0.7798     1.0000     0.9301     1.0000     0.8763     0.8960     0.8373     1.0000     0.9530     0.9449     0.9375     0.8655     0.7404     0.9000     0.9366     0.9685     0.9709     0.9336     0.9028     0.7386     0.8797     0.7798     1.0000     0.9301     1.0000     0.8763     0.8960     0.8373     1.0000     0.9530     0.9486     0.9412     0.8655     0.7404     0.9000     0.9366     0.9685     0.9709     0.9336     0.9028     0.7386     0.8797     0.7798     1.0000     0.9301     1.0000     0.8763     0.8960     0.8373     1.0000     0.9530     0.9486     0.9412     0.8655     0.7404     0.9000     0.9366     0.9685     0.9709     0.9336     0.9028     0.7386     0.8797     0.7798     1.0000     0.9301     1.0000     0.8763     0.8960     0.8373     1.0000     0.9530     0.9595     0.9520     0.8655     0.7404     0.9000     0.9366     0.9685     0.9709     0.9336     0.9028     0.7386     0.8797     0.7798     1.0000     0.9301     1.0000     0.8763     0.8960     0.8373     1.0000     0.9530     0.9522     0.9448     0.8655     0.7404     0.9000     0.9366     0.9685     0.9709     0.9336     0.9028     0.7386     0.8797     0.7798     1.0000     0.9301     1.0000     0.8763     0.8960     0.8373     1.0000     0.9530     1.0000     1.0000     0.8655     0.7404     0.9000     0.9366     0.9685     0.9709     0.9336     0.9028     0.7386     0.8797     0.7798     1.0000     0.9301     1.0000     0.8763     0.8960     0.8373     1.0000     0.9530     0.8937     0.8867     0.8655     0.7404     0.9000     0.9366     0.9685     0.9709     0.9336     0.9028     0.7386     0.8797     0.7798     1.0000     0.9301     1.0000     0.8763     0.8960     0.8373     1.0000     0.9530     0.9132     0.9061     0.8655     0.7404     0.9000     0.9366     0.9685     0.9709     0.9336     0.9028     0.7386     0.9209     0.9209     0.9209     0.9209     0.9209     0.8906     0.8359     0.9209     0.9976     0.8776     0.9336     0.9117     0.9432     0.7571     0.9494     0.9078     0.9383     0.9911     0.9269     0.9209     0.7500
09/30/1945_24:00     0.8797     0.7798     1.0000     0.9301     1.0000     0.8763     0.8960     0.8373     1.0000     0.9530     0.9486     0.9412     0.8655     0.7404     0.9000     0.9366     0.9685     0.9709     0.9336     0.9028     0.7386     0.8797     0.8200     1.0000     0.9301     1.0000     0.8763     0.8960     0.8373     1.0000     0.9530     0.9194     0.9122     0.8655     0.8200     0.9000     0.9366     0.9685     0.9709     0.9336     0.9028     0.8200     0.8797     0.7798     1.0000     0.9301     1.0000     0.8763     0.8960     0.8373     1.0000     0.9530     0.9632     0.9556     0.8655     0.7404     0.9000     0.9366     0.9685     0.9709     0.9336     0.9028     0.7386     0.8797     0.7798     1.0000     0.9301     1.0000     0.8763     0.8960     0.8373     1.0000     0.9530     0.9340     0.9267     0.8655     0.7404     0.9000     0.9366     0.9685     0.9709     0.9336     0.9028     0.7386     0.8797     0.7798     1.0000     0.9301     1.0000     0.8763     0.8960     0.8373     1.0000     0.9530     0.9705     0.9629     0.8655     0.7404     0.9000     0.9366     0.9685     0.9709     0.9336     0.9028     0.7386     0.8797     0.7798     1.0000     0.9301     1.0000     0.8763     0.8960     0.8373     1.0000     0.9530     0.9266     0.9194     0.8655     0.7404     0.9000     0.9366     0.9685     0.9709     0.9336     0.9028     0.7386     0.8797     0.7798     1.0000     0.9301     1.0000     0.8763     0.8960     0.8373     1.0000     0.9530     0.9632     0.9556     0.8655     0.7404     0.9000     0.9366     0.9685     0.9709     0.9336     0.9028     0.7386     0.8797     0.7798     1.0000     0.9301     1.0000     0.8763     0.8960     0.8373     1.0000     0.9530     0.9705     0.9629     0.8655     0.7404     0.9000     0.9366     0.9685     0.9709     0.9336     0.9028     0.7386     0.8797     0.7798     1.0000     0.9301     1.0000     0.8763     0.8960     0.8373     1.0000     0.9530     0.9705     0.9629     0.8655     0.7404     0.9000     0.9366     0.9685     0.9709     0.9336     0.9028     0.7386     0.8797     0.7798     1.0000     0.9301     1.0000     0.8763     0.8960     0.8373     1.0000     0.9530     0.9340     0.9267     0.8655     0.7404     0.9000     0.9366     0.9685     0.9709     0.9336     0.9028     0.7386     0.8797     0.7798     1.0000     0.9301     1.0000     0.8763     0.8960     0.8373     1.0000     0.9530     0.9340     0.9267     0.8655     0.7404     0.9000     0.9366     0.9685     0.9709     0.9336     0.9028     0.7386     0.8797     0.7798     1.0000     0.9301     1.0000     0.8763     0.8960     0.8373     1.0000     0.9530     0.9632     0.9556     0.8655     0.7404     0.9000     0.9366     0.9685     0.9709     0.9336     0.9028     0.7386     0.8797     0.7798     1.0000     0.9301     1.0000     0.8763     0.8960     0.8373     1.0000     0.9530     0.9449     0.9375     0.8655     0.7404     0.9000     0.9366     0.9685     0.9709     0.9336     0.9028     0.7386     0.8797     0.7798     1.0000     0.9301     1.0000     0.8763     0.8960     0.8373     1.0000     0.9530     0.9486     0.9412     0.8655     0.7404     0.9000     0.9366     0.9685     0.9709     0.9336     0.9028     0.7386     0.8797     0.7798     1.0000     0.9301     1.0000     0.8763     0.8960     0.8373     1.0000     0.9530     0.9486     0.9412     0.8655     0.7404     0.9000     0.9366     0.9685     0.9709     0.9336     0.9028     0.7386     0.8797     0.7798     1.0000     0.9301     1.0000     0.8763     0.8960     0.8373     1.0000     0.9530     0.9595     0.9520     0.8655     0.7404     0.9000     0.9366     0.9685     0.9709     0.9336     0.9028     0.7386     0.8797     0.7798     1.0000     0.9301     1.0000     0.8763     0.8960     0.8373     1.0000     0.9530     0.9522     0.9448     0.8655     0.7404     0.9000     0.9366     0.9685     0.9709     0.9336     0.9028     0.7386     0.8797     0.7798     1.0000     0.9301     1.0000     0.8763     0.8960     0.8373     1.0000     0.9530     1.0000     1.0000     0.8655     0.7404     0.9000     0.9366     0.9685     0.9709     0.9336     0.9028     0.7386     0.8797     0.7798     1.0000     0.9301     1.0000     0.8763     0.8960     0.8373     1.0000     0.9530     0.8937     0.8867     0.8655     0.7404     0.9000     0.9366     0.9685     0.9709     0.9336     0.9028     0.7386     0.8797     0.7798     1.0000     0.9301     1.0000     0.8763     0.8960     0.8373     1.0000     0.9530     0.9132     0.9061     0.8655     0.7404     0.9000     0.9366     0.9685     0.9709     0.9336     0.9028     0.7386     0.9209     0.9209     0.9209     0.9209     0.9209     0.8906     0.8359     0.9209     0.9976     0.8776     0.9336     0.9117     0.9432     0.7571     0.9494     0.9078     0.9383     0.9911     0.9269     0.9209     0.7500
09/30/1946_24:00     0.8797     0.7798     1.0000     0.9301     1.0000     0.8763     0.8960     0.8373     1.0000     0.9530     0.9486     0.9412     0.8655     0.7404     0.9000     0.9366     0.9685     0.9709     0.9336     0.9028     0.7386     0.8797     0.8200     1.0000     0.9301     1.0000     0.8763     0.8960     0.8373     1.0000     0.9530     0.9194     0.9122     0.8655     0.8200     0.9000     0.9366     0.9685     0.9709     0.9336     0.9028     0.8200     0.8797     0.7798     1.0000     0.9301     1.0000     0.8763     0.8960     0.8373     1.0000     0.9530     0.9632     0.9556     0.8655     0.7404     0.9000     0.9366     0.9685     0.9709     0.9336     0.9028     0.7386     0.8797     0.7798     1.0000     0.9301     1.0000     0.8763     0.8960     0.8373     1.0000     0.9530     0.9340     0.9267     0.8655     0.7404     0.9000     0.9366     0.9685     0.9709     0.9336     0.9028     0.7386     0.8797     0.7798     1.0000     0.9301     1.0000     0.8763     0.8960     0.8373     1.0000     0.9530     0.9705     0.9629     0.8655     0.7404     0.9000     0.9366     0.9685     0.9709     0.9336     0.9028     0.7386     0.8797     0.7798     1.0000     0.9301     1.0000     0.8763     0.8960     0.8373     1.0000     0.9530     0.9266     0.9194     0.8655     0.7404     0.9000     0.9366     0.9685     0.9709     0.9336     0.9028     0.7386     0.8797     0.7798     1.0000     0.9301     1.0000     0.8763     0.8960     0.8373     1.0000     0.9530     0.9632     0.9556     0.8655     0.7404     0.9000     0.9366     0.9685     0.9709     0.9336     0.9028     0.7386     0.8797     0.7798     1.0000     0.9301     1.0000     0.8763     0.8960     0.8373     1.0000     0.9530     0.9705     0.9629     0.8655     0.7404     0.9000     0.9366     0.9685     0.9709     0.9336     0.9028     0.7386     0.8797     0.7798     1.0000     0.9301     1.0000     0.8763     0.8960     0.8373     1.0000     0.9530     0.9705     0.9629     0.8655     0.7404     0.9000     0.9366     0.9685     0.9709     0.9336     0.9028     0.7386     0.8797     0.7798     1.0000     0.9301     1.0000     0.8763     0.8960     0.8373     1.0000     0.9530     0.9340     0.9267     0.8655     0.7404     0.9000     0.9366     0.9685     0.9709     0.9336     0.9028     0.7386     0.8797     0.7798     1.0000     0.9301     1.0000     0.8763     0.8960     0.8373     1.0000     0.9530     0.9340     0.9267     0.8655     0.7404     0.9000     0.9366     0.9685     0.9709     0.9336     0.9028     0.7386     0.8797     0.7798     1.0000     0.9301     1.0000     0.8763     0.8960     0.8373     1.0000     0.9530     0.9632     0.9556     0.8655     0.7404     0.9000     0.9366     0.9685     0.9709     0.9336     0.9028     0.7386     0.8797     0.7798     1.0000     0.9301     1.0000     0.8763     0.8960     0.8373     1.0000     0.9530     0.9449     0.9375     0.8655     0.7404     0.9000     0.9366     0.9685     0.9709     0.9336     0.9028     0.7386     0.8797     0.7798     1.0000     0.9301     1.0000     0.8763     0.8960     0.8373     1.0000     0.9530     0.9486     0.9412     0.8655     0.7404     0.9000     0.9366     0.9685     0.9709     0.9336     0.9028     0.7386     0.8797     0.7798     1.0000     0.9301     1.0000     0.8763     0.8960     0.8373     1.0000     0.9530     0.9486     0.9412     0.8655     0.7404     0.9000     0.9366     0.9685     0.9709     0.9336     0.9028     0.7386     0.8797     0.7798     1.0000     0.9301     1.0000     0.8763     0.8960     0.8373     1.0000     0.9530     0.9595     0.9520     0.8655     0.7404     0.9000     0.9366     0.9685     0.9709     0.9336     0.9028     0.7386     0.8797     0.7798     1.0000     0.9301     1.0000     0.8763     0.8960     0.8373     1.0000     0.9530     0.9522     0.9448     0.8655     0.7404     0.9000     0.9366     0.9685     0.9709     0.9336     0.9028     0.7386     0.8797     0.7798     1.0000     0.9301     1.0000     0.8763     0.8960     0.8373     1.0000     0.9530     1.0000     1.0000     0.8655     0.7404     0.9000     0.9366     0.9685     0.9709     0.9336     0.9028     0.7386     0.8797     0.7798     1.0000     0.9301     1.0000     0.8763     0.8960     0.8373     1.0000     0.9530     0.8937     0.8867     0.8655     0.7404     0.9000     0.9366     0.9685     0.9709     0.9336     0.9028     0.7386     0.8797     0.7798     1.0000     0.9301     1.0000     0.8763     0.8960     0.8373     1.0000     0.9530     0.9132     0.9061     0.8655     0.7404     0.9000     0.9366     0.9685     0.9709     0.9336     0.9028     0.7386     0.9209     0.9209     0.9209     0.9209     0.9209     0.8906     0.8359     0.9209     0.9976     0.8776     0.9336     0.9117     0.9432     0.7571     0.9494     0.9078     0.9383     0.9911     0.9269     0.9209     0.7500
09/30/1947_24:00     0.8797     0.7798     1.0000     0.9301     1.0000     0.8763     0.8960     0.8373     1.0000     0.9530     0.9486     0.9412     0.8655     0.7404     0.9000     0.9366     0.9685     0.9709     0.9336     0.9028     0.7386     0.8797     0.8200     1.0000     0.9301     1.0000     0.8763     0.8960     0.8373     1.0000     0.9530     0.9194     0.9122     0.8655     0.8200     0.9000     0.9366     0.9685     0.9709     0.9336     0.9028     0.8200     0.8797     0.7798     1.0000     0.9301     1.0000     0.8763     0.8960     0.8373     1.0000     0.9530     0.9632     0.9556     0.8655     0.7404     0.9000     0.9366     0.9685     0.9709     0.9336     0.9028     0.7386     0.8797     0.7798     1.0000     0.9301     1.0000     0.8763     0.8960     0.8373     1.0000     0.9530     0.9340     0.9267     0.8655     0.7404     0.9000     0.9366     0.9685     0.9709     0.9336     0.9028     0.7386     0.8797     0.7798     1.0000     0.9301     1.0000     0.8763     0.8960     0.8373     1.0000     0.9530     0.9705     0.9629     0.8655     0.7404     0.9000     0.9366     0.9685     0.9709     0.9336     0.9028     0.7386     0.8797     0.7798     1.0000     0.9301     1.0000     0.8763     0.8960     0.8373     1.0000     0.9530     0.9266     0.9194     0.8655     0.7404     0.9000     0.9366     0.9685     0.9709     0.9336     0.9028     0.7386     0.8797     0.7798     1.0000     0.9301     1.0000     0.8763     0.8960     0.8373     1.0000     0.9530     0.9632     0.9556     0.8655     0.7404     0.9000     0.9366     0.9685     0.9709     0.9336     0.9028     0.7386     0.8797     0.7798     1.0000     0.9301     1.0000     0.8763     0.8960     0.8373     1.0000     0.9530     0.9705     0.9629     0.8655     0.7404     0.9000     0.9366     0.9685     0.9709     0.9336     0.9028     0.7386     0.8797     0.7798     1.0000     0.9301     1.0000     0.8763     0.8960     0.8373     1.0000     0.9530     0.9705     0.9629     0.8655     0.7404     0.9000     0.9366     0.9685     0.9709     0.9336     0.9028     0.7386     0.8797     0.7798     1.0000     0.9301     1.0000     0.8763     0.8960     0.8373     1.0000     0.9530     0.9340     0.9267     0.8655     0.7404     0.9000     0.9366     0.9685     0.9709     0.9336     0.9028     0.7386     0.8797     0.7798     1.0000     0.9301     1.0000     0.8763     0.8960     0.8373     1.0000     0.9530     0.9340     0.9267     0.8655     0.7404     0.9000     0.9366     0.9685     0.9709     0.9336     0.9028     0.7386     0.8797     0.7798     1.0000     0.9301     1.0000     0.8763     0.8960     0.8373     1.0000     0.9530     0.9632     0.9556     0.8655     0.7404     0.9000     0.9366     0.9685     0.9709     0.9336     0.9028     0.7386     0.8797     0.7798     1.0000     0.9301     1.0000     0.8763     0.8960     0.8373     1.0000     0.9530     0.9449     0.9375     0.8655     0.7404     0.9000     0.9366     0.9685     0.9709     0.9336     0.9028     0.7386     0.8797     0.7798     1.0000     0.9301     1.0000     0.8763     0.8960     0.8373     1.0000     0.9530     0.9486     0.9412     0.8655     0.7404     0.9000     0.9366     0.9685     0.9709     0.9336     0.9028     0.7386     0.8797     0.7798     1.0000     0.9301     1.0000     0.8763     0.8960     0.8373     1.0000     0.9530     0.9486     0.9412     0.8655     0.7404     0.9000     0.9366     0.9685     0.9709     0.9336     0.9028     0.7386     0.8797     0.7798     1.0000     0.9301     1.0000     0.8763     0.8960     0.8373     1.0000     0.9530     0.9595     0.9520     0.8655     0.7404     0.9000     0.9366     0.9685     0.9709     0.9336     0.9028     0.7386     0.8797     0.7798     1.0000     0.9301     1.0000     0.8763     0.8960     0.8373     1.0000     0.9530     0.9522     0.9448     0.8655     0.7404     0.9000     0.9366     0.9685     0.9709     0.9336     0.9028     0.7386     0.8797     0.7798     1.0000     0.9301     1.0000     0.8763     0.8960     0.8373     1.0000     0.9530     1.0000     1.0000     0.8655     0.7404     0.9000     0.9366     0.9685     0.9709     0.9336     0.9028     0.7386     0.8797     0.7798     1.0000     0.9301     1.0000     0.8763     0.8960     0.8373     1.0000     0.9530     0.8937     0.8867     0.8655     0.7404     0.9000     0.9366     0.9685     0.9709     0.9336     0.9028     0.7386     0.8797     0.7798     1.0000     0.9301     1.0000     0.8763     0.8960     0.8373     1.0000     0.9530     0.9132     0.9061     0.8655     0.7404     0.9000     0.9366     0.9685     0.9709     0.9336     0.9028     0.7386     0.9209     0.9209     0.9209     0.9209     0.9209     0.8906     0.8359     0.9209     0.9976     0.8776     0.9336     0.9117     0.9432     0.7571     0.9494     0.9078     0.9383     0.9911     0.9269     0.9209     0.7500
09/30/1948_24:00     0.8797     0.7798     1.0000     0.9301     1.0000     0.8763     0.8960     0.8373     1.0000     0.9530     0.9486     0.9412     0.8655     0.7404     0.9000     0.9366     0.9685     0.9709     0.9336     0.9028     0.7386     0.8797     0.8200     1.0000     0.9301     1.0000     0.8763     0.8960     0.8373     1.0000     0.9530     0.9194     0.9122     0.8655     0.8200     0.9000     0.9366     0.9685     0.9709     0.9336     0.9028     0.8200     0.8797     0.7798     1.0000     0.9301     1.0000     0.8763     0.8960     0.8373     1.0000     0.9530     0.9632     0.9556     0.8655     0.7404     0.9000     0.9366     0.9685     0.9709     0.9336     0.9028     0.7386     0.8797     0.7798     1.0000     0.9301     1.0000     0.8763     0.8960     0.8373     1.0000     0.9530     0.9340     0.9267     0.8655     0.7404     0.9000     0.9366     0.9685     0.9709     0.9336     0.9028     0.7386     0.8797     0.7798     1.0000     0.9301     1.0000     0.8763     0.8960     0.8373     1.0000     0.9530     0.9705     0.9629     0.8655     0.7404     0.9000     0.9366     0.9685     0.9709     0.9336     0.9028     0.7386     0.8797     0.7798     1.0000     0.9301     1.0000     0.8763     0.8960     0.8373     1.0000     0.9530     0.9266     0.9194     0.8655     0.7404     0.9000     0.9366     0.9685     0.9709     0.9336     0.9028     0.7386     0.8797     0.7798     1.0000     0.9301     1.0000     0.8763     0.8960     0.8373     1.0000     0.9530     0.9632     0.9556     0.8655     0.7404     0.9000     0.9366     0.9685     0.9709     0.9336     0.9028     0.7386     0.8797     0.7798     1.0000     0.9301     1.0000     0.8763     0.8960     0.8373     1.0000     0.9530     0.9705     0.9629     0.8655     0.7404     0.9000     0.9366     0.9685     0.9709     0.9336     0.9028     0.7386     0.8797     0.7798     1.0000     0.9301     1.0000     0.8763     0.8960     0.8373     1.0000     0.9530     0.9705     0.9629     0.8655     0.7404     0.9000     0.9366     0.9685     0.9709     0.9336     0.9028     0.7386     0.8797     0.7798     1.0000     0.9301     1.0000     0.8763     0.8960     0.8373     1.0000     0.9530     0.9340     0.9267     0.8655     0.7404     0.9000     0.9366     0.9685     0.9709     0.9336     0.9028     0.7386     0.8797     0.7798     1.0000     0.9301     1.0000     0.8763     0.8960     0.8373     1.0000     0.9530     0.9340     0.9267     0.8655     0.7404     0.9000     0.9366     0.9685     0.9709     0.9336     0.9028     0.7386     0.8797     0.7798     1.0000     0.9301     1.0000     0.8763     0.8960     0.8373     1.0000     0.9530     0.9632     0.9556     0.8655     0.7404     0.9000     0.9366     0.9685     0.9709     0.9336     0.9028     0.7386     0.8797     0.7798     1.0000     0.9301     1.0000     0.8763     0.8960     0.8373     1.0000     0.9530     0.9449     0.9375     0.8655     0.7404     0.9000     0.9366     0.9685     0.9709     0.9336     0.9028     0.7386     0.8797     0.7798     1.0000     0.9301     1.0000     0.8763     0.8960     0.8373     1.0000     0.9530     0.9486     0.9412     0.8655     0.7404     0.9000     0.9366     0.9685     0.9709     0.9336     0.9028     0.7386     0.8797     0.7798     1.0000     0.9301     1.0000     0.8763     0.8960     0.8373     1.0000     0.9530     0.9486     0.9412     0.8655     0.7404     0.9000     0.9366     0.9685     0.9709     0.9336     0.9028     0.7386     0.8797     0.7798     1.0000     0.9301     1.0000     0.8763     0.8960     0.8373     1.0000     0.9530     0.9595     0.9520     0.8655     0.7404     0.9000     0.9366     0.9685     0.9709     0.9336     0.9028     0.7386     0.8797     0.7798     1.0000     0.9301     1.0000     0.8763     0.8960     0.8373     1.0000     0.9530     0.9522     0.9448     0.8655     0.7404     0.9000     0.9366     0.9685     0.9709     0.9336     0.9028     0.7386     0.8797     0.7798     1.0000     0.9301     1.0000     0.8763     0.8960     0.8373     1.0000     0.9530     1.0000     1.0000     0.8655     0.7404     0.9000     0.9366     0.9685     0.9709     0.9336     0.9028     0.7386     0.8797     0.7798     1.0000     0.9301     1.0000     0.8763     0.8960     0.8373     1.0000     0.9530     0.8937     0.8867     0.8655     0.7404     0.9000     0.9366     0.9685     0.9709     0.9336     0.9028     0.7386     0.8797     0.7798     1.0000     0.9301     1.0000     0.8763     0.8960     0.8373     1.0000     0.9530     0.9132     0.9061     0.8655     0.7404     0.9000     0.9366     0.9685     0.9709     0.9336     0.9028     0.7386     0.9209     0.9209     0.9209     0.9209     0.9209     0.8906     0.8359     0.9209     0.9976     0.8776     0.9336     0.9117     0.9432     0.7571     0.9494     0.9078     0.9383     0.9911     0.9269     0.9209     0.7500
09/30/1949_24:00     0.8797     0.7798     1.0000     0.9301     1.0000     0.8763     0.8960     0.8373     1.0000     0.9530     0.9486     0.9412     0.8655     0.7404     0.9000     0.9366     0.9685     0.9709     0.9336     0.9028     0.7386     0.8797     0.8200     1.0000     0.9301     1.0000     0.8763     0.8960     0.8373     1.0000     0.9530     0.9194     0.9122     0.8655     0.8200     0.9000     0.9366     0.9685     0.9709     0.9336     0.9028     0.8200     0.8797     0.7798     1.0000     0.9301     1.0000     0.8763     0.8960     0.8373     1.0000     0.9530     0.9632     0.9556     0.8655     0.7404     0.9000     0.9366     0.9685     0.9709     0.9336     0.9028     0.7386     0.8797     0.7798     1.0000     0.9301     1.0000     0.8763     0.8960     0.8373     1.0000     0.9530     0.9340     0.9267     0.8655     0.7404     0.9000     0.9366     0.9685     0.9709     0.9336     0.9028     0.7386     0.8797     0.7798     1.0000     0.9301     1.0000     0.8763     0.8960     0.8373     1.0000     0.9530     0.9705     0.9629     0.8655     0.7404     0.9000     0.9366     0.9685     0.9709     0.9336     0.9028     0.7386     0.8797     0.7798     1.0000     0.9301     1.0000     0.8763     0.8960     0.8373     1.0000     0.9530     0.9266     0.9194     0.8655     0.7404     0.9000     0.9366     0.9685     0.9709     0.9336     0.9028     0.7386     0.8797     0.7798     1.0000     0.9301     1.0000     0.8763     0.8960     0.8373     1.0000     0.9530     0.9632     0.9556     0.8655     0.7404     0.9000     0.9366     0.9685     0.9709     0.9336     0.9028     0.7386     0.8797     0.7798     1.0000     0.9301     1.0000     0.8763     0.8960     0.8373     1.0000     0.9530     0.9705     0.9629     0.8655     0.7404     0.9000     0.9366     0.9685     0.9709     0.9336     0.9028     0.7386     0.8797     0.7798     1.0000     0.9301     1.0000     0.8763     0.8960     0.8373     1.0000     0.9530     0.9705     0.9629     0.8655     0.7404     0.9000     0.9366     0.9685     0.9709     0.9336     0.9028     0.7386     0.8797     0.7798     1.0000     0.9301     1.0000     0.8763     0.8960     0.8373     1.0000     0.9530     0.9340     0.9267     0.8655     0.7404     0.9000     0.9366     0.9685     0.9709     0.9336     0.9028     0.7386     0.8797     0.7798     1.0000     0.9301     1.0000     0.8763     0.8960     0.8373     1.0000     0.9530     0.9340     0.9267     0.8655     0.7404     0.9000     0.9366     0.9685     0.9709     0.9336     0.9028     0.7386     0.8797     0.7798     1.0000     0.9301     1.0000     0.8763     0.8960     0.8373     1.0000     0.9530     0.9632     0.9556     0.8655     0.7404     0.9000     0.9366     0.9685     0.9709     0.9336     0.9028     0.7386     0.8797     0.7798     1.0000     0.9301     1.0000     0.8763     0.8960     0.8373     1.0000     0.9530     0.9449     0.9375     0.8655     0.7404     0.9000     0.9366     0.9685     0.9709     0.9336     0.9028     0.7386     0.8797     0.7798     1.0000     0.9301     1.0000     0.8763     0.8960     0.8373     1.0000     0.9530     0.9486     0.9412     0.8655     0.7404     0.9000     0.9366     0.9685     0.9709     0.9336     0.9028     0.7386     0.8797     0.7798     1.0000     0.9301     1.0000     0.8763     0.8960     0.8373     1.0000     0.9530     0.9486     0.9412     0.8655     0.7404     0.9000     0.9366     0.9685     0.9709     0.9336     0.9028     0.7386     0.8797     0.7798     1.0000     0.9301     1.0000     0.8763     0.8960     0.8373     1.0000     0.9530     0.9595     0.9520     0.8655     0.7404     0.9000     0.9366     0.9685     0.9709     0.9336     0.9028     0.7386     0.8797     0.7798     1.0000     0.9301     1.0000     0.8763     0.8960     0.8373     1.0000     0.9530     0.9522     0.9448     0.8655     0.7404     0.9000     0.9366     0.9685     0.9709     0.9336     0.9028     0.7386     0.8797     0.7798     1.0000     0.9301     1.0000     0.8763     0.8960     0.8373     1.0000     0.9530     1.0000     1.0000     0.8655     0.7404     0.9000     0.9366     0.9685     0.9709     0.9336     0.9028     0.7386     0.8797     0.7798     1.0000     0.9301     1.0000     0.8763     0.8960     0.8373     1.0000     0.9530     0.8937     0.8867     0.8655     0.7404     0.9000     0.9366     0.9685     0.9709     0.9336     0.9028     0.7386     0.8797     0.7798     1.0000     0.9301     1.0000     0.8763     0.8960     0.8373     1.0000     0.9530     0.9132     0.9061     0.8655     0.7404     0.9000     0.9366     0.9685     0.9709     0.9336     0.9028     0.7386     0.9209     0.9209     0.9209     0.9209     0.9209     0.8906     0.8359     0.9209     0.9976     0.8776     0.9336     0.9117     0.9432     0.7571     0.9494     0.9078     0.9383     0.9911     0.9269     0.9209     0.7500
09/30/1950_24:00     0.8797     0.7798     1.0000     0.9301     1.0000     0.8763     0.8960     0.8373     1.0000     0.9530     0.9486     0.9412     0.8655     0.7404     0.9000     0.9366     0.9685     0.9709     0.9336     0.9028     0.7386     0.8797     0.8200     1.0000     0.9301     1.0000     0.8763     0.8960     0.8373     1.0000     0.9530     0.9194     0.9122     0.8655     0.8200     0.9000     0.9366     0.9685     0.9709     0.9336     0.9028     0.8200     0.8797     0.7798     1.0000     0.9301     1.0000     0.8763     0.8960     0.8373     1.0000     0.9530     0.9632     0.9556     0.8655     0.7404     0.9000     0.9366     0.9685     0.9709     0.9336     0.9028     0.7386     0.8797     0.7798     1.0000     0.9301     1.0000     0.8763     0.8960     0.8373     1.0000     0.9530     0.9340     0.9267     0.8655     0.7404     0.9000     0.9366     0.9685     0.9709     0.9336     0.9028     0.7386     0.8797     0.7798     1.0000     0.9301     1.0000     0.8763     0.8960     0.8373     1.0000     0.9530     0.9705     0.9629     0.8655     0.7404     0.9000     0.9366     0.9685     0.9709     0.9336     0.9028     0.7386     0.8797     0.7798     1.0000     0.9301     1.0000     0.8763     0.8960     0.8373     1.0000     0.9530     0.9266     0.9194     0.8655     0.7404     0.9000     0.9366     0.9685     0.9709     0.9336     0.9028     0.7386     0.8797     0.7798     1.0000     0.9301     1.0000     0.8763     0.8960     0.8373     1.0000     0.9530     0.9632     0.9556     0.8655     0.7404     0.9000     0.9366     0.9685     0.9709     0.9336     0.9028     0.7386     0.8797     0.7798     1.0000     0.9301     1.0000     0.8763     0.8960     0.8373     1.0000     0.9530     0.9705     0.9629     0.8655     0.7404     0.9000     0.9366     0.9685     0.9709     0.9336     0.9028     0.7386     0.8797     0.7798     1.0000     0.9301     1.0000     0.8763     0.8960     0.8373     1.0000     0.9530     0.9705     0.9629     0.8655     0.7404     0.9000     0.9366     0.9685     0.9709     0.9336     0.9028     0.7386     0.8797     0.7798     1.0000     0.9301     1.0000     0.8763     0.8960     0.8373     1.0000     0.9530     0.9340     0.9267     0.8655     0.7404     0.9000     0.9366     0.9685     0.9709     0.9336     0.9028     0.7386     0.8797     0.7798     1.0000     0.9301     1.0000     0.8763     0.8960     0.8373     1.0000     0.9530     0.9340     0.9267     0.8655     0.7404     0.9000     0.9366     0.9685     0.9709     0.9336     0.9028     0.7386     0.8797     0.7798     1.0000     0.9301     1.0000     0.8763     0.8960     0.8373     1.0000     0.9530     0.9632     0.9556     0.8655     0.7404     0.9000     0.9366     0.9685     0.9709     0.9336     0.9028     0.7386     0.8797     0.7798     1.0000     0.9301     1.0000     0.8763     0.8960     0.8373     1.0000     0.9530     0.9449     0.9375     0.8655     0.7404     0.9000     0.9366     0.9685     0.9709     0.9336     0.9028     0.7386     0.8797     0.7798     1.0000     0.9301     1.0000     0.8763     0.8960     0.8373     1.0000     0.9530     0.9486     0.9412     0.8655     0.7404     0.9000     0.9366     0.9685     0.9709     0.9336     0.9028     0.7386     0.8797     0.7798     1.0000     0.9301     1.0000     0.8763     0.8960     0.8373     1.0000     0.9530     0.9486     0.9412     0.8655     0.7404     0.9000     0.9366     0.9685     0.9709     0.9336     0.9028     0.7386     0.8797     0.7798     1.0000     0.9301     1.0000     0.8763     0.8960     0.8373     1.0000     0.9530     0.9595     0.9520     0.8655     0.7404     0.9000     0.9366     0.9685     0.9709     0.9336     0.9028     0.7386     0.8797     0.7798     1.0000     0.9301     1.0000     0.8763     0.8960     0.8373     1.0000     0.9530     0.9522     0.9448     0.8655     0.7404     0.9000     0.9366     0.9685     0.9709     0.9336     0.9028     0.7386     0.8797     0.7798     1.0000     0.9301     1.0000     0.8763     0.8960     0.8373     1.0000     0.9530     1.0000     1.0000     0.8655     0.7404     0.9000     0.9366     0.9685     0.9709     0.9336     0.9028     0.7386     0.8797     0.7798     1.0000     0.9301     1.0000     0.8763     0.8960     0.8373     1.0000     0.9530     0.8937     0.8867     0.8655     0.7404     0.9000     0.9366     0.9685     0.9709     0.9336     0.9028     0.7386     0.8797     0.7798     1.0000     0.9301     1.0000     0.8763     0.8960     0.8373     1.0000     0.9530     0.9132     0.9061     0.8655     0.7404     0.9000     0.9366     0.9685     0.9709     0.9336     0.9028     0.7386     0.9209     0.9209     0.9209     0.9209     0.9209     0.8906     0.8359     0.9209     0.9976     0.8776     0.9336     0.9117     0.9432     0.7571     0.9494     0.9078     0.9383     0.9911     0.9269     0.9209     0.7500
09/30/1951_24:00     0.8797     0.7798     1.0000     0.9301     1.0000     0.8763     0.8960     0.8373     1.0000     0.9530     0.9486     0.9412     0.8655     0.7404     0.9000     0.9366     0.9685     0.9709     0.9336     0.9028     0.7386     0.8797     0.8200     1.0000     0.9301     1.0000     0.8763     0.8960     0.8373     1.0000     0.9530     0.9194     0.9122     0.8655     0.8200     0.9000     0.9366     0.9685     0.9709     0.9336     0.9028     0.8200     0.8797     0.7798     1.0000     0.9301     1.0000     0.8763     0.8960     0.8373     1.0000     0.9530     0.9632     0.9556     0.8655     0.7404     0.9000     0.9366     0.9685     0.9709     0.9336     0.9028     0.7386     0.8797     0.7798     1.0000     0.9301     1.0000     0.8763     0.8960     0.8373     1.0000     0.9530     0.9340     0.9267     0.8655     0.7404     0.9000     0.9366     0.9685     0.9709     0.9336     0.9028     0.7386     0.8797     0.7798     1.0000     0.9301     1.0000     0.8763     0.8960     0.8373     1.0000     0.9530     0.9705     0.9629     0.8655     0.7404     0.9000     0.9366     0.9685     0.9709     0.9336     0.9028     0.7386     0.8797     0.7798     1.0000     0.9301     1.0000     0.8763     0.8960     0.8373     1.0000     0.9530     0.9266     0.9194     0.8655     0.7404     0.9000     0.9366     0.9685     0.9709     0.9336     0.9028     0.7386     0.8797     0.7798     1.0000     0.9301     1.0000     0.8763     0.8960     0.8373     1.0000     0.9530     0.9632     0.9556     0.8655     0.7404     0.9000     0.9366     0.9685     0.9709     0.9336     0.9028     0.7386     0.8797     0.7798     1.0000     0.9301     1.0000     0.8763     0.8960     0.8373     1.0000     0.9530     0.9705     0.9629     0.8655     0.7404     0.9000     0.9366     0.9685     0.9709     0.9336     0.9028     0.7386     0.8797     0.7798     1.0000     0.9301     1.0000     0.8763     0.8960     0.8373     1.0000     0.9530     0.9705     0.9629     0.8655     0.7404     0.9000     0.9366     0.9685     0.9709     0.9336     0.9028     0.7386     0.8797     0.7798     1.0000     0.9301     1.0000     0.8763     0.8960     0.8373     1.0000     0.9530     0.9340     0.9267     0.8655     0.7404     0.9000     0.9366     0.9685     0.9709     0.9336     0.9028     0.7386     0.8797     0.7798     1.0000     0.9301     1.0000     0.8763     0.8960     0.8373     1.0000     0.9530     0.9340     0.9267     0.8655     0.7404     0.9000     0.9366     0.9685     0.9709     0.9336     0.9028     0.7386     0.8797     0.7798     1.0000     0.9301     1.0000     0.8763     0.8960     0.8373     1.0000     0.9530     0.9632     0.9556     0.8655     0.7404     0.9000     0.9366     0.9685     0.9709     0.9336     0.9028     0.7386     0.8797     0.7798     1.0000     0.9301     1.0000     0.8763     0.8960     0.8373     1.0000     0.9530     0.9449     0.9375     0.8655     0.7404     0.9000     0.9366     0.9685     0.9709     0.9336     0.9028     0.7386     0.8797     0.7798     1.0000     0.9301     1.0000     0.8763     0.8960     0.8373     1.0000     0.9530     0.9486     0.9412     0.8655     0.7404     0.9000     0.9366     0.9685     0.9709     0.9336     0.9028     0.7386     0.8797     0.7798     1.0000     0.9301     1.0000     0.8763     0.8960     0.8373     1.0000     0.9530     0.9486     0.9412     0.8655     0.7404     0.9000     0.9366     0.9685     0.9709     0.9336     0.9028     0.7386     0.8797     0.7798     1.0000     0.9301     1.0000     0.8763     0.8960     0.8373     1.0000     0.9530     0.9595     0.9520     0.8655     0.7404     0.9000     0.9366     0.9685     0.9709     0.9336     0.9028     0.7386     0.8797     0.7798     1.0000     0.9301     1.0000     0.8763     0.8960     0.8373     1.0000     0.9530     0.9522     0.9448     0.8655     0.7404     0.9000     0.9366     0.9685     0.9709     0.9336     0.9028     0.7386     0.8797     0.7798     1.0000     0.9301     1.0000     0.8763     0.8960     0.8373     1.0000     0.9530     1.0000     1.0000     0.8655     0.7404     0.9000     0.9366     0.9685     0.9709     0.9336     0.9028     0.7386     0.8797     0.7798     1.0000     0.9301     1.0000     0.8763     0.8960     0.8373     1.0000     0.9530     0.8937     0.8867     0.8655     0.7404     0.9000     0.9366     0.9685     0.9709     0.9336     0.9028     0.7386     0.8797     0.7798     1.0000     0.9301     1.0000     0.8763     0.8960     0.8373     1.0000     0.9530     0.9132     0.9061     0.8655     0.7404     0.9000     0.9366     0.9685     0.9709     0.9336     0.9028     0.7386     0.9209     0.9209     0.9209     0.9209     0.9209     0.8906     0.8359     0.9209     0.9976     0.8776     0.9336     0.9117     0.9432     0.7571     0.9494     0.9078     0.9383     0.9911     0.9269     0.9209     0.7500
09/30/1952_24:00     0.8797     0.7798     1.0000     0.9301     1.0000     0.8763     0.8960     0.8373     1.0000     0.9530     0.9486     0.9412     0.8655     0.7404     0.9000     0.9366     0.9685     0.9709     0.9336     0.9028     0.7386     0.8797     0.8200     1.0000     0.9301     1.0000     0.8763     0.8960     0.8373     1.0000     0.9530     0.9194     0.9122     0.8655     0.8200     0.9000     0.9366     0.9685     0.9709     0.9336     0.9028     0.8200     0.8797     0.7798     1.0000     0.9301     1.0000     0.8763     0.8960     0.8373     1.0000     0.9530     0.9632     0.9556     0.8655     0.7404     0.9000     0.9366     0.9685     0.9709     0.9336     0.9028     0.7386     0.8797     0.7798     1.0000     0.9301     1.0000     0.8763     0.8960     0.8373     1.0000     0.9530     0.9340     0.9267     0.8655     0.7404     0.9000     0.9366     0.9685     0.9709     0.9336     0.9028     0.7386     0.8797     0.7798     1.0000     0.9301     1.0000     0.8763     0.8960     0.8373     1.0000     0.9530     0.9705     0.9629     0.8655     0.7404     0.9000     0.9366     0.9685     0.9709     0.9336     0.9028     0.7386     0.8797     0.7798     1.0000     0.9301     1.0000     0.8763     0.8960     0.8373     1.0000     0.9530     0.9266     0.9194     0.8655     0.7404     0.9000     0.9366     0.9685     0.9709     0.9336     0.9028     0.7386     0.8797     0.7798     1.0000     0.9301     1.0000     0.8763     0.8960     0.8373     1.0000     0.9530     0.9632     0.9556     0.8655     0.7404     0.9000     0.9366     0.9685     0.9709     0.9336     0.9028     0.7386     0.8797     0.7798     1.0000     0.9301     1.0000     0.8763     0.8960     0.8373     1.0000     0.9530     0.9705     0.9629     0.8655     0.7404     0.9000     0.9366     0.9685     0.9709     0.9336     0.9028     0.7386     0.8797     0.7798     1.0000     0.9301     1.0000     0.8763     0.8960     0.8373     1.0000     0.9530     0.9705     0.9629     0.8655     0.7404     0.9000     0.9366     0.9685     0.9709     0.9336     0.9028     0.7386     0.8797     0.7798     1.0000     0.9301     1.0000     0.8763     0.8960     0.8373     1.0000     0.9530     0.9340     0.9267     0.8655     0.7404     0.9000     0.9366     0.9685     0.9709     0.9336     0.9028     0.7386     0.8797     0.7798     1.0000     0.9301     1.0000     0.8763     0.8960     0.8373     1.0000     0.9530     0.9340     0.9267     0.8655     0.7404     0.9000     0.9366     0.9685     0.9709     0.9336     0.9028     0.7386     0.8797     0.7798     1.0000     0.9301     1.0000     0.8763     0.8960     0.8373     1.0000     0.9530     0.9632     0.9556     0.8655     0.7404     0.9000     0.9366     0.9685     0.9709     0.9336     0.9028     0.7386     0.8797     0.7798     1.0000     0.9301     1.0000     0.8763     0.8960     0.8373     1.0000     0.9530     0.9449     0.9375     0.8655     0.7404     0.9000     0.9366     0.9685     0.9709     0.9336     0.9028     0.7386     0.8797     0.7798     1.0000     0.9301     1.0000     0.8763     0.8960     0.8373     1.0000     0.9530     0.9486     0.9412     0.8655     0.7404     0.9000     0.9366     0.9685     0.9709     0.9336     0.9028     0.7386     0.8797     0.7798     1.0000     0.9301     1.0000     0.8763     0.8960     0.8373     1.0000     0.9530     0.9486     0.9412     0.8655     0.7404     0.9000     0.9366     0.9685     0.9709     0.9336     0.9028     0.7386     0.8797     0.7798     1.0000     0.9301     1.0000     0.8763     0.8960     0.8373     1.0000     0.9530     0.9595     0.9520     0.8655     0.7404     0.9000     0.9366     0.9685     0.9709     0.9336     0.9028     0.7386     0.8797     0.7798     1.0000     0.9301     1.0000     0.8763     0.8960     0.8373     1.0000     0.9530     0.9522     0.9448     0.8655     0.7404     0.9000     0.9366     0.9685     0.9709     0.9336     0.9028     0.7386     0.8797     0.7798     1.0000     0.9301     1.0000     0.8763     0.8960     0.8373     1.0000     0.9530     1.0000     1.0000     0.8655     0.7404     0.9000     0.9366     0.9685     0.9709     0.9336     0.9028     0.7386     0.8797     0.7798     1.0000     0.9301     1.0000     0.8763     0.8960     0.8373     1.0000     0.9530     0.8937     0.8867     0.8655     0.7404     0.9000     0.9366     0.9685     0.9709     0.9336     0.9028     0.7386     0.8797     0.7798     1.0000     0.9301     1.0000     0.8763     0.8960     0.8373     1.0000     0.9530     0.9132     0.9061     0.8655     0.7404     0.9000     0.9366     0.9685     0.9709     0.9336     0.9028     0.7386     0.9209     0.9209     0.9209     0.9209     0.9209     0.8906     0.8359     0.9209     0.9976     0.8776     0.9336     0.9117     0.9432     0.7571     0.9494     0.9078     0.9383     0.9911     0.9269     0.9209     0.7500
09/30/1953_24:00     0.8797     0.7798     1.0000     0.9301     1.0000     0.8763     0.8960     0.8373     1.0000     0.9530     0.9486     0.9412     0.8655     0.7404     0.9000     0.9366     0.9685     0.9709     0.9336     0.9028     0.7386     0.8797     0.8200     1.0000     0.9301     1.0000     0.8763     0.8960     0.8373     1.0000     0.9530     0.9194     0.9122     0.8655     0.8200     0.9000     0.9366     0.9685     0.9709     0.9336     0.9028     0.8200     0.8797     0.7798     1.0000     0.9301     1.0000     0.8763     0.8960     0.8373     1.0000     0.9530     0.9632     0.9556     0.8655     0.7404     0.9000     0.9366     0.9685     0.9709     0.9336     0.9028     0.7386     0.8797     0.7798     1.0000     0.9301     1.0000     0.8763     0.8960     0.8373     1.0000     0.9530     0.9340     0.9267     0.8655     0.7404     0.9000     0.9366     0.9685     0.9709     0.9336     0.9028     0.7386     0.8797     0.7798     1.0000     0.9301     1.0000     0.8763     0.8960     0.8373     1.0000     0.9530     0.9705     0.9629     0.8655     0.7404     0.9000     0.9366     0.9685     0.9709     0.9336     0.9028     0.7386     0.8797     0.7798     1.0000     0.9301     1.0000     0.8763     0.8960     0.8373     1.0000     0.9530     0.9266     0.9194     0.8655     0.7404     0.9000     0.9366     0.9685     0.9709     0.9336     0.9028     0.7386     0.8797     0.7798     1.0000     0.9301     1.0000     0.8763     0.8960     0.8373     1.0000     0.9530     0.9632     0.9556     0.8655     0.7404     0.9000     0.9366     0.9685     0.9709     0.9336     0.9028     0.7386     0.8797     0.7798     1.0000     0.9301     1.0000     0.8763     0.8960     0.8373     1.0000     0.9530     0.9705     0.9629     0.8655     0.7404     0.9000     0.9366     0.9685     0.9709     0.9336     0.9028     0.7386     0.8797     0.7798     1.0000     0.9301     1.0000     0.8763     0.8960     0.8373     1.0000     0.9530     0.9705     0.9629     0.8655     0.7404     0.9000     0.9366     0.9685     0.9709     0.9336     0.9028     0.7386     0.8797     0.7798     1.0000     0.9301     1.0000     0.8763     0.8960     0.8373     1.0000     0.9530     0.9340     0.9267     0.8655     0.7404     0.9000     0.9366     0.9685     0.9709     0.9336     0.9028     0.7386     0.8797     0.7798     1.0000     0.9301     1.0000     0.8763     0.8960     0.8373     1.0000     0.9530     0.9340     0.9267     0.8655     0.7404     0.9000     0.9366     0.9685     0.9709     0.9336     0.9028     0.7386     0.8797     0.7798     1.0000     0.9301     1.0000     0.8763     0.8960     0.8373     1.0000     0.9530     0.9632     0.9556     0.8655     0.7404     0.9000     0.9366     0.9685     0.9709     0.9336     0.9028     0.7386     0.8797     0.7798     1.0000     0.9301     1.0000     0.8763     0.8960     0.8373     1.0000     0.9530     0.9449     0.9375     0.8655     0.7404     0.9000     0.9366     0.9685     0.9709     0.9336     0.9028     0.7386     0.8797     0.7798     1.0000     0.9301     1.0000     0.8763     0.8960     0.8373     1.0000     0.9530     0.9486     0.9412     0.8655     0.7404     0.9000     0.9366     0.9685     0.9709     0.9336     0.9028     0.7386     0.8797     0.7798     1.0000     0.9301     1.0000     0.8763     0.8960     0.8373     1.0000     0.9530     0.9486     0.9412     0.8655     0.7404     0.9000     0.9366     0.9685     0.9709     0.9336     0.9028     0.7386     0.8797     0.7798     1.0000     0.9301     1.0000     0.8763     0.8960     0.8373     1.0000     0.9530     0.9595     0.9520     0.8655     0.7404     0.9000     0.9366     0.9685     0.9709     0.9336     0.9028     0.7386     0.8797     0.7798     1.0000     0.9301     1.0000     0.8763     0.8960     0.8373     1.0000     0.9530     0.9522     0.9448     0.8655     0.7404     0.9000     0.9366     0.9685     0.9709     0.9336     0.9028     0.7386     0.8797     0.7798     1.0000     0.9301     1.0000     0.8763     0.8960     0.8373     1.0000     0.9530     1.0000     1.0000     0.8655     0.7404     0.9000     0.9366     0.9685     0.9709     0.9336     0.9028     0.7386     0.8797     0.7798     1.0000     0.9301     1.0000     0.8763     0.8960     0.8373     1.0000     0.9530     0.8937     0.8867     0.8655     0.7404     0.9000     0.9366     0.9685     0.9709     0.9336     0.9028     0.7386     0.8797     0.7798     1.0000     0.9301     1.0000     0.8763     0.8960     0.8373     1.0000     0.9530     0.9132     0.9061     0.8655     0.7404     0.9000     0.9366     0.9685     0.9709     0.9336     0.9028     0.7386     0.9209     0.9209     0.9209     0.9209     0.9209     0.8906     0.8359     0.9209     0.9976     0.8776     0.9336     0.9117     0.9432     0.7571     0.9494     0.9078     0.9383     0.9911     0.9269     0.9209     0.7500
09/30/1954_24:00     0.8797     0.7798     1.0000     0.9301     1.0000     0.8763     0.8960     0.8373     1.0000     0.9530     0.9486     0.9412     0.8655     0.7404     0.9000     0.9366     0.9685     0.9709     0.9336     0.9028     0.7386     0.8797     0.8200     1.0000     0.9301     1.0000     0.8763     0.8960     0.8373     1.0000     0.9530     0.9194     0.9122     0.8655     0.8200     0.9000     0.9366     0.9685     0.9709     0.9336     0.9028     0.8200     0.8797     0.7798     1.0000     0.9301     1.0000     0.8763     0.8960     0.8373     1.0000     0.9530     0.9632     0.9556     0.8655     0.7404     0.9000     0.9366     0.9685     0.9709     0.9336     0.9028     0.7386     0.8797     0.7798     1.0000     0.9301     1.0000     0.8763     0.8960     0.8373     1.0000     0.9530     0.9340     0.9267     0.8655     0.7404     0.9000     0.9366     0.9685     0.9709     0.9336     0.9028     0.7386     0.8797     0.7798     1.0000     0.9301     1.0000     0.8763     0.8960     0.8373     1.0000     0.9530     0.9705     0.9629     0.8655     0.7404     0.9000     0.9366     0.9685     0.9709     0.9336     0.9028     0.7386     0.8797     0.7798     1.0000     0.9301     1.0000     0.8763     0.8960     0.8373     1.0000     0.9530     0.9266     0.9194     0.8655     0.7404     0.9000     0.9366     0.9685     0.9709     0.9336     0.9028     0.7386     0.8797     0.7798     1.0000     0.9301     1.0000     0.8763     0.8960     0.8373     1.0000     0.9530     0.9632     0.9556     0.8655     0.7404     0.9000     0.9366     0.9685     0.9709     0.9336     0.9028     0.7386     0.8797     0.7798     1.0000     0.9301     1.0000     0.8763     0.8960     0.8373     1.0000     0.9530     0.9705     0.9629     0.8655     0.7404     0.9000     0.9366     0.9685     0.9709     0.9336     0.9028     0.7386     0.8797     0.7798     1.0000     0.9301     1.0000     0.8763     0.8960     0.8373     1.0000     0.9530     0.9705     0.9629     0.8655     0.7404     0.9000     0.9366     0.9685     0.9709     0.9336     0.9028     0.7386     0.8797     0.7798     1.0000     0.9301     1.0000     0.8763     0.8960     0.8373     1.0000     0.9530     0.9340     0.9267     0.8655     0.7404     0.9000     0.9366     0.9685     0.9709     0.9336     0.9028     0.7386     0.8797     0.7798     1.0000     0.9301     1.0000     0.8763     0.8960     0.8373     1.0000     0.9530     0.9340     0.9267     0.8655     0.7404     0.9000     0.9366     0.9685     0.9709     0.9336     0.9028     0.7386     0.8797     0.7798     1.0000     0.9301     1.0000     0.8763     0.8960     0.8373     1.0000     0.9530     0.9632     0.9556     0.8655     0.7404     0.9000     0.9366     0.9685     0.9709     0.9336     0.9028     0.7386     0.8797     0.7798     1.0000     0.9301     1.0000     0.8763     0.8960     0.8373     1.0000     0.9530     0.9449     0.9375     0.8655     0.7404     0.9000     0.9366     0.9685     0.9709     0.9336     0.9028     0.7386     0.8797     0.7798     1.0000     0.9301     1.0000     0.8763     0.8960     0.8373     1.0000     0.9530     0.9486     0.9412     0.8655     0.7404     0.9000     0.9366     0.9685     0.9709     0.9336     0.9028     0.7386     0.8797     0.7798     1.0000     0.9301     1.0000     0.8763     0.8960     0.8373     1.0000     0.9530     0.9486     0.9412     0.8655     0.7404     0.9000     0.9366     0.9685     0.9709     0.9336     0.9028     0.7386     0.8797     0.7798     1.0000     0.9301     1.0000     0.8763     0.8960     0.8373     1.0000     0.9530     0.9595     0.9520     0.8655     0.7404     0.9000     0.9366     0.9685     0.9709     0.9336     0.9028     0.7386     0.8797     0.7798     1.0000     0.9301     1.0000     0.8763     0.8960     0.8373     1.0000     0.9530     0.9522     0.9448     0.8655     0.7404     0.9000     0.9366     0.9685     0.9709     0.9336     0.9028     0.7386     0.8797     0.7798     1.0000     0.9301     1.0000     0.8763     0.8960     0.8373     1.0000     0.9530     1.0000     1.0000     0.8655     0.7404     0.9000     0.9366     0.9685     0.9709     0.9336     0.9028     0.7386     0.8797     0.7798     1.0000     0.9301     1.0000     0.8763     0.8960     0.8373     1.0000     0.9530     0.8937     0.8867     0.8655     0.7404     0.9000     0.9366     0.9685     0.9709     0.9336     0.9028     0.7386     0.8797     0.7798     1.0000     0.9301     1.0000     0.8763     0.8960     0.8373     1.0000     0.9530     0.9132     0.9061     0.8655     0.7404     0.9000     0.9366     0.9685     0.9709     0.9336     0.9028     0.7386     0.9209     0.9209     0.9209     0.9209     0.9209     0.8906     0.8359     0.9209     0.9976     0.8776     0.9336     0.9117     0.9432     0.7571     0.9494     0.9078     0.9383     0.9911     0.9269     0.9209     0.7500
09/30/1955_24:00     0.8797     0.7798     1.0000     0.9301     1.0000     0.8763     0.8960     0.8373     1.0000     0.9530     0.9486     0.9412     0.8655     0.7404     0.9000     0.9366     0.9685     0.9709     0.9336     0.9028     0.7386     0.8797     0.8200     1.0000     0.9301     1.0000     0.8763     0.8960     0.8373     1.0000     0.9530     0.9194     0.9122     0.8655     0.8200     0.9000     0.9366     0.9685     0.9709     0.9336     0.9028     0.8200     0.8797     0.7798     1.0000     0.9301     1.0000     0.8763     0.8960     0.8373     1.0000     0.9530     0.9632     0.9556     0.8655     0.7404     0.9000     0.9366     0.9685     0.9709     0.9336     0.9028     0.7386     0.8797     0.7798     1.0000     0.9301     1.0000     0.8763     0.8960     0.8373     1.0000     0.9530     0.9340     0.9267     0.8655     0.7404     0.9000     0.9366     0.9685     0.9709     0.9336     0.9028     0.7386     0.8797     0.7798     1.0000     0.9301     1.0000     0.8763     0.8960     0.8373     1.0000     0.9530     0.9705     0.9629     0.8655     0.7404     0.9000     0.9366     0.9685     0.9709     0.9336     0.9028     0.7386     0.8797     0.7798     1.0000     0.9301     1.0000     0.8763     0.8960     0.8373     1.0000     0.9530     0.9266     0.9194     0.8655     0.7404     0.9000     0.9366     0.9685     0.9709     0.9336     0.9028     0.7386     0.8797     0.7798     1.0000     0.9301     1.0000     0.8763     0.8960     0.8373     1.0000     0.9530     0.9632     0.9556     0.8655     0.7404     0.9000     0.9366     0.9685     0.9709     0.9336     0.9028     0.7386     0.8797     0.7798     1.0000     0.9301     1.0000     0.8763     0.8960     0.8373     1.0000     0.9530     0.9705     0.9629     0.8655     0.7404     0.9000     0.9366     0.9685     0.9709     0.9336     0.9028     0.7386     0.8797     0.7798     1.0000     0.9301     1.0000     0.8763     0.8960     0.8373     1.0000     0.9530     0.9705     0.9629     0.8655     0.7404     0.9000     0.9366     0.9685     0.9709     0.9336     0.9028     0.7386     0.8797     0.7798     1.0000     0.9301     1.0000     0.8763     0.8960     0.8373     1.0000     0.9530     0.9340     0.9267     0.8655     0.7404     0.9000     0.9366     0.9685     0.9709     0.9336     0.9028     0.7386     0.8797     0.7798     1.0000     0.9301     1.0000     0.8763     0.8960     0.8373     1.0000     0.9530     0.9340     0.9267     0.8655     0.7404     0.9000     0.9366     0.9685     0.9709     0.9336     0.9028     0.7386     0.8797     0.7798     1.0000     0.9301     1.0000     0.8763     0.8960     0.8373     1.0000     0.9530     0.9632     0.9556     0.8655     0.7404     0.9000     0.9366     0.9685     0.9709     0.9336     0.9028     0.7386     0.8797     0.7798     1.0000     0.9301     1.0000     0.8763     0.8960     0.8373     1.0000     0.9530     0.9449     0.9375     0.8655     0.7404     0.9000     0.9366     0.9685     0.9709     0.9336     0.9028     0.7386     0.8797     0.7798     1.0000     0.9301     1.0000     0.8763     0.8960     0.8373     1.0000     0.9530     0.9486     0.9412     0.8655     0.7404     0.9000     0.9366     0.9685     0.9709     0.9336     0.9028     0.7386     0.8797     0.7798     1.0000     0.9301     1.0000     0.8763     0.8960     0.8373     1.0000     0.9530     0.9486     0.9412     0.8655     0.7404     0.9000     0.9366     0.9685     0.9709     0.9336     0.9028     0.7386     0.8797     0.7798     1.0000     0.9301     1.0000     0.8763     0.8960     0.8373     1.0000     0.9530     0.9595     0.9520     0.8655     0.7404     0.9000     0.9366     0.9685     0.9709     0.9336     0.9028     0.7386     0.8797     0.7798     1.0000     0.9301     1.0000     0.8763     0.8960     0.8373     1.0000     0.9530     0.9522     0.9448     0.8655     0.7404     0.9000     0.9366     0.9685     0.9709     0.9336     0.9028     0.7386     0.8797     0.7798     1.0000     0.9301     1.0000     0.8763     0.8960     0.8373     1.0000     0.9530     1.0000     1.0000     0.8655     0.7404     0.9000     0.9366     0.9685     0.9709     0.9336     0.9028     0.7386     0.8797     0.7798     1.0000     0.9301     1.0000     0.8763     0.8960     0.8373     1.0000     0.9530     0.8937     0.8867     0.8655     0.7404     0.9000     0.9366     0.9685     0.9709     0.9336     0.9028     0.7386     0.8797     0.7798     1.0000     0.9301     1.0000     0.8763     0.8960     0.8373     1.0000     0.9530     0.9132     0.9061     0.8655     0.7404     0.9000     0.9366     0.9685     0.9709     0.9336     0.9028     0.7386     0.9209     0.9209     0.9209     0.9209     0.9209     0.8906     0.8359     0.9209     0.9976     0.8776     0.9336     0.9117     0.9432     0.7571     0.9494     0.9078     0.9383     0.9911     0.9269     0.9209     0.7500
09/30/1956_24:00     0.8797     0.7798     1.0000     0.9301     1.0000     0.8763     0.8960     0.8373     1.0000     0.9530     0.9486     0.9412     0.8655     0.7404     0.9000     0.9366     0.9685     0.9709     0.9336     0.9028     0.7386     0.8797     0.8200     1.0000     0.9301     1.0000     0.8763     0.8960     0.8373     1.0000     0.9530     0.9194     0.9122     0.8655     0.8200     0.9000     0.9366     0.9685     0.9709     0.9336     0.9028     0.8200     0.8797     0.7798     1.0000     0.9301     1.0000     0.8763     0.8960     0.8373     1.0000     0.9530     0.9632     0.9556     0.8655     0.7404     0.9000     0.9366     0.9685     0.9709     0.9336     0.9028     0.7386     0.8797     0.7798     1.0000     0.9301     1.0000     0.8763     0.8960     0.8373     1.0000     0.9530     0.9340     0.9267     0.8655     0.7404     0.9000     0.9366     0.9685     0.9709     0.9336     0.9028     0.7386     0.8797     0.7798     1.0000     0.9301     1.0000     0.8763     0.8960     0.8373     1.0000     0.9530     0.9705     0.9629     0.8655     0.7404     0.9000     0.9366     0.9685     0.9709     0.9336     0.9028     0.7386     0.8797     0.7798     1.0000     0.9301     1.0000     0.8763     0.8960     0.8373     1.0000     0.9530     0.9266     0.9194     0.8655     0.7404     0.9000     0.9366     0.9685     0.9709     0.9336     0.9028     0.7386     0.8797     0.7798     1.0000     0.9301     1.0000     0.8763     0.8960     0.8373     1.0000     0.9530     0.9632     0.9556     0.8655     0.7404     0.9000     0.9366     0.9685     0.9709     0.9336     0.9028     0.7386     0.8797     0.7798     1.0000     0.9301     1.0000     0.8763     0.8960     0.8373     1.0000     0.9530     0.9705     0.9629     0.8655     0.7404     0.9000     0.9366     0.9685     0.9709     0.9336     0.9028     0.7386     0.8797     0.7798     1.0000     0.9301     1.0000     0.8763     0.8960     0.8373     1.0000     0.9530     0.9705     0.9629     0.8655     0.7404     0.9000     0.9366     0.9685     0.9709     0.9336     0.9028     0.7386     0.8797     0.7798     1.0000     0.9301     1.0000     0.8763     0.8960     0.8373     1.0000     0.9530     0.9340     0.9267     0.8655     0.7404     0.9000     0.9366     0.9685     0.9709     0.9336     0.9028     0.7386     0.8797     0.7798     1.0000     0.9301     1.0000     0.8763     0.8960     0.8373     1.0000     0.9530     0.9340     0.9267     0.8655     0.7404     0.9000     0.9366     0.9685     0.9709     0.9336     0.9028     0.7386     0.8797     0.7798     1.0000     0.9301     1.0000     0.8763     0.8960     0.8373     1.0000     0.9530     0.9632     0.9556     0.8655     0.7404     0.9000     0.9366     0.9685     0.9709     0.9336     0.9028     0.7386     0.8797     0.7798     1.0000     0.9301     1.0000     0.8763     0.8960     0.8373     1.0000     0.9530     0.9449     0.9375     0.8655     0.7404     0.9000     0.9366     0.9685     0.9709     0.9336     0.9028     0.7386     0.8797     0.7798     1.0000     0.9301     1.0000     0.8763     0.8960     0.8373     1.0000     0.9530     0.9486     0.9412     0.8655     0.7404     0.9000     0.9366     0.9685     0.9709     0.9336     0.9028     0.7386     0.8797     0.7798     1.0000     0.9301     1.0000     0.8763     0.8960     0.8373     1.0000     0.9530     0.9486     0.9412     0.8655     0.7404     0.9000     0.9366     0.9685     0.9709     0.9336     0.9028     0.7386     0.8797     0.7798     1.0000     0.9301     1.0000     0.8763     0.8960     0.8373     1.0000     0.9530     0.9595     0.9520     0.8655     0.7404     0.9000     0.9366     0.9685     0.9709     0.9336     0.9028     0.7386     0.8797     0.7798     1.0000     0.9301     1.0000     0.8763     0.8960     0.8373     1.0000     0.9530     0.9522     0.9448     0.8655     0.7404     0.9000     0.9366     0.9685     0.9709     0.9336     0.9028     0.7386     0.8797     0.7798     1.0000     0.9301     1.0000     0.8763     0.8960     0.8373     1.0000     0.9530     1.0000     1.0000     0.8655     0.7404     0.9000     0.9366     0.9685     0.9709     0.9336     0.9028     0.7386     0.8797     0.7798     1.0000     0.9301     1.0000     0.8763     0.8960     0.8373     1.0000     0.9530     0.8937     0.8867     0.8655     0.7404     0.9000     0.9366     0.9685     0.9709     0.9336     0.9028     0.7386     0.8797     0.7798     1.0000     0.9301     1.0000     0.8763     0.8960     0.8373     1.0000     0.9530     0.9132     0.9061     0.8655     0.7404     0.9000     0.9366     0.9685     0.9709     0.9336     0.9028     0.7386     0.9209     0.9209     0.9209     0.9209     0.9209     0.8906     0.8359     0.9209     0.9976     0.8776     0.9336     0.9117     0.9432     0.7571     0.9494     0.9078     0.9383     0.9911     0.9269     0.9209     0.7500
09/30/1957_24:00     0.8797     0.7798     1.0000     0.9301     1.0000     0.8763     0.8960     0.8373     1.0000     0.9530     0.9486     0.9412     0.8655     0.7404     0.9000     0.9366     0.9685     0.9709     0.9336     0.9028     0.7386     0.8797     0.8200     1.0000     0.9301     1.0000     0.8763     0.8960     0.8373     1.0000     0.9530     0.9194     0.9122     0.8655     0.8200     0.9000     0.9366     0.9685     0.9709     0.9336     0.9028     0.8200     0.8797     0.7798     1.0000     0.9301     1.0000     0.8763     0.8960     0.8373     1.0000     0.9530     0.9632     0.9556     0.8655     0.7404     0.9000     0.9366     0.9685     0.9709     0.9336     0.9028     0.7386     0.8797     0.7798     1.0000     0.9301     1.0000     0.8763     0.8960     0.8373     1.0000     0.9530     0.9340     0.9267     0.8655     0.7404     0.9000     0.9366     0.9685     0.9709     0.9336     0.9028     0.7386     0.8797     0.7798     1.0000     0.9301     1.0000     0.8763     0.8960     0.8373     1.0000     0.9530     0.9705     0.9629     0.8655     0.7404     0.9000     0.9366     0.9685     0.9709     0.9336     0.9028     0.7386     0.8797     0.7798     1.0000     0.9301     1.0000     0.8763     0.8960     0.8373     1.0000     0.9530     0.9266     0.9194     0.8655     0.7404     0.9000     0.9366     0.9685     0.9709     0.9336     0.9028     0.7386     0.8797     0.7798     1.0000     0.9301     1.0000     0.8763     0.8960     0.8373     1.0000     0.9530     0.9632     0.9556     0.8655     0.7404     0.9000     0.9366     0.9685     0.9709     0.9336     0.9028     0.7386     0.8797     0.7798     1.0000     0.9301     1.0000     0.8763     0.8960     0.8373     1.0000     0.9530     0.9705     0.9629     0.8655     0.7404     0.9000     0.9366     0.9685     0.9709     0.9336     0.9028     0.7386     0.8797     0.7798     1.0000     0.9301     1.0000     0.8763     0.8960     0.8373     1.0000     0.9530     0.9705     0.9629     0.8655     0.7404     0.9000     0.9366     0.9685     0.9709     0.9336     0.9028     0.7386     0.8797     0.7798     1.0000     0.9301     1.0000     0.8763     0.8960     0.8373     1.0000     0.9530     0.9340     0.9267     0.8655     0.7404     0.9000     0.9366     0.9685     0.9709     0.9336     0.9028     0.7386     0.8797     0.7798     1.0000     0.9301     1.0000     0.8763     0.8960     0.8373     1.0000     0.9530     0.9340     0.9267     0.8655     0.7404     0.9000     0.9366     0.9685     0.9709     0.9336     0.9028     0.7386     0.8797     0.7798     1.0000     0.9301     1.0000     0.8763     0.8960     0.8373     1.0000     0.9530     0.9632     0.9556     0.8655     0.7404     0.9000     0.9366     0.9685     0.9709     0.9336     0.9028     0.7386     0.8797     0.7798     1.0000     0.9301     1.0000     0.8763     0.8960     0.8373     1.0000     0.9530     0.9449     0.9375     0.8655     0.7404     0.9000     0.9366     0.9685     0.9709     0.9336     0.9028     0.7386     0.8797     0.7798     1.0000     0.9301     1.0000     0.8763     0.8960     0.8373     1.0000     0.9530     0.9486     0.9412     0.8655     0.7404     0.9000     0.9366     0.9685     0.9709     0.9336     0.9028     0.7386     0.8797     0.7798     1.0000     0.9301     1.0000     0.8763     0.8960     0.8373     1.0000     0.9530     0.9486     0.9412     0.8655     0.7404     0.9000     0.9366     0.9685     0.9709     0.9336     0.9028     0.7386     0.8797     0.7798     1.0000     0.9301     1.0000     0.8763     0.8960     0.8373     1.0000     0.9530     0.9595     0.9520     0.8655     0.7404     0.9000     0.9366     0.9685     0.9709     0.9336     0.9028     0.7386     0.8797     0.7798     1.0000     0.9301     1.0000     0.8763     0.8960     0.8373     1.0000     0.9530     0.9522     0.9448     0.8655     0.7404     0.9000     0.9366     0.9685     0.9709     0.9336     0.9028     0.7386     0.8797     0.7798     1.0000     0.9301     1.0000     0.8763     0.8960     0.8373     1.0000     0.9530     1.0000     1.0000     0.8655     0.7404     0.9000     0.9366     0.9685     0.9709     0.9336     0.9028     0.7386     0.8797     0.7798     1.0000     0.9301     1.0000     0.8763     0.8960     0.8373     1.0000     0.9530     0.8937     0.8867     0.8655     0.7404     0.9000     0.9366     0.9685     0.9709     0.9336     0.9028     0.7386     0.8797     0.7798     1.0000     0.9301     1.0000     0.8763     0.8960     0.8373     1.0000     0.9530     0.9132     0.9061     0.8655     0.7404     0.9000     0.9366     0.9685     0.9709     0.9336     0.9028     0.7386     0.9209     0.9209     0.9209     0.9209     0.9209     0.8906     0.8359     0.9209     0.9976     0.8776     0.9336     0.9117     0.9432     0.7571     0.9494     0.9078     0.9383     0.9911     0.9269     0.9209     0.7500
09/30/1958_24:00     0.8797     0.7798     1.0000     0.9301     1.0000     0.8763     0.8960     0.8373     1.0000     0.9530     0.9486     0.9412     0.8655     0.7404     0.9000     0.9366     0.9685     0.9709     0.9336     0.9028     0.7386     0.8797     0.8200     1.0000     0.9301     1.0000     0.8763     0.8960     0.8373     1.0000     0.9530     0.9194     0.9122     0.8655     0.8200     0.9000     0.9366     0.9685     0.9709     0.9336     0.9028     0.8200     0.8797     0.7798     1.0000     0.9301     1.0000     0.8763     0.8960     0.8373     1.0000     0.9530     0.9632     0.9556     0.8655     0.7404     0.9000     0.9366     0.9685     0.9709     0.9336     0.9028     0.7386     0.8797     0.7798     1.0000     0.9301     1.0000     0.8763     0.8960     0.8373     1.0000     0.9530     0.9340     0.9267     0.8655     0.7404     0.9000     0.9366     0.9685     0.9709     0.9336     0.9028     0.7386     0.8797     0.7798     1.0000     0.9301     1.0000     0.8763     0.8960     0.8373     1.0000     0.9530     0.9705     0.9629     0.8655     0.7404     0.9000     0.9366     0.9685     0.9709     0.9336     0.9028     0.7386     0.8797     0.7798     1.0000     0.9301     1.0000     0.8763     0.8960     0.8373     1.0000     0.9530     0.9266     0.9194     0.8655     0.7404     0.9000     0.9366     0.9685     0.9709     0.9336     0.9028     0.7386     0.8797     0.7798     1.0000     0.9301     1.0000     0.8763     0.8960     0.8373     1.0000     0.9530     0.9632     0.9556     0.8655     0.7404     0.9000     0.9366     0.9685     0.9709     0.9336     0.9028     0.7386     0.8797     0.7798     1.0000     0.9301     1.0000     0.8763     0.8960     0.8373     1.0000     0.9530     0.9705     0.9629     0.8655     0.7404     0.9000     0.9366     0.9685     0.9709     0.9336     0.9028     0.7386     0.8797     0.7798     1.0000     0.9301     1.0000     0.8763     0.8960     0.8373     1.0000     0.9530     0.9705     0.9629     0.8655     0.7404     0.9000     0.9366     0.9685     0.9709     0.9336     0.9028     0.7386     0.8797     0.7798     1.0000     0.9301     1.0000     0.8763     0.8960     0.8373     1.0000     0.9530     0.9340     0.9267     0.8655     0.7404     0.9000     0.9366     0.9685     0.9709     0.9336     0.9028     0.7386     0.8797     0.7798     1.0000     0.9301     1.0000     0.8763     0.8960     0.8373     1.0000     0.9530     0.9340     0.9267     0.8655     0.7404     0.9000     0.9366     0.9685     0.9709     0.9336     0.9028     0.7386     0.8797     0.7798     1.0000     0.9301     1.0000     0.8763     0.8960     0.8373     1.0000     0.9530     0.9632     0.9556     0.8655     0.7404     0.9000     0.9366     0.9685     0.9709     0.9336     0.9028     0.7386     0.8797     0.7798     1.0000     0.9301     1.0000     0.8763     0.8960     0.8373     1.0000     0.9530     0.9449     0.9375     0.8655     0.7404     0.9000     0.9366     0.9685     0.9709     0.9336     0.9028     0.7386     0.8797     0.7798     1.0000     0.9301     1.0000     0.8763     0.8960     0.8373     1.0000     0.9530     0.9486     0.9412     0.8655     0.7404     0.9000     0.9366     0.9685     0.9709     0.9336     0.9028     0.7386     0.8797     0.7798     1.0000     0.9301     1.0000     0.8763     0.8960     0.8373     1.0000     0.9530     0.9486     0.9412     0.8655     0.7404     0.9000     0.9366     0.9685     0.9709     0.9336     0.9028     0.7386     0.8797     0.7798     1.0000     0.9301     1.0000     0.8763     0.8960     0.8373     1.0000     0.9530     0.9595     0.9520     0.8655     0.7404     0.9000     0.9366     0.9685     0.9709     0.9336     0.9028     0.7386     0.8797     0.7798     1.0000     0.9301     1.0000     0.8763     0.8960     0.8373     1.0000     0.9530     0.9522     0.9448     0.8655     0.7404     0.9000     0.9366     0.9685     0.9709     0.9336     0.9028     0.7386     0.8797     0.7798     1.0000     0.9301     1.0000     0.8763     0.8960     0.8373     1.0000     0.9530     1.0000     1.0000     0.8655     0.7404     0.9000     0.9366     0.9685     0.9709     0.9336     0.9028     0.7386     0.8797     0.7798     1.0000     0.9301     1.0000     0.8763     0.8960     0.8373     1.0000     0.9530     0.8937     0.8867     0.8655     0.7404     0.9000     0.9366     0.9685     0.9709     0.9336     0.9028     0.7386     0.8797     0.7798     1.0000     0.9301     1.0000     0.8763     0.8960     0.8373     1.0000     0.9530     0.9132     0.9061     0.8655     0.7404     0.9000     0.9366     0.9685     0.9709     0.9336     0.9028     0.7386     0.9209     0.9209     0.9209     0.9209     0.9209     0.8906     0.8359     0.9209     0.9976     0.8776     0.9336     0.9117     0.9432     0.7571     0.9494     0.9078     0.9383     0.9911     0.9269     0.9209     0.7500
09/30/1959_24:00     0.8797     0.7798     1.0000     0.9301     1.0000     0.8763     0.8960     0.8373     1.0000     0.9530     0.9486     0.9412     0.8655     0.7404     0.9000     0.9366     0.9685     0.9709     0.9336     0.9028     0.7386     0.8797     0.8200     1.0000     0.9301     1.0000     0.8763     0.8960     0.8373     1.0000     0.9530     0.9194     0.9122     0.8655     0.8200     0.9000     0.9366     0.9685     0.9709     0.9336     0.9028     0.8200     0.8797     0.7798     1.0000     0.9301     1.0000     0.8763     0.8960     0.8373     1.0000     0.9530     0.9632     0.9556     0.8655     0.7404     0.9000     0.9366     0.9685     0.9709     0.9336     0.9028     0.7386     0.8797     0.7798     1.0000     0.9301     1.0000     0.8763     0.8960     0.8373     1.0000     0.9530     0.9340     0.9267     0.8655     0.7404     0.9000     0.9366     0.9685     0.9709     0.9336     0.9028     0.7386     0.8797     0.7798     1.0000     0.9301     1.0000     0.8763     0.8960     0.8373     1.0000     0.9530     0.9705     0.9629     0.8655     0.7404     0.9000     0.9366     0.9685     0.9709     0.9336     0.9028     0.7386     0.8797     0.7798     1.0000     0.9301     1.0000     0.8763     0.8960     0.8373     1.0000     0.9530     0.9266     0.9194     0.8655     0.7404     0.9000     0.9366     0.9685     0.9709     0.9336     0.9028     0.7386     0.8797     0.7798     1.0000     0.9301     1.0000     0.8763     0.8960     0.8373     1.0000     0.9530     0.9632     0.9556     0.8655     0.7404     0.9000     0.9366     0.9685     0.9709     0.9336     0.9028     0.7386     0.8797     0.7798     1.0000     0.9301     1.0000     0.8763     0.8960     0.8373     1.0000     0.9530     0.9705     0.9629     0.8655     0.7404     0.9000     0.9366     0.9685     0.9709     0.9336     0.9028     0.7386     0.8797     0.7798     1.0000     0.9301     1.0000     0.8763     0.8960     0.8373     1.0000     0.9530     0.9705     0.9629     0.8655     0.7404     0.9000     0.9366     0.9685     0.9709     0.9336     0.9028     0.7386     0.8797     0.7798     1.0000     0.9301     1.0000     0.8763     0.8960     0.8373     1.0000     0.9530     0.9340     0.9267     0.8655     0.7404     0.9000     0.9366     0.9685     0.9709     0.9336     0.9028     0.7386     0.8797     0.7798     1.0000     0.9301     1.0000     0.8763     0.8960     0.8373     1.0000     0.9530     0.9340     0.9267     0.8655     0.7404     0.9000     0.9366     0.9685     0.9709     0.9336     0.9028     0.7386     0.8797     0.7798     1.0000     0.9301     1.0000     0.8763     0.8960     0.8373     1.0000     0.9530     0.9632     0.9556     0.8655     0.7404     0.9000     0.9366     0.9685     0.9709     0.9336     0.9028     0.7386     0.8797     0.7798     1.0000     0.9301     1.0000     0.8763     0.8960     0.8373     1.0000     0.9530     0.9449     0.9375     0.8655     0.7404     0.9000     0.9366     0.9685     0.9709     0.9336     0.9028     0.7386     0.8797     0.7798     1.0000     0.9301     1.0000     0.8763     0.8960     0.8373     1.0000     0.9530     0.9486     0.9412     0.8655     0.7404     0.9000     0.9366     0.9685     0.9709     0.9336     0.9028     0.7386     0.8797     0.7798     1.0000     0.9301     1.0000     0.8763     0.8960     0.8373     1.0000     0.9530     0.9486     0.9412     0.8655     0.7404     0.9000     0.9366     0.9685     0.9709     0.9336     0.9028     0.7386     0.8797     0.7798     1.0000     0.9301     1.0000     0.8763     0.8960     0.8373     1.0000     0.9530     0.9595     0.9520     0.8655     0.7404     0.9000     0.9366     0.9685     0.9709     0.9336     0.9028     0.7386     0.8797     0.7798     1.0000     0.9301     1.0000     0.8763     0.8960     0.8373     1.0000     0.9530     0.9522     0.9448     0.8655     0.7404     0.9000     0.9366     0.9685     0.9709     0.9336     0.9028     0.7386     0.8797     0.7798     1.0000     0.9301     1.0000     0.8763     0.8960     0.8373     1.0000     0.9530     1.0000     1.0000     0.8655     0.7404     0.9000     0.9366     0.9685     0.9709     0.9336     0.9028     0.7386     0.8797     0.7798     1.0000     0.9301     1.0000     0.8763     0.8960     0.8373     1.0000     0.9530     0.8937     0.8867     0.8655     0.7404     0.9000     0.9366     0.9685     0.9709     0.9336     0.9028     0.7386     0.8797     0.7798     1.0000     0.9301     1.0000     0.8763     0.8960     0.8373     1.0000     0.9530     0.9132     0.9061     0.8655     0.7404     0.9000     0.9366     0.9685     0.9709     0.9336     0.9028     0.7386     0.9209     0.9209     0.9209     0.9209     0.9209     0.8906     0.8359     0.9209     0.9976     0.8776     0.9336     0.9117     0.9432     0.7571     0.9494     0.9078     0.9383     0.9911     0.9269     0.9209     0.7500
09/30/1960_24:00     0.8797     0.7798     1.0000     0.9301     1.0000     0.8763     0.8960     0.8373     1.0000     0.9530     0.9486     0.9412     0.8655     0.7404     0.9000     0.9366     0.9685     0.9709     0.9336     0.9028     0.7386     0.8797     0.8200     1.0000     0.9301     1.0000     0.8763     0.8960     0.8373     1.0000     0.9530     0.9194     0.9122     0.8655     0.8200     0.9000     0.9366     0.9685     0.9709     0.9336     0.9028     0.8200     0.8797     0.7798     1.0000     0.9301     1.0000     0.8763     0.8960     0.8373     1.0000     0.9530     0.9632     0.9556     0.8655     0.7404     0.9000     0.9366     0.9685     0.9709     0.9336     0.9028     0.7386     0.8797     0.7798     1.0000     0.9301     1.0000     0.8763     0.8960     0.8373     1.0000     0.9530     0.9340     0.9267     0.8655     0.7404     0.9000     0.9366     0.9685     0.9709     0.9336     0.9028     0.7386     0.8797     0.7798     1.0000     0.9301     1.0000     0.8763     0.8960     0.8373     1.0000     0.9530     0.9705     0.9629     0.8655     0.7404     0.9000     0.9366     0.9685     0.9709     0.9336     0.9028     0.7386     0.8797     0.7798     1.0000     0.9301     1.0000     0.8763     0.8960     0.8373     1.0000     0.9530     0.9266     0.9194     0.8655     0.7404     0.9000     0.9366     0.9685     0.9709     0.9336     0.9028     0.7386     0.8797     0.7798     1.0000     0.9301     1.0000     0.8763     0.8960     0.8373     1.0000     0.9530     0.9632     0.9556     0.8655     0.7404     0.9000     0.9366     0.9685     0.9709     0.9336     0.9028     0.7386     0.8797     0.7798     1.0000     0.9301     1.0000     0.8763     0.8960     0.8373     1.0000     0.9530     0.9705     0.9629     0.8655     0.7404     0.9000     0.9366     0.9685     0.9709     0.9336     0.9028     0.7386     0.8797     0.7798     1.0000     0.9301     1.0000     0.8763     0.8960     0.8373     1.0000     0.9530     0.9705     0.9629     0.8655     0.7404     0.9000     0.9366     0.9685     0.9709     0.9336     0.9028     0.7386     0.8797     0.7798     1.0000     0.9301     1.0000     0.8763     0.8960     0.8373     1.0000     0.9530     0.9340     0.9267     0.8655     0.7404     0.9000     0.9366     0.9685     0.9709     0.9336     0.9028     0.7386     0.8797     0.7798     1.0000     0.9301     1.0000     0.8763     0.8960     0.8373     1.0000     0.9530     0.9340     0.9267     0.8655     0.7404     0.9000     0.9366     0.9685     0.9709     0.9336     0.9028     0.7386     0.8797     0.7798     1.0000     0.9301     1.0000     0.8763     0.8960     0.8373     1.0000     0.9530     0.9632     0.9556     0.8655     0.7404     0.9000     0.9366     0.9685     0.9709     0.9336     0.9028     0.7386     0.8797     0.7798     1.0000     0.9301     1.0000     0.8763     0.8960     0.8373     1.0000     0.9530     0.9449     0.9375     0.8655     0.7404     0.9000     0.9366     0.9685     0.9709     0.9336     0.9028     0.7386     0.8797     0.7798     1.0000     0.9301     1.0000     0.8763     0.8960     0.8373     1.0000     0.9530     0.9486     0.9412     0.8655     0.7404     0.9000     0.9366     0.9685     0.9709     0.9336     0.9028     0.7386     0.8797     0.7798     1.0000     0.9301     1.0000     0.8763     0.8960     0.8373     1.0000     0.9530     0.9486     0.9412     0.8655     0.7404     0.9000     0.9366     0.9685     0.9709     0.9336     0.9028     0.7386     0.8797     0.7798     1.0000     0.9301     1.0000     0.8763     0.8960     0.8373     1.0000     0.9530     0.9595     0.9520     0.8655     0.7404     0.9000     0.9366     0.9685     0.9709     0.9336     0.9028     0.7386     0.8797     0.7798     1.0000     0.9301     1.0000     0.8763     0.8960     0.8373     1.0000     0.9530     0.9522     0.9448     0.8655     0.7404     0.9000     0.9366     0.9685     0.9709     0.9336     0.9028     0.7386     0.8797     0.7798     1.0000     0.9301     1.0000     0.8763     0.8960     0.8373     1.0000     0.9530     1.0000     1.0000     0.8655     0.7404     0.9000     0.9366     0.9685     0.9709     0.9336     0.9028     0.7386     0.8797     0.7798     1.0000     0.9301     1.0000     0.8763     0.8960     0.8373     1.0000     0.9530     0.8937     0.8867     0.8655     0.7404     0.9000     0.9366     0.9685     0.9709     0.9336     0.9028     0.7386     0.8797     0.7798     1.0000     0.9301     1.0000     0.8763     0.8960     0.8373     1.0000     0.9530     0.9132     0.9061     0.8655     0.7404     0.9000     0.9366     0.9685     0.9709     0.9336     0.9028     0.7386     0.9209     0.9209     0.9209     0.9209     0.9209     0.8906     0.8359     0.9209     0.9976     0.8776     0.9336     0.9117     0.9432     0.7571     0.9494     0.9078     0.9383     0.9911     0.9269     0.9209     0.7500
09/30/1961_24:00     0.8797     0.7798     1.0000     0.9301     1.0000     0.8763     0.8960     0.8373     1.0000     0.9530     0.9486     0.9412     0.8655     0.7404     0.9000     0.9366     0.9685     0.9709     0.9336     0.9028     0.7386     0.8797     0.8200     1.0000     0.9301     1.0000     0.8763     0.8960     0.8373     1.0000     0.9530     0.9194     0.9122     0.8655     0.8200     0.9000     0.9366     0.9685     0.9709     0.9336     0.9028     0.8200     0.8797     0.7798     1.0000     0.9301     1.0000     0.8763     0.8960     0.8373     1.0000     0.9530     0.9632     0.9556     0.8655     0.7404     0.9000     0.9366     0.9685     0.9709     0.9336     0.9028     0.7386     0.8797     0.7798     1.0000     0.9301     1.0000     0.8763     0.8960     0.8373     1.0000     0.9530     0.9340     0.9267     0.8655     0.7404     0.9000     0.9366     0.9685     0.9709     0.9336     0.9028     0.7386     0.8797     0.7798     1.0000     0.9301     1.0000     0.8763     0.8960     0.8373     1.0000     0.9530     0.9705     0.9629     0.8655     0.7404     0.9000     0.9366     0.9685     0.9709     0.9336     0.9028     0.7386     0.8797     0.7798     1.0000     0.9301     1.0000     0.8763     0.8960     0.8373     1.0000     0.9530     0.9266     0.9194     0.8655     0.7404     0.9000     0.9366     0.9685     0.9709     0.9336     0.9028     0.7386     0.8797     0.7798     1.0000     0.9301     1.0000     0.8763     0.8960     0.8373     1.0000     0.9530     0.9632     0.9556     0.8655     0.7404     0.9000     0.9366     0.9685     0.9709     0.9336     0.9028     0.7386     0.8797     0.7798     1.0000     0.9301     1.0000     0.8763     0.8960     0.8373     1.0000     0.9530     0.9705     0.9629     0.8655     0.7404     0.9000     0.9366     0.9685     0.9709     0.9336     0.9028     0.7386     0.8797     0.7798     1.0000     0.9301     1.0000     0.8763     0.8960     0.8373     1.0000     0.9530     0.9705     0.9629     0.8655     0.7404     0.9000     0.9366     0.9685     0.9709     0.9336     0.9028     0.7386     0.8797     0.7798     1.0000     0.9301     1.0000     0.8763     0.8960     0.8373     1.0000     0.9530     0.9340     0.9267     0.8655     0.7404     0.9000     0.9366     0.9685     0.9709     0.9336     0.9028     0.7386     0.8797     0.7798     1.0000     0.9301     1.0000     0.8763     0.8960     0.8373     1.0000     0.9530     0.9340     0.9267     0.8655     0.7404     0.9000     0.9366     0.9685     0.9709     0.9336     0.9028     0.7386     0.8797     0.7798     1.0000     0.9301     1.0000     0.8763     0.8960     0.8373     1.0000     0.9530     0.9632     0.9556     0.8655     0.7404     0.9000     0.9366     0.9685     0.9709     0.9336     0.9028     0.7386     0.8797     0.7798     1.0000     0.9301     1.0000     0.8763     0.8960     0.8373     1.0000     0.9530     0.9449     0.9375     0.8655     0.7404     0.9000     0.9366     0.9685     0.9709     0.9336     0.9028     0.7386     0.8797     0.7798     1.0000     0.9301     1.0000     0.8763     0.8960     0.8373     1.0000     0.9530     0.9486     0.9412     0.8655     0.7404     0.9000     0.9366     0.9685     0.9709     0.9336     0.9028     0.7386     0.8797     0.7798     1.0000     0.9301     1.0000     0.8763     0.8960     0.8373     1.0000     0.9530     0.9486     0.9412     0.8655     0.7404     0.9000     0.9366     0.9685     0.9709     0.9336     0.9028     0.7386     0.8797     0.7798     1.0000     0.9301     1.0000     0.8763     0.8960     0.8373     1.0000     0.9530     0.9595     0.9520     0.8655     0.7404     0.9000     0.9366     0.9685     0.9709     0.9336     0.9028     0.7386     0.8797     0.7798     1.0000     0.9301     1.0000     0.8763     0.8960     0.8373     1.0000     0.9530     0.9522     0.9448     0.8655     0.7404     0.9000     0.9366     0.9685     0.9709     0.9336     0.9028     0.7386     0.8797     0.7798     1.0000     0.9301     1.0000     0.8763     0.8960     0.8373     1.0000     0.9530     1.0000     1.0000     0.8655     0.7404     0.9000     0.9366     0.9685     0.9709     0.9336     0.9028     0.7386     0.8797     0.7798     1.0000     0.9301     1.0000     0.8763     0.8960     0.8373     1.0000     0.9530     0.8937     0.8867     0.8655     0.7404     0.9000     0.9366     0.9685     0.9709     0.9336     0.9028     0.7386     0.8797     0.7798     1.0000     0.9301     1.0000     0.8763     0.8960     0.8373     1.0000     0.9530     0.9132     0.9061     0.8655     0.7404     0.9000     0.9366     0.9685     0.9709     0.9336     0.9028     0.7386     0.9209     0.9209     0.9209     0.9209     0.9209     0.8906     0.8359     0.9209     0.9976     0.8776     0.9336     0.9117     0.9432     0.7571     0.9494     0.9078     0.9383     0.9911     0.9269     0.9209     0.7500
09/30/1962_24:00     0.8797     0.7798     1.0000     0.9301     1.0000     0.8763     0.8960     0.8373     1.0000     0.9530     0.9486     0.9412     0.8655     0.7404     0.9000     0.9366     0.9685     0.9709     0.9336     0.9028     0.7386     0.8797     0.8200     1.0000     0.9301     1.0000     0.8763     0.8960     0.8373     1.0000     0.9530     0.9194     0.9122     0.8655     0.8200     0.9000     0.9366     0.9685     0.9709     0.9336     0.9028     0.8200     0.8797     0.7798     1.0000     0.9301     1.0000     0.8763     0.8960     0.8373     1.0000     0.9530     0.9632     0.9556     0.8655     0.7404     0.9000     0.9366     0.9685     0.9709     0.9336     0.9028     0.7386     0.8797     0.7798     1.0000     0.9301     1.0000     0.8763     0.8960     0.8373     1.0000     0.9530     0.9340     0.9267     0.8655     0.7404     0.9000     0.9366     0.9685     0.9709     0.9336     0.9028     0.7386     0.8797     0.7798     1.0000     0.9301     1.0000     0.8763     0.8960     0.8373     1.0000     0.9530     0.9705     0.9629     0.8655     0.7404     0.9000     0.9366     0.9685     0.9709     0.9336     0.9028     0.7386     0.8797     0.7798     1.0000     0.9301     1.0000     0.8763     0.8960     0.8373     1.0000     0.9530     0.9266     0.9194     0.8655     0.7404     0.9000     0.9366     0.9685     0.9709     0.9336     0.9028     0.7386     0.8797     0.7798     1.0000     0.9301     1.0000     0.8763     0.8960     0.8373     1.0000     0.9530     0.9632     0.9556     0.8655     0.7404     0.9000     0.9366     0.9685     0.9709     0.9336     0.9028     0.7386     0.8797     0.7798     1.0000     0.9301     1.0000     0.8763     0.8960     0.8373     1.0000     0.9530     0.9705     0.9629     0.8655     0.7404     0.9000     0.9366     0.9685     0.9709     0.9336     0.9028     0.7386     0.8797     0.7798     1.0000     0.9301     1.0000     0.8763     0.8960     0.8373     1.0000     0.9530     0.9705     0.9629     0.8655     0.7404     0.9000     0.9366     0.9685     0.9709     0.9336     0.9028     0.7386     0.8797     0.7798     1.0000     0.9301     1.0000     0.8763     0.8960     0.8373     1.0000     0.9530     0.9340     0.9267     0.8655     0.7404     0.9000     0.9366     0.9685     0.9709     0.9336     0.9028     0.7386     0.8797     0.7798     1.0000     0.9301     1.0000     0.8763     0.8960     0.8373     1.0000     0.9530     0.9340     0.9267     0.8655     0.7404     0.9000     0.9366     0.9685     0.9709     0.9336     0.9028     0.7386     0.8797     0.7798     1.0000     0.9301     1.0000     0.8763     0.8960     0.8373     1.0000     0.9530     0.9632     0.9556     0.8655     0.7404     0.9000     0.9366     0.9685     0.9709     0.9336     0.9028     0.7386     0.8797     0.7798     1.0000     0.9301     1.0000     0.8763     0.8960     0.8373     1.0000     0.9530     0.9449     0.9375     0.8655     0.7404     0.9000     0.9366     0.9685     0.9709     0.9336     0.9028     0.7386     0.8797     0.7798     1.0000     0.9301     1.0000     0.8763     0.8960     0.8373     1.0000     0.9530     0.9486     0.9412     0.8655     0.7404     0.9000     0.9366     0.9685     0.9709     0.9336     0.9028     0.7386     0.8797     0.7798     1.0000     0.9301     1.0000     0.8763     0.8960     0.8373     1.0000     0.9530     0.9486     0.9412     0.8655     0.7404     0.9000     0.9366     0.9685     0.9709     0.9336     0.9028     0.7386     0.8797     0.7798     1.0000     0.9301     1.0000     0.8763     0.8960     0.8373     1.0000     0.9530     0.9595     0.9520     0.8655     0.7404     0.9000     0.9366     0.9685     0.9709     0.9336     0.9028     0.7386     0.8797     0.7798     1.0000     0.9301     1.0000     0.8763     0.8960     0.8373     1.0000     0.9530     0.9522     0.9448     0.8655     0.7404     0.9000     0.9366     0.9685     0.9709     0.9336     0.9028     0.7386     0.8797     0.7798     1.0000     0.9301     1.0000     0.8763     0.8960     0.8373     1.0000     0.9530     1.0000     1.0000     0.8655     0.7404     0.9000     0.9366     0.9685     0.9709     0.9336     0.9028     0.7386     0.8797     0.7798     1.0000     0.9301     1.0000     0.8763     0.8960     0.8373     1.0000     0.9530     0.8937     0.8867     0.8655     0.7404     0.9000     0.9366     0.9685     0.9709     0.9336     0.9028     0.7386     0.8797     0.7798     1.0000     0.9301     1.0000     0.8763     0.8960     0.8373     1.0000     0.9530     0.9132     0.9061     0.8655     0.7404     0.9000     0.9366     0.9685     0.9709     0.9336     0.9028     0.7386     0.9209     0.9209     0.9209     0.9209     0.9209     0.8906     0.8359     0.9209     0.9976     0.8776     0.9336     0.9117     0.9432     0.7571     0.9494     0.9078     0.9383     0.9911     0.9269     0.9209     0.7500
09/30/1963_24:00     0.8797     0.7798     1.0000     0.9301     1.0000     0.8763     0.8960     0.8373     1.0000     0.9530     0.9486     0.9412     0.8655     0.7404     0.9000     0.9366     0.9685     0.9709     0.9336     0.9028     0.7386     0.8797     0.8200     1.0000     0.9301     1.0000     0.8763     0.8960     0.8373     1.0000     0.9530     0.9194     0.9122     0.8655     0.8200     0.9000     0.9366     0.9685     0.9709     0.9336     0.9028     0.8200     0.8797     0.7798     1.0000     0.9301     1.0000     0.8763     0.8960     0.8373     1.0000     0.9530     0.9632     0.9556     0.8655     0.7404     0.9000     0.9366     0.9685     0.9709     0.9336     0.9028     0.7386     0.8797     0.7798     1.0000     0.9301     1.0000     0.8763     0.8960     0.8373     1.0000     0.9530     0.9340     0.9267     0.8655     0.7404     0.9000     0.9366     0.9685     0.9709     0.9336     0.9028     0.7386     0.8797     0.7798     1.0000     0.9301     1.0000     0.8763     0.8960     0.8373     1.0000     0.9530     0.9705     0.9629     0.8655     0.7404     0.9000     0.9366     0.9685     0.9709     0.9336     0.9028     0.7386     0.8797     0.7798     1.0000     0.9301     1.0000     0.8763     0.8960     0.8373     1.0000     0.9530     0.9266     0.9194     0.8655     0.7404     0.9000     0.9366     0.9685     0.9709     0.9336     0.9028     0.7386     0.8797     0.7798     1.0000     0.9301     1.0000     0.8763     0.8960     0.8373     1.0000     0.9530     0.9632     0.9556     0.8655     0.7404     0.9000     0.9366     0.9685     0.9709     0.9336     0.9028     0.7386     0.8797     0.7798     1.0000     0.9301     1.0000     0.8763     0.8960     0.8373     1.0000     0.9530     0.9705     0.9629     0.8655     0.7404     0.9000     0.9366     0.9685     0.9709     0.9336     0.9028     0.7386     0.8797     0.7798     1.0000     0.9301     1.0000     0.8763     0.8960     0.8373     1.0000     0.9530     0.9705     0.9629     0.8655     0.7404     0.9000     0.9366     0.9685     0.9709     0.9336     0.9028     0.7386     0.8797     0.7798     1.0000     0.9301     1.0000     0.8763     0.8960     0.8373     1.0000     0.9530     0.9340     0.9267     0.8655     0.7404     0.9000     0.9366     0.9685     0.9709     0.9336     0.9028     0.7386     0.8797     0.7798     1.0000     0.9301     1.0000     0.8763     0.8960     0.8373     1.0000     0.9530     0.9340     0.9267     0.8655     0.7404     0.9000     0.9366     0.9685     0.9709     0.9336     0.9028     0.7386     0.8797     0.7798     1.0000     0.9301     1.0000     0.8763     0.8960     0.8373     1.0000     0.9530     0.9632     0.9556     0.8655     0.7404     0.9000     0.9366     0.9685     0.9709     0.9336     0.9028     0.7386     0.8797     0.7798     1.0000     0.9301     1.0000     0.8763     0.8960     0.8373     1.0000     0.9530     0.9449     0.9375     0.8655     0.7404     0.9000     0.9366     0.9685     0.9709     0.9336     0.9028     0.7386     0.8797     0.7798     1.0000     0.9301     1.0000     0.8763     0.8960     0.8373     1.0000     0.9530     0.9486     0.9412     0.8655     0.7404     0.9000     0.9366     0.9685     0.9709     0.9336     0.9028     0.7386     0.8797     0.7798     1.0000     0.9301     1.0000     0.8763     0.8960     0.8373     1.0000     0.9530     0.9486     0.9412     0.8655     0.7404     0.9000     0.9366     0.9685     0.9709     0.9336     0.9028     0.7386     0.8797     0.7798     1.0000     0.9301     1.0000     0.8763     0.8960     0.8373     1.0000     0.9530     0.9595     0.9520     0.8655     0.7404     0.9000     0.9366     0.9685     0.9709     0.9336     0.9028     0.7386     0.8797     0.7798     1.0000     0.9301     1.0000     0.8763     0.8960     0.8373     1.0000     0.9530     0.9522     0.9448     0.8655     0.7404     0.9000     0.9366     0.9685     0.9709     0.9336     0.9028     0.7386     0.8797     0.7798     1.0000     0.9301     1.0000     0.8763     0.8960     0.8373     1.0000     0.9530     1.0000     1.0000     0.8655     0.7404     0.9000     0.9366     0.9685     0.9709     0.9336     0.9028     0.7386     0.8797     0.7798     1.0000     0.9301     1.0000     0.8763     0.8960     0.8373     1.0000     0.9530     0.8937     0.8867     0.8655     0.7404     0.9000     0.9366     0.9685     0.9709     0.9336     0.9028     0.7386     0.8797     0.7798     1.0000     0.9301     1.0000     0.8763     0.8960     0.8373     1.0000     0.9530     0.9132     0.9061     0.8655     0.7404     0.9000     0.9366     0.9685     0.9709     0.9336     0.9028     0.7386     0.9209     0.9209     0.9209     0.9209     0.9209     0.8906     0.8359     0.9209     0.9976     0.8776     0.9336     0.9117     0.9432     0.7571     0.9494     0.9078     0.9383     0.9911     0.9269     0.9209     0.7500
09/30/1964_24:00     0.8797     0.7798     1.0000     0.9301     1.0000     0.8763     0.8960     0.8373     1.0000     0.9530     0.9486     0.9412     0.8655     0.7404     0.9000     0.9366     0.9685     0.9709     0.9336     0.9028     0.7386     0.8797     0.8200     1.0000     0.9301     1.0000     0.8763     0.8960     0.8373     1.0000     0.9530     0.9194     0.9122     0.8655     0.8200     0.9000     0.9366     0.9685     0.9709     0.9336     0.9028     0.8200     0.8797     0.7798     1.0000     0.9301     1.0000     0.8763     0.8960     0.8373     1.0000     0.9530     0.9632     0.9556     0.8655     0.7404     0.9000     0.9366     0.9685     0.9709     0.9336     0.9028     0.7386     0.8797     0.7798     1.0000     0.9301     1.0000     0.8763     0.8960     0.8373     1.0000     0.9530     0.9340     0.9267     0.8655     0.7404     0.9000     0.9366     0.9685     0.9709     0.9336     0.9028     0.7386     0.8797     0.7798     1.0000     0.9301     1.0000     0.8763     0.8960     0.8373     1.0000     0.9530     0.9705     0.9629     0.8655     0.7404     0.9000     0.9366     0.9685     0.9709     0.9336     0.9028     0.7386     0.8797     0.7798     1.0000     0.9301     1.0000     0.8763     0.8960     0.8373     1.0000     0.9530     0.9266     0.9194     0.8655     0.7404     0.9000     0.9366     0.9685     0.9709     0.9336     0.9028     0.7386     0.8797     0.7798     1.0000     0.9301     1.0000     0.8763     0.8960     0.8373     1.0000     0.9530     0.9632     0.9556     0.8655     0.7404     0.9000     0.9366     0.9685     0.9709     0.9336     0.9028     0.7386     0.8797     0.7798     1.0000     0.9301     1.0000     0.8763     0.8960     0.8373     1.0000     0.9530     0.9705     0.9629     0.8655     0.7404     0.9000     0.9366     0.9685     0.9709     0.9336     0.9028     0.7386     0.8797     0.7798     1.0000     0.9301     1.0000     0.8763     0.8960     0.8373     1.0000     0.9530     0.9705     0.9629     0.8655     0.7404     0.9000     0.9366     0.9685     0.9709     0.9336     0.9028     0.7386     0.8797     0.7798     1.0000     0.9301     1.0000     0.8763     0.8960     0.8373     1.0000     0.9530     0.9340     0.9267     0.8655     0.7404     0.9000     0.9366     0.9685     0.9709     0.9336     0.9028     0.7386     0.8797     0.7798     1.0000     0.9301     1.0000     0.8763     0.8960     0.8373     1.0000     0.9530     0.9340     0.9267     0.8655     0.7404     0.9000     0.9366     0.9685     0.9709     0.9336     0.9028     0.7386     0.8797     0.7798     1.0000     0.9301     1.0000     0.8763     0.8960     0.8373     1.0000     0.9530     0.9632     0.9556     0.8655     0.7404     0.9000     0.9366     0.9685     0.9709     0.9336     0.9028     0.7386     0.8797     0.7798     1.0000     0.9301     1.0000     0.8763     0.8960     0.8373     1.0000     0.9530     0.9449     0.9375     0.8655     0.7404     0.9000     0.9366     0.9685     0.9709     0.9336     0.9028     0.7386     0.8797     0.7798     1.0000     0.9301     1.0000     0.8763     0.8960     0.8373     1.0000     0.9530     0.9486     0.9412     0.8655     0.7404     0.9000     0.9366     0.9685     0.9709     0.9336     0.9028     0.7386     0.8797     0.7798     1.0000     0.9301     1.0000     0.8763     0.8960     0.8373     1.0000     0.9530     0.9486     0.9412     0.8655     0.7404     0.9000     0.9366     0.9685     0.9709     0.9336     0.9028     0.7386     0.8797     0.7798     1.0000     0.9301     1.0000     0.8763     0.8960     0.8373     1.0000     0.9530     0.9595     0.9520     0.8655     0.7404     0.9000     0.9366     0.9685     0.9709     0.9336     0.9028     0.7386     0.8797     0.7798     1.0000     0.9301     1.0000     0.8763     0.8960     0.8373     1.0000     0.9530     0.9522     0.9448     0.8655     0.7404     0.9000     0.9366     0.9685     0.9709     0.9336     0.9028     0.7386     0.8797     0.7798     1.0000     0.9301     1.0000     0.8763     0.8960     0.8373     1.0000     0.9530     1.0000     1.0000     0.8655     0.7404     0.9000     0.9366     0.9685     0.9709     0.9336     0.9028     0.7386     0.8797     0.7798     1.0000     0.9301     1.0000     0.8763     0.8960     0.8373     1.0000     0.9530     0.8937     0.8867     0.8655     0.7404     0.9000     0.9366     0.9685     0.9709     0.9336     0.9028     0.7386     0.8797     0.7798     1.0000     0.9301     1.0000     0.8763     0.8960     0.8373     1.0000     0.9530     0.9132     0.9061     0.8655     0.7404     0.9000     0.9366     0.9685     0.9709     0.9336     0.9028     0.7386     0.9209     0.9209     0.9209     0.9209     0.9209     0.8906     0.8359     0.9209     0.9976     0.8776     0.9336     0.9117     0.9432     0.7571     0.9494     0.9078     0.9383     0.9911     0.9269     0.9209     0.7500
09/30/1965_24:00     0.8797     0.7798     1.0000     0.9301     1.0000     0.8763     0.8960     0.8373     1.0000     0.9530     0.9486     0.9412     0.8655     0.7404     0.9000     0.9366     0.9685     0.9709     0.9336     0.9028     0.7386     0.8797     0.8200     1.0000     0.9301     1.0000     0.8763     0.8960     0.8373     1.0000     0.9530     0.9194     0.9122     0.8655     0.8200     0.9000     0.9366     0.9685     0.9709     0.9336     0.9028     0.8200     0.8797     0.7798     1.0000     0.9301     1.0000     0.8763     0.8960     0.8373     1.0000     0.9530     0.9632     0.9556     0.8655     0.7404     0.9000     0.9366     0.9685     0.9709     0.9336     0.9028     0.7386     0.8797     0.7798     1.0000     0.9301     1.0000     0.8763     0.8960     0.8373     1.0000     0.9530     0.9340     0.9267     0.8655     0.7404     0.9000     0.9366     0.9685     0.9709     0.9336     0.9028     0.7386     0.8797     0.7798     1.0000     0.9301     1.0000     0.8763     0.8960     0.8373     1.0000     0.9530     0.9705     0.9629     0.8655     0.7404     0.9000     0.9366     0.9685     0.9709     0.9336     0.9028     0.7386     0.8797     0.7798     1.0000     0.9301     1.0000     0.8763     0.8960     0.8373     1.0000     0.9530     0.9266     0.9194     0.8655     0.7404     0.9000     0.9366     0.9685     0.9709     0.9336     0.9028     0.7386     0.8797     0.7798     1.0000     0.9301     1.0000     0.8763     0.8960     0.8373     1.0000     0.9530     0.9632     0.9556     0.8655     0.7404     0.9000     0.9366     0.9685     0.9709     0.9336     0.9028     0.7386     0.8797     0.7798     1.0000     0.9301     1.0000     0.8763     0.8960     0.8373     1.0000     0.9530     0.9705     0.9629     0.8655     0.7404     0.9000     0.9366     0.9685     0.9709     0.9336     0.9028     0.7386     0.8797     0.7798     1.0000     0.9301     1.0000     0.8763     0.8960     0.8373     1.0000     0.9530     0.9705     0.9629     0.8655     0.7404     0.9000     0.9366     0.9685     0.9709     0.9336     0.9028     0.7386     0.8797     0.7798     1.0000     0.9301     1.0000     0.8763     0.8960     0.8373     1.0000     0.9530     0.9340     0.9267     0.8655     0.7404     0.9000     0.9366     0.9685     0.9709     0.9336     0.9028     0.7386     0.8797     0.7798     1.0000     0.9301     1.0000     0.8763     0.8960     0.8373     1.0000     0.9530     0.9340     0.9267     0.8655     0.7404     0.9000     0.9366     0.9685     0.9709     0.9336     0.9028     0.7386     0.8797     0.7798     1.0000     0.9301     1.0000     0.8763     0.8960     0.8373     1.0000     0.9530     0.9632     0.9556     0.8655     0.7404     0.9000     0.9366     0.9685     0.9709     0.9336     0.9028     0.7386     0.8797     0.7798     1.0000     0.9301     1.0000     0.8763     0.8960     0.8373     1.0000     0.9530     0.9449     0.9375     0.8655     0.7404     0.9000     0.9366     0.9685     0.9709     0.9336     0.9028     0.7386     0.8797     0.7798     1.0000     0.9301     1.0000     0.8763     0.8960     0.8373     1.0000     0.9530     0.9486     0.9412     0.8655     0.7404     0.9000     0.9366     0.9685     0.9709     0.9336     0.9028     0.7386     0.8797     0.7798     1.0000     0.9301     1.0000     0.8763     0.8960     0.8373     1.0000     0.9530     0.9486     0.9412     0.8655     0.7404     0.9000     0.9366     0.9685     0.9709     0.9336     0.9028     0.7386     0.8797     0.7798     1.0000     0.9301     1.0000     0.8763     0.8960     0.8373     1.0000     0.9530     0.9595     0.9520     0.8655     0.7404     0.9000     0.9366     0.9685     0.9709     0.9336     0.9028     0.7386     0.8797     0.7798     1.0000     0.9301     1.0000     0.8763     0.8960     0.8373     1.0000     0.9530     0.9522     0.9448     0.8655     0.7404     0.9000     0.9366     0.9685     0.9709     0.9336     0.9028     0.7386     0.8797     0.7798     1.0000     0.9301     1.0000     0.8763     0.8960     0.8373     1.0000     0.9530     1.0000     1.0000     0.8655     0.7404     0.9000     0.9366     0.9685     0.9709     0.9336     0.9028     0.7386     0.8797     0.7798     1.0000     0.9301     1.0000     0.8763     0.8960     0.8373     1.0000     0.9530     0.8937     0.8867     0.8655     0.7404     0.9000     0.9366     0.9685     0.9709     0.9336     0.9028     0.7386     0.8797     0.7798     1.0000     0.9301     1.0000     0.8763     0.8960     0.8373     1.0000     0.9530     0.9132     0.9061     0.8655     0.7404     0.9000     0.9366     0.9685     0.9709     0.9336     0.9028     0.7386     0.9209     0.9209     0.9209     0.9209     0.9209     0.8906     0.8359     0.9209     0.9976     0.8776     0.9336     0.9117     0.9432     0.7571     0.9494     0.9078     0.9383     0.9911     0.9269     0.9209     0.7500
09/30/1966_24:00     0.8797     0.7798     1.0000     0.9301     1.0000     0.8763     0.8960     0.8373     1.0000     0.9530     0.9486     0.9412     0.8655     0.7404     0.9000     0.9366     0.9685     0.9709     0.9336     0.9028     0.7386     0.8797     0.8200     1.0000     0.9301     1.0000     0.8763     0.8960     0.8373     1.0000     0.9530     0.9194     0.9122     0.8655     0.8200     0.9000     0.9366     0.9685     0.9709     0.9336     0.9028     0.8200     0.8797     0.7798     1.0000     0.9301     1.0000     0.8763     0.8960     0.8373     1.0000     0.9530     0.9632     0.9556     0.8655     0.7404     0.9000     0.9366     0.9685     0.9709     0.9336     0.9028     0.7386     0.8797     0.7798     1.0000     0.9301     1.0000     0.8763     0.8960     0.8373     1.0000     0.9530     0.9340     0.9267     0.8655     0.7404     0.9000     0.9366     0.9685     0.9709     0.9336     0.9028     0.7386     0.8797     0.7798     1.0000     0.9301     1.0000     0.8763     0.8960     0.8373     1.0000     0.9530     0.9705     0.9629     0.8655     0.7404     0.9000     0.9366     0.9685     0.9709     0.9336     0.9028     0.7386     0.8797     0.7798     1.0000     0.9301     1.0000     0.8763     0.8960     0.8373     1.0000     0.9530     0.9266     0.9194     0.8655     0.7404     0.9000     0.9366     0.9685     0.9709     0.9336     0.9028     0.7386     0.8797     0.7798     1.0000     0.9301     1.0000     0.8763     0.8960     0.8373     1.0000     0.9530     0.9632     0.9556     0.8655     0.7404     0.9000     0.9366     0.9685     0.9709     0.9336     0.9028     0.7386     0.8797     0.7798     1.0000     0.9301     1.0000     0.8763     0.8960     0.8373     1.0000     0.9530     0.9705     0.9629     0.8655     0.7404     0.9000     0.9366     0.9685     0.9709     0.9336     0.9028     0.7386     0.8797     0.7798     1.0000     0.9301     1.0000     0.8763     0.8960     0.8373     1.0000     0.9530     0.9705     0.9629     0.8655     0.7404     0.9000     0.9366     0.9685     0.9709     0.9336     0.9028     0.7386     0.8797     0.7798     1.0000     0.9301     1.0000     0.8763     0.8960     0.8373     1.0000     0.9530     0.9340     0.9267     0.8655     0.7404     0.9000     0.9366     0.9685     0.9709     0.9336     0.9028     0.7386     0.8797     0.7798     1.0000     0.9301     1.0000     0.8763     0.8960     0.8373     1.0000     0.9530     0.9340     0.9267     0.8655     0.7404     0.9000     0.9366     0.9685     0.9709     0.9336     0.9028     0.7386     0.8797     0.7798     1.0000     0.9301     1.0000     0.8763     0.8960     0.8373     1.0000     0.9530     0.9632     0.9556     0.8655     0.7404     0.9000     0.9366     0.9685     0.9709     0.9336     0.9028     0.7386     0.8797     0.7798     1.0000     0.9301     1.0000     0.8763     0.8960     0.8373     1.0000     0.9530     0.9449     0.9375     0.8655     0.7404     0.9000     0.9366     0.9685     0.9709     0.9336     0.9028     0.7386     0.8797     0.7798     1.0000     0.9301     1.0000     0.8763     0.8960     0.8373     1.0000     0.9530     0.9486     0.9412     0.8655     0.7404     0.9000     0.9366     0.9685     0.9709     0.9336     0.9028     0.7386     0.8797     0.7798     1.0000     0.9301     1.0000     0.8763     0.8960     0.8373     1.0000     0.9530     0.9486     0.9412     0.8655     0.7404     0.9000     0.9366     0.9685     0.9709     0.9336     0.9028     0.7386     0.8797     0.7798     1.0000     0.9301     1.0000     0.8763     0.8960     0.8373     1.0000     0.9530     0.9595     0.9520     0.8655     0.7404     0.9000     0.9366     0.9685     0.9709     0.9336     0.9028     0.7386     0.8797     0.7798     1.0000     0.9301     1.0000     0.8763     0.8960     0.8373     1.0000     0.9530     0.9522     0.9448     0.8655     0.7404     0.9000     0.9366     0.9685     0.9709     0.9336     0.9028     0.7386     0.8797     0.7798     1.0000     0.9301     1.0000     0.8763     0.8960     0.8373     1.0000     0.9530     1.0000     1.0000     0.8655     0.7404     0.9000     0.9366     0.9685     0.9709     0.9336     0.9028     0.7386     0.8797     0.7798     1.0000     0.9301     1.0000     0.8763     0.8960     0.8373     1.0000     0.9530     0.8937     0.8867     0.8655     0.7404     0.9000     0.9366     0.9685     0.9709     0.9336     0.9028     0.7386     0.8797     0.7798     1.0000     0.9301     1.0000     0.8763     0.8960     0.8373     1.0000     0.9530     0.9132     0.9061     0.8655     0.7404     0.9000     0.9366     0.9685     0.9709     0.9336     0.9028     0.7386     0.9209     0.9209     0.9209     0.9209     0.9209     0.8906     0.8359     0.9209     0.9976     0.8776     0.9336     0.9117     0.9432     0.7571     0.9494     0.9078     0.9383     0.9911     0.9269     0.9209     0.7500
09/30/1967_24:00     0.8797     0.7798     1.0000     0.9301     1.0000     0.8763     0.8960     0.8373     1.0000     0.9530     0.9486     0.9412     0.8655     0.7404     0.9000     0.9366     0.9685     0.9709     0.9336     0.9028     0.7386     0.8797     0.8200     1.0000     0.9301     1.0000     0.8763     0.8960     0.8373     1.0000     0.9530     0.9194     0.9122     0.8655     0.8200     0.9000     0.9366     0.9685     0.9709     0.9336     0.9028     0.8200     0.8797     0.7798     1.0000     0.9301     1.0000     0.8763     0.8960     0.8373     1.0000     0.9530     0.9632     0.9556     0.8655     0.7404     0.9000     0.9366     0.9685     0.9709     0.9336     0.9028     0.7386     0.8797     0.7798     1.0000     0.9301     1.0000     0.8763     0.8960     0.8373     1.0000     0.9530     0.9340     0.9267     0.8655     0.7404     0.9000     0.9366     0.9685     0.9709     0.9336     0.9028     0.7386     0.8797     0.7798     1.0000     0.9301     1.0000     0.8763     0.8960     0.8373     1.0000     0.9530     0.9705     0.9629     0.8655     0.7404     0.9000     0.9366     0.9685     0.9709     0.9336     0.9028     0.7386     0.8797     0.7798     1.0000     0.9301     1.0000     0.8763     0.8960     0.8373     1.0000     0.9530     0.9266     0.9194     0.8655     0.7404     0.9000     0.9366     0.9685     0.9709     0.9336     0.9028     0.7386     0.8797     0.7798     1.0000     0.9301     1.0000     0.8763     0.8960     0.8373     1.0000     0.9530     0.9632     0.9556     0.8655     0.7404     0.9000     0.9366     0.9685     0.9709     0.9336     0.9028     0.7386     0.8797     0.7798     1.0000     0.9301     1.0000     0.8763     0.8960     0.8373     1.0000     0.9530     0.9705     0.9629     0.8655     0.7404     0.9000     0.9366     0.9685     0.9709     0.9336     0.9028     0.7386     0.8797     0.7798     1.0000     0.9301     1.0000     0.8763     0.8960     0.8373     1.0000     0.9530     0.9705     0.9629     0.8655     0.7404     0.9000     0.9366     0.9685     0.9709     0.9336     0.9028     0.7386     0.8797     0.7798     1.0000     0.9301     1.0000     0.8763     0.8960     0.8373     1.0000     0.9530     0.9340     0.9267     0.8655     0.7404     0.9000     0.9366     0.9685     0.9709     0.9336     0.9028     0.7386     0.8797     0.7798     1.0000     0.9301     1.0000     0.8763     0.8960     0.8373     1.0000     0.9530     0.9340     0.9267     0.8655     0.7404     0.9000     0.9366     0.9685     0.9709     0.9336     0.9028     0.7386     0.8797     0.7798     1.0000     0.9301     1.0000     0.8763     0.8960     0.8373     1.0000     0.9530     0.9632     0.9556     0.8655     0.7404     0.9000     0.9366     0.9685     0.9709     0.9336     0.9028     0.7386     0.8797     0.7798     1.0000     0.9301     1.0000     0.8763     0.8960     0.8373     1.0000     0.9530     0.9449     0.9375     0.8655     0.7404     0.9000     0.9366     0.9685     0.9709     0.9336     0.9028     0.7386     0.8797     0.7798     1.0000     0.9301     1.0000     0.8763     0.8960     0.8373     1.0000     0.9530     0.9486     0.9412     0.8655     0.7404     0.9000     0.9366     0.9685     0.9709     0.9336     0.9028     0.7386     0.8797     0.7798     1.0000     0.9301     1.0000     0.8763     0.8960     0.8373     1.0000     0.9530     0.9486     0.9412     0.8655     0.7404     0.9000     0.9366     0.9685     0.9709     0.9336     0.9028     0.7386     0.8797     0.7798     1.0000     0.9301     1.0000     0.8763     0.8960     0.8373     1.0000     0.9530     0.9595     0.9520     0.8655     0.7404     0.9000     0.9366     0.9685     0.9709     0.9336     0.9028     0.7386     0.8797     0.7798     1.0000     0.9301     1.0000     0.8763     0.8960     0.8373     1.0000     0.9530     0.9522     0.9448     0.8655     0.7404     0.9000     0.9366     0.9685     0.9709     0.9336     0.9028     0.7386     0.8797     0.7798     1.0000     0.9301     1.0000     0.8763     0.8960     0.8373     1.0000     0.9530     1.0000     1.0000     0.8655     0.7404     0.9000     0.9366     0.9685     0.9709     0.9336     0.9028     0.7386     0.8797     0.7798     1.0000     0.9301     1.0000     0.8763     0.8960     0.8373     1.0000     0.9530     0.8937     0.8867     0.8655     0.7404     0.9000     0.9366     0.9685     0.9709     0.9336     0.9028     0.7386     0.8797     0.7798     1.0000     0.9301     1.0000     0.8763     0.8960     0.8373     1.0000     0.9530     0.9132     0.9061     0.8655     0.7404     0.9000     0.9366     0.9685     0.9709     0.9336     0.9028     0.7386     0.9209     0.9209     0.9209     0.9209     0.9209     0.8906     0.8359     0.9209     0.9976     0.8776     0.9336     0.9117     0.9432     0.7571     0.9494     0.9078     0.9383     0.9911     0.9269     0.9209     0.7500
09/30/1968_24:00     0.8797     0.7798     1.0000     0.9301     1.0000     0.8763     0.8960     0.8373     1.0000     0.9530     0.9486     0.9412     0.8655     0.7404     0.9000     0.9366     0.9685     0.9709     0.9336     0.9028     0.7386     0.8797     0.8200     1.0000     0.9301     1.0000     0.8763     0.8960     0.8373     1.0000     0.9530     0.9194     0.9122     0.8655     0.8200     0.9000     0.9366     0.9685     0.9709     0.9336     0.9028     0.8200     0.8797     0.7798     1.0000     0.9301     1.0000     0.8763     0.8960     0.8373     1.0000     0.9530     0.9632     0.9556     0.8655     0.7404     0.9000     0.9366     0.9685     0.9709     0.9336     0.9028     0.7386     0.8797     0.7798     1.0000     0.9301     1.0000     0.8763     0.8960     0.8373     1.0000     0.9530     0.9340     0.9267     0.8655     0.7404     0.9000     0.9366     0.9685     0.9709     0.9336     0.9028     0.7386     0.8797     0.7798     1.0000     0.9301     1.0000     0.8763     0.8960     0.8373     1.0000     0.9530     0.9705     0.9629     0.8655     0.7404     0.9000     0.9366     0.9685     0.9709     0.9336     0.9028     0.7386     0.8797     0.7798     1.0000     0.9301     1.0000     0.8763     0.8960     0.8373     1.0000     0.9530     0.9266     0.9194     0.8655     0.7404     0.9000     0.9366     0.9685     0.9709     0.9336     0.9028     0.7386     0.8797     0.7798     1.0000     0.9301     1.0000     0.8763     0.8960     0.8373     1.0000     0.9530     0.9632     0.9556     0.8655     0.7404     0.9000     0.9366     0.9685     0.9709     0.9336     0.9028     0.7386     0.8797     0.7798     1.0000     0.9301     1.0000     0.8763     0.8960     0.8373     1.0000     0.9530     0.9705     0.9629     0.8655     0.7404     0.9000     0.9366     0.9685     0.9709     0.9336     0.9028     0.7386     0.8797     0.7798     1.0000     0.9301     1.0000     0.8763     0.8960     0.8373     1.0000     0.9530     0.9705     0.9629     0.8655     0.7404     0.9000     0.9366     0.9685     0.9709     0.9336     0.9028     0.7386     0.8797     0.7798     1.0000     0.9301     1.0000     0.8763     0.8960     0.8373     1.0000     0.9530     0.9340     0.9267     0.8655     0.7404     0.9000     0.9366     0.9685     0.9709     0.9336     0.9028     0.7386     0.8797     0.7798     1.0000     0.9301     1.0000     0.8763     0.8960     0.8373     1.0000     0.9530     0.9340     0.9267     0.8655     0.7404     0.9000     0.9366     0.9685     0.9709     0.9336     0.9028     0.7386     0.8797     0.7798     1.0000     0.9301     1.0000     0.8763     0.8960     0.8373     1.0000     0.9530     0.9632     0.9556     0.8655     0.7404     0.9000     0.9366     0.9685     0.9709     0.9336     0.9028     0.7386     0.8797     0.7798     1.0000     0.9301     1.0000     0.8763     0.8960     0.8373     1.0000     0.9530     0.9449     0.9375     0.8655     0.7404     0.9000     0.9366     0.9685     0.9709     0.9336     0.9028     0.7386     0.8797     0.7798     1.0000     0.9301     1.0000     0.8763     0.8960     0.8373     1.0000     0.9530     0.9486     0.9412     0.8655     0.7404     0.9000     0.9366     0.9685     0.9709     0.9336     0.9028     0.7386     0.8797     0.7798     1.0000     0.9301     1.0000     0.8763     0.8960     0.8373     1.0000     0.9530     0.9486     0.9412     0.8655     0.7404     0.9000     0.9366     0.9685     0.9709     0.9336     0.9028     0.7386     0.8797     0.7798     1.0000     0.9301     1.0000     0.8763     0.8960     0.8373     1.0000     0.9530     0.9595     0.9520     0.8655     0.7404     0.9000     0.9366     0.9685     0.9709     0.9336     0.9028     0.7386     0.8797     0.7798     1.0000     0.9301     1.0000     0.8763     0.8960     0.8373     1.0000     0.9530     0.9522     0.9448     0.8655     0.7404     0.9000     0.9366     0.9685     0.9709     0.9336     0.9028     0.7386     0.8797     0.7798     1.0000     0.9301     1.0000     0.8763     0.8960     0.8373     1.0000     0.9530     1.0000     1.0000     0.8655     0.7404     0.9000     0.9366     0.9685     0.9709     0.9336     0.9028     0.7386     0.8797     0.7798     1.0000     0.9301     1.0000     0.8763     0.8960     0.8373     1.0000     0.9530     0.8937     0.8867     0.8655     0.7404     0.9000     0.9366     0.9685     0.9709     0.9336     0.9028     0.7386     0.8797     0.7798     1.0000     0.9301     1.0000     0.8763     0.8960     0.8373     1.0000     0.9530     0.9132     0.9061     0.8655     0.7404     0.9000     0.9366     0.9685     0.9709     0.9336     0.9028     0.7386     0.9209     0.9209     0.9209     0.9209     0.9209     0.8906     0.8359     0.9209     0.9976     0.8776     0.9336     0.9117     0.9432     0.7571     0.9494     0.9078     0.9383     0.9911     0.9269     0.9209     0.7500
09/30/1969_24:00     0.8797     0.7798     1.0000     0.9301     1.0000     0.8763     0.8960     0.8373     1.0000     0.9530     0.9486     0.9412     0.8655     0.7404     0.9000     0.9366     0.9685     0.9709     0.9336     0.9028     0.7386     0.8797     0.8200     1.0000     0.9301     1.0000     0.8763     0.8960     0.8373     1.0000     0.9530     0.9194     0.9122     0.8655     0.8200     0.9000     0.9366     0.9685     0.9709     0.9336     0.9028     0.8200     0.8797     0.7798     1.0000     0.9301     1.0000     0.8763     0.8960     0.8373     1.0000     0.9530     0.9632     0.9556     0.8655     0.7404     0.9000     0.9366     0.9685     0.9709     0.9336     0.9028     0.7386     0.8797     0.7798     1.0000     0.9301     1.0000     0.8763     0.8960     0.8373     1.0000     0.9530     0.9340     0.9267     0.8655     0.7404     0.9000     0.9366     0.9685     0.9709     0.9336     0.9028     0.7386     0.8797     0.7798     1.0000     0.9301     1.0000     0.8763     0.8960     0.8373     1.0000     0.9530     0.9705     0.9629     0.8655     0.7404     0.9000     0.9366     0.9685     0.9709     0.9336     0.9028     0.7386     0.8797     0.7798     1.0000     0.9301     1.0000     0.8763     0.8960     0.8373     1.0000     0.9530     0.9266     0.9194     0.8655     0.7404     0.9000     0.9366     0.9685     0.9709     0.9336     0.9028     0.7386     0.8797     0.7798     1.0000     0.9301     1.0000     0.8763     0.8960     0.8373     1.0000     0.9530     0.9632     0.9556     0.8655     0.7404     0.9000     0.9366     0.9685     0.9709     0.9336     0.9028     0.7386     0.8797     0.7798     1.0000     0.9301     1.0000     0.8763     0.8960     0.8373     1.0000     0.9530     0.9705     0.9629     0.8655     0.7404     0.9000     0.9366     0.9685     0.9709     0.9336     0.9028     0.7386     0.8797     0.7798     1.0000     0.9301     1.0000     0.8763     0.8960     0.8373     1.0000     0.9530     0.9705     0.9629     0.8655     0.7404     0.9000     0.9366     0.9685     0.9709     0.9336     0.9028     0.7386     0.8797     0.7798     1.0000     0.9301     1.0000     0.8763     0.8960     0.8373     1.0000     0.9530     0.9340     0.9267     0.8655     0.7404     0.9000     0.9366     0.9685     0.9709     0.9336     0.9028     0.7386     0.8797     0.7798     1.0000     0.9301     1.0000     0.8763     0.8960     0.8373     1.0000     0.9530     0.9340     0.9267     0.8655     0.7404     0.9000     0.9366     0.9685     0.9709     0.9336     0.9028     0.7386     0.8797     0.7798     1.0000     0.9301     1.0000     0.8763     0.8960     0.8373     1.0000     0.9530     0.9632     0.9556     0.8655     0.7404     0.9000     0.9366     0.9685     0.9709     0.9336     0.9028     0.7386     0.8797     0.7798     1.0000     0.9301     1.0000     0.8763     0.8960     0.8373     1.0000     0.9530     0.9449     0.9375     0.8655     0.7404     0.9000     0.9366     0.9685     0.9709     0.9336     0.9028     0.7386     0.8797     0.7798     1.0000     0.9301     1.0000     0.8763     0.8960     0.8373     1.0000     0.9530     0.9486     0.9412     0.8655     0.7404     0.9000     0.9366     0.9685     0.9709     0.9336     0.9028     0.7386     0.8797     0.7798     1.0000     0.9301     1.0000     0.8763     0.8960     0.8373     1.0000     0.9530     0.9486     0.9412     0.8655     0.7404     0.9000     0.9366     0.9685     0.9709     0.9336     0.9028     0.7386     0.8797     0.7798     1.0000     0.9301     1.0000     0.8763     0.8960     0.8373     1.0000     0.9530     0.9595     0.9520     0.8655     0.7404     0.9000     0.9366     0.9685     0.9709     0.9336     0.9028     0.7386     0.8797     0.7798     1.0000     0.9301     1.0000     0.8763     0.8960     0.8373     1.0000     0.9530     0.9522     0.9448     0.8655     0.7404     0.9000     0.9366     0.9685     0.9709     0.9336     0.9028     0.7386     0.8797     0.7798     1.0000     0.9301     1.0000     0.8763     0.8960     0.8373     1.0000     0.9530     1.0000     1.0000     0.8655     0.7404     0.9000     0.9366     0.9685     0.9709     0.9336     0.9028     0.7386     0.8797     0.7798     1.0000     0.9301     1.0000     0.8763     0.8960     0.8373     1.0000     0.9530     0.8937     0.8867     0.8655     0.7404     0.9000     0.9366     0.9685     0.9709     0.9336     0.9028     0.7386     0.8797     0.7798     1.0000     0.9301     1.0000     0.8763     0.8960     0.8373     1.0000     0.9530     0.9132     0.9061     0.8655     0.7404     0.9000     0.9366     0.9685     0.9709     0.9336     0.9028     0.7386     0.9209     0.9209     0.9209     0.9209     0.9209     0.8906     0.8359     0.9209     0.9976     0.8776     0.9336     0.9117     0.9432     0.7571     0.9494     0.9078     0.9383     0.9911     0.9269     0.9209     0.7500
09/30/1970_24:00     0.8797     0.7798     1.0000     0.9301     1.0000     0.8763     0.8960     0.8373     1.0000     0.9530     0.9486     0.9412     0.8655     0.7404     0.9000     0.9366     0.9685     0.9709     0.9336     0.9028     0.7386     0.8797     0.8200     1.0000     0.9301     1.0000     0.8763     0.8960     0.8373     1.0000     0.9530     0.9194     0.9122     0.8655     0.8200     0.9000     0.9366     0.9685     0.9709     0.9336     0.9028     0.8200     0.8797     0.7798     1.0000     0.9301     1.0000     0.8763     0.8960     0.8373     1.0000     0.9530     0.9632     0.9556     0.8655     0.7404     0.9000     0.9366     0.9685     0.9709     0.9336     0.9028     0.7386     0.8797     0.7798     1.0000     0.9301     1.0000     0.8763     0.8960     0.8373     1.0000     0.9530     0.9340     0.9267     0.8655     0.7404     0.9000     0.9366     0.9685     0.9709     0.9336     0.9028     0.7386     0.8797     0.7798     1.0000     0.9301     1.0000     0.8763     0.8960     0.8373     1.0000     0.9530     0.9705     0.9629     0.8655     0.7404     0.9000     0.9366     0.9685     0.9709     0.9336     0.9028     0.7386     0.8797     0.7798     1.0000     0.9301     1.0000     0.8763     0.8960     0.8373     1.0000     0.9530     0.9266     0.9194     0.8655     0.7404     0.9000     0.9366     0.9685     0.9709     0.9336     0.9028     0.7386     0.8797     0.7798     1.0000     0.9301     1.0000     0.8763     0.8960     0.8373     1.0000     0.9530     0.9632     0.9556     0.8655     0.7404     0.9000     0.9366     0.9685     0.9709     0.9336     0.9028     0.7386     0.8797     0.7798     1.0000     0.9301     1.0000     0.8763     0.8960     0.8373     1.0000     0.9530     0.9705     0.9629     0.8655     0.7404     0.9000     0.9366     0.9685     0.9709     0.9336     0.9028     0.7386     0.8797     0.7798     1.0000     0.9301     1.0000     0.8763     0.8960     0.8373     1.0000     0.9530     0.9705     0.9629     0.8655     0.7404     0.9000     0.9366     0.9685     0.9709     0.9336     0.9028     0.7386     0.8797     0.7798     1.0000     0.9301     1.0000     0.8763     0.8960     0.8373     1.0000     0.9530     0.9340     0.9267     0.8655     0.7404     0.9000     0.9366     0.9685     0.9709     0.9336     0.9028     0.7386     0.8797     0.7798     1.0000     0.9301     1.0000     0.8763     0.8960     0.8373     1.0000     0.9530     0.9340     0.9267     0.8655     0.7404     0.9000     0.9366     0.9685     0.9709     0.9336     0.9028     0.7386     0.8797     0.7798     1.0000     0.9301     1.0000     0.8763     0.8960     0.8373     1.0000     0.9530     0.9632     0.9556     0.8655     0.7404     0.9000     0.9366     0.9685     0.9709     0.9336     0.9028     0.7386     0.8797     0.7798     1.0000     0.9301     1.0000     0.8763     0.8960     0.8373     1.0000     0.9530     0.9449     0.9375     0.8655     0.7404     0.9000     0.9366     0.9685     0.9709     0.9336     0.9028     0.7386     0.8797     0.7798     1.0000     0.9301     1.0000     0.8763     0.8960     0.8373     1.0000     0.9530     0.9486     0.9412     0.8655     0.7404     0.9000     0.9366     0.9685     0.9709     0.9336     0.9028     0.7386     0.8797     0.7798     1.0000     0.9301     1.0000     0.8763     0.8960     0.8373     1.0000     0.9530     0.9486     0.9412     0.8655     0.7404     0.9000     0.9366     0.9685     0.9709     0.9336     0.9028     0.7386     0.8797     0.7798     1.0000     0.9301     1.0000     0.8763     0.8960     0.8373     1.0000     0.9530     0.9595     0.9520     0.8655     0.7404     0.9000     0.9366     0.9685     0.9709     0.9336     0.9028     0.7386     0.8797     0.7798     1.0000     0.9301     1.0000     0.8763     0.8960     0.8373     1.0000     0.9530     0.9522     0.9448     0.8655     0.7404     0.9000     0.9366     0.9685     0.9709     0.9336     0.9028     0.7386     0.8797     0.7798     1.0000     0.9301     1.0000     0.8763     0.8960     0.8373     1.0000     0.9530     1.0000     1.0000     0.8655     0.7404     0.9000     0.9366     0.9685     0.9709     0.9336     0.9028     0.7386     0.8797     0.7798     1.0000     0.9301     1.0000     0.8763     0.8960     0.8373     1.0000     0.9530     0.8937     0.8867     0.8655     0.7404     0.9000     0.9366     0.9685     0.9709     0.9336     0.9028     0.7386     0.8797     0.7798     1.0000     0.9301     1.0000     0.8763     0.8960     0.8373     1.0000     0.9530     0.9132     0.9061     0.8655     0.7404     0.9000     0.9366     0.9685     0.9709     0.9336     0.9028     0.7386     0.9209     0.9209     0.9209     0.9209     0.9209     0.8906     0.8359     0.9209     0.9976     0.8776     0.9336     0.9117     0.9432     0.7571     0.9494     0.9078     0.9383     0.9911     0.9269     0.9209     0.7500
09/30/1971_24:00     0.8797     0.7798     1.0000     0.9301     1.0000     0.8763     0.8960     0.8373     1.0000     0.9530     0.9486     0.9412     0.8655     0.7404     0.9000     0.9366     0.9685     0.9709     0.9336     0.9028     0.7386     0.8797     0.8200     1.0000     0.9301     1.0000     0.8763     0.8960     0.8373     1.0000     0.9530     0.9194     0.9122     0.8655     0.8200     0.9000     0.9366     0.9685     0.9709     0.9336     0.9028     0.8200     0.8797     0.7798     1.0000     0.9301     1.0000     0.8763     0.8960     0.8373     1.0000     0.9530     0.9632     0.9556     0.8655     0.7404     0.9000     0.9366     0.9685     0.9709     0.9336     0.9028     0.7386     0.8797     0.7798     1.0000     0.9301     1.0000     0.8763     0.8960     0.8373     1.0000     0.9530     0.9340     0.9267     0.8655     0.7404     0.9000     0.9366     0.9685     0.9709     0.9336     0.9028     0.7386     0.8797     0.7798     1.0000     0.9301     1.0000     0.8763     0.8960     0.8373     1.0000     0.9530     0.9705     0.9629     0.8655     0.7404     0.9000     0.9366     0.9685     0.9709     0.9336     0.9028     0.7386     0.8797     0.7798     1.0000     0.9301     1.0000     0.8763     0.8960     0.8373     1.0000     0.9530     0.9266     0.9194     0.8655     0.7404     0.9000     0.9366     0.9685     0.9709     0.9336     0.9028     0.7386     0.8797     0.7798     1.0000     0.9301     1.0000     0.8763     0.8960     0.8373     1.0000     0.9530     0.9632     0.9556     0.8655     0.7404     0.9000     0.9366     0.9685     0.9709     0.9336     0.9028     0.7386     0.8797     0.7798     1.0000     0.9301     1.0000     0.8763     0.8960     0.8373     1.0000     0.9530     0.9705     0.9629     0.8655     0.7404     0.9000     0.9366     0.9685     0.9709     0.9336     0.9028     0.7386     0.8797     0.7798     1.0000     0.9301     1.0000     0.8763     0.8960     0.8373     1.0000     0.9530     0.9705     0.9629     0.8655     0.7404     0.9000     0.9366     0.9685     0.9709     0.9336     0.9028     0.7386     0.8797     0.7798     1.0000     0.9301     1.0000     0.8763     0.8960     0.8373     1.0000     0.9530     0.9340     0.9267     0.8655     0.7404     0.9000     0.9366     0.9685     0.9709     0.9336     0.9028     0.7386     0.8797     0.7798     1.0000     0.9301     1.0000     0.8763     0.8960     0.8373     1.0000     0.9530     0.9340     0.9267     0.8655     0.7404     0.9000     0.9366     0.9685     0.9709     0.9336     0.9028     0.7386     0.8797     0.7798     1.0000     0.9301     1.0000     0.8763     0.8960     0.8373     1.0000     0.9530     0.9632     0.9556     0.8655     0.7404     0.9000     0.9366     0.9685     0.9709     0.9336     0.9028     0.7386     0.8797     0.7798     1.0000     0.9301     1.0000     0.8763     0.8960     0.8373     1.0000     0.9530     0.9449     0.9375     0.8655     0.7404     0.9000     0.9366     0.9685     0.9709     0.9336     0.9028     0.7386     0.8797     0.7798     1.0000     0.9301     1.0000     0.8763     0.8960     0.8373     1.0000     0.9530     0.9486     0.9412     0.8655     0.7404     0.9000     0.9366     0.9685     0.9709     0.9336     0.9028     0.7386     0.8797     0.7798     1.0000     0.9301     1.0000     0.8763     0.8960     0.8373     1.0000     0.9530     0.9486     0.9412     0.8655     0.7404     0.9000     0.9366     0.9685     0.9709     0.9336     0.9028     0.7386     0.8797     0.7798     1.0000     0.9301     1.0000     0.8763     0.8960     0.8373     1.0000     0.9530     0.9595     0.9520     0.8655     0.7404     0.9000     0.9366     0.9685     0.9709     0.9336     0.9028     0.7386     0.8797     0.7798     1.0000     0.9301     1.0000     0.8763     0.8960     0.8373     1.0000     0.9530     0.9522     0.9448     0.8655     0.7404     0.9000     0.9366     0.9685     0.9709     0.9336     0.9028     0.7386     0.8797     0.7798     1.0000     0.9301     1.0000     0.8763     0.8960     0.8373     1.0000     0.9530     1.0000     1.0000     0.8655     0.7404     0.9000     0.9366     0.9685     0.9709     0.9336     0.9028     0.7386     0.8797     0.7798     1.0000     0.9301     1.0000     0.8763     0.8960     0.8373     1.0000     0.9530     0.8937     0.8867     0.8655     0.7404     0.9000     0.9366     0.9685     0.9709     0.9336     0.9028     0.7386     0.8797     0.7798     1.0000     0.9301     1.0000     0.8763     0.8960     0.8373     1.0000     0.9530     0.9132     0.9061     0.8655     0.7404     0.9000     0.9366     0.9685     0.9709     0.9336     0.9028     0.7386     0.9209     0.9209     0.9209     0.9209     0.9209     0.8906     0.8359     0.9209     0.9976     0.8776     0.9336     0.9117     0.9432     0.7571     0.9494     0.9078     0.9383     0.9911     0.9269     0.9209     0.7500
09/30/1972_24:00     0.8797     0.7798     1.0000     0.9301     1.0000     0.8763     0.8960     0.8373     1.0000     0.9530     0.9486     0.9412     0.8655     0.7404     0.9000     0.9366     0.9685     0.9709     0.9336     0.9028     0.7386     0.8797     0.8200     1.0000     0.9301     1.0000     0.8763     0.8960     0.8373     1.0000     0.9530     0.9194     0.9122     0.8655     0.8200     0.9000     0.9366     0.9685     0.9709     0.9336     0.9028     0.8200     0.8797     0.7798     1.0000     0.9301     1.0000     0.8763     0.8960     0.8373     1.0000     0.9530     0.9632     0.9556     0.8655     0.7404     0.9000     0.9366     0.9685     0.9709     0.9336     0.9028     0.7386     0.8797     0.7798     1.0000     0.9301     1.0000     0.8763     0.8960     0.8373     1.0000     0.9530     0.9340     0.9267     0.8655     0.7404     0.9000     0.9366     0.9685     0.9709     0.9336     0.9028     0.7386     0.8797     0.7798     1.0000     0.9301     1.0000     0.8763     0.8960     0.8373     1.0000     0.9530     0.9705     0.9629     0.8655     0.7404     0.9000     0.9366     0.9685     0.9709     0.9336     0.9028     0.7386     0.8797     0.7798     1.0000     0.9301     1.0000     0.8763     0.8960     0.8373     1.0000     0.9530     0.9266     0.9194     0.8655     0.7404     0.9000     0.9366     0.9685     0.9709     0.9336     0.9028     0.7386     0.8797     0.7798     1.0000     0.9301     1.0000     0.8763     0.8960     0.8373     1.0000     0.9530     0.9632     0.9556     0.8655     0.7404     0.9000     0.9366     0.9685     0.9709     0.9336     0.9028     0.7386     0.8797     0.7798     1.0000     0.9301     1.0000     0.8763     0.8960     0.8373     1.0000     0.9530     0.9705     0.9629     0.8655     0.7404     0.9000     0.9366     0.9685     0.9709     0.9336     0.9028     0.7386     0.8797     0.7798     1.0000     0.9301     1.0000     0.8763     0.8960     0.8373     1.0000     0.9530     0.9705     0.9629     0.8655     0.7404     0.9000     0.9366     0.9685     0.9709     0.9336     0.9028     0.7386     0.8797     0.7798     1.0000     0.9301     1.0000     0.8763     0.8960     0.8373     1.0000     0.9530     0.9340     0.9267     0.8655     0.7404     0.9000     0.9366     0.9685     0.9709     0.9336     0.9028     0.7386     0.8797     0.7798     1.0000     0.9301     1.0000     0.8763     0.8960     0.8373     1.0000     0.9530     0.9340     0.9267     0.8655     0.7404     0.9000     0.9366     0.9685     0.9709     0.9336     0.9028     0.7386     0.8797     0.7798     1.0000     0.9301     1.0000     0.8763     0.8960     0.8373     1.0000     0.9530     0.9632     0.9556     0.8655     0.7404     0.9000     0.9366     0.9685     0.9709     0.9336     0.9028     0.7386     0.8797     0.7798     1.0000     0.9301     1.0000     0.8763     0.8960     0.8373     1.0000     0.9530     0.9449     0.9375     0.8655     0.7404     0.9000     0.9366     0.9685     0.9709     0.9336     0.9028     0.7386     0.8797     0.7798     1.0000     0.9301     1.0000     0.8763     0.8960     0.8373     1.0000     0.9530     0.9486     0.9412     0.8655     0.7404     0.9000     0.9366     0.9685     0.9709     0.9336     0.9028     0.7386     0.8797     0.7798     1.0000     0.9301     1.0000     0.8763     0.8960     0.8373     1.0000     0.9530     0.9486     0.9412     0.8655     0.7404     0.9000     0.9366     0.9685     0.9709     0.9336     0.9028     0.7386     0.8797     0.7798     1.0000     0.9301     1.0000     0.8763     0.8960     0.8373     1.0000     0.9530     0.9595     0.9520     0.8655     0.7404     0.9000     0.9366     0.9685     0.9709     0.9336     0.9028     0.7386     0.8797     0.7798     1.0000     0.9301     1.0000     0.8763     0.8960     0.8373     1.0000     0.9530     0.9522     0.9448     0.8655     0.7404     0.9000     0.9366     0.9685     0.9709     0.9336     0.9028     0.7386     0.8797     0.7798     1.0000     0.9301     1.0000     0.8763     0.8960     0.8373     1.0000     0.9530     1.0000     1.0000     0.8655     0.7404     0.9000     0.9366     0.9685     0.9709     0.9336     0.9028     0.7386     0.8797     0.7798     1.0000     0.9301     1.0000     0.8763     0.8960     0.8373     1.0000     0.9530     0.8937     0.8867     0.8655     0.7404     0.9000     0.9366     0.9685     0.9709     0.9336     0.9028     0.7386     0.8797     0.7798     1.0000     0.9301     1.0000     0.8763     0.8960     0.8373     1.0000     0.9530     0.9132     0.9061     0.8655     0.7404     0.9000     0.9366     0.9685     0.9709     0.9336     0.9028     0.7386     0.9209     0.9209     0.9209     0.9209     0.9209     0.8906     0.8359     0.9209     0.9976     0.8776     0.9336     0.9117     0.9432     0.7571     0.9494     0.9078     0.9383     0.9911     0.9269     0.9209     0.7500
09/30/1973_24:00     0.8797     0.7798     1.0000     0.9301     1.0000     0.8763     0.8960     0.8373     1.0000     0.9530     0.9486     0.9412     0.8655     0.7404     0.9000     0.9366     0.9685     0.9709     0.9336     0.9028     0.7386     0.8797     0.8200     1.0000     0.9301     1.0000     0.8763     0.8960     0.8373     1.0000     0.9530     0.9194     0.9122     0.8655     0.8200     0.9000     0.9366     0.9685     0.9709     0.9336     0.9028     0.8200     0.8797     0.7798     1.0000     0.9301     1.0000     0.8763     0.8960     0.8373     1.0000     0.9530     0.9632     0.9556     0.8655     0.7404     0.9000     0.9366     0.9685     0.9709     0.9336     0.9028     0.7386     0.8797     0.7798     1.0000     0.9301     1.0000     0.8763     0.8960     0.8373     1.0000     0.9530     0.9340     0.9267     0.8655     0.7404     0.9000     0.9366     0.9685     0.9709     0.9336     0.9028     0.7386     0.8797     0.7798     1.0000     0.9301     1.0000     0.8763     0.8960     0.8373     1.0000     0.9530     0.9705     0.9629     0.8655     0.7404     0.9000     0.9366     0.9685     0.9709     0.9336     0.9028     0.7386     0.8797     0.7798     1.0000     0.9301     1.0000     0.8763     0.8960     0.8373     1.0000     0.9530     0.9266     0.9194     0.8655     0.7404     0.9000     0.9366     0.9685     0.9709     0.9336     0.9028     0.7386     0.8797     0.7798     1.0000     0.9301     1.0000     0.8763     0.8960     0.8373     1.0000     0.9530     0.9632     0.9556     0.8655     0.7404     0.9000     0.9366     0.9685     0.9709     0.9336     0.9028     0.7386     0.8797     0.7798     1.0000     0.9301     1.0000     0.8763     0.8960     0.8373     1.0000     0.9530     0.9705     0.9629     0.8655     0.7404     0.9000     0.9366     0.9685     0.9709     0.9336     0.9028     0.7386     0.8797     0.7798     1.0000     0.9301     1.0000     0.8763     0.8960     0.8373     1.0000     0.9530     0.9705     0.9629     0.8655     0.7404     0.9000     0.9366     0.9685     0.9709     0.9336     0.9028     0.7386     0.8797     0.7798     1.0000     0.9301     1.0000     0.8763     0.8960     0.8373     1.0000     0.9530     0.9340     0.9267     0.8655     0.7404     0.9000     0.9366     0.9685     0.9709     0.9336     0.9028     0.7386     0.8797     0.7798     1.0000     0.9301     1.0000     0.8763     0.8960     0.8373     1.0000     0.9530     0.9340     0.9267     0.8655     0.7404     0.9000     0.9366     0.9685     0.9709     0.9336     0.9028     0.7386     0.8797     0.7798     1.0000     0.9301     1.0000     0.8763     0.8960     0.8373     1.0000     0.9530     0.9632     0.9556     0.8655     0.7404     0.9000     0.9366     0.9685     0.9709     0.9336     0.9028     0.7386     0.8797     0.7798     1.0000     0.9301     1.0000     0.8763     0.8960     0.8373     1.0000     0.9530     0.9449     0.9375     0.8655     0.7404     0.9000     0.9366     0.9685     0.9709     0.9336     0.9028     0.7386     0.8797     0.7798     1.0000     0.9301     1.0000     0.8763     0.8960     0.8373     1.0000     0.9530     0.9486     0.9412     0.8655     0.7404     0.9000     0.9366     0.9685     0.9709     0.9336     0.9028     0.7386     0.8797     0.7798     1.0000     0.9301     1.0000     0.8763     0.8960     0.8373     1.0000     0.9530     0.9486     0.9412     0.8655     0.7404     0.9000     0.9366     0.9685     0.9709     0.9336     0.9028     0.7386     0.8797     0.7798     1.0000     0.9301     1.0000     0.8763     0.8960     0.8373     1.0000     0.9530     0.9595     0.9520     0.8655     0.7404     0.9000     0.9366     0.9685     0.9709     0.9336     0.9028     0.7386     0.8797     0.7798     1.0000     0.9301     1.0000     0.8763     0.8960     0.8373     1.0000     0.9530     0.9522     0.9448     0.8655     0.7404     0.9000     0.9366     0.9685     0.9709     0.9336     0.9028     0.7386     0.8797     0.7798     1.0000     0.9301     1.0000     0.8763     0.8960     0.8373     1.0000     0.9530     1.0000     1.0000     0.8655     0.7404     0.9000     0.9366     0.9685     0.9709     0.9336     0.9028     0.7386     0.8797     0.7798     1.0000     0.9301     1.0000     0.8763     0.8960     0.8373     1.0000     0.9530     0.8937     0.8867     0.8655     0.7404     0.9000     0.9366     0.9685     0.9709     0.9336     0.9028     0.7386     0.8797     0.7798     1.0000     0.9301     1.0000     0.8763     0.8960     0.8373     1.0000     0.9530     0.9132     0.9061     0.8655     0.7404     0.9000     0.9366     0.9685     0.9709     0.9336     0.9028     0.7386     0.9209     0.9209     0.9209     0.9209     0.9209     0.8906     0.8359     0.9209     0.9976     0.8776     0.9336     0.9117     0.9432     0.7571     0.9494     0.9078     0.9383     0.9911     0.9269     0.9209     0.7500
09/30/1974_24:00     0.8797     0.7798     1.0000     0.9301     1.0000     0.8763     0.8960     0.8373     1.0000     0.9530     0.9486     0.9412     0.8655     0.7404     0.9000     0.9366     0.9685     0.9709     0.9336     0.9028     0.7386     0.8797     0.8200     1.0000     0.9301     1.0000     0.8763     0.8960     0.8373     1.0000     0.9530     0.9194     0.9122     0.8655     0.8200     0.9000     0.9366     0.9685     0.9709     0.9336     0.9028     0.8200     0.8797     0.7798     1.0000     0.9301     1.0000     0.8763     0.8960     0.8373     1.0000     0.9530     0.9632     0.9556     0.8655     0.7404     0.9000     0.9366     0.9685     0.9709     0.9336     0.9028     0.7386     0.8797     0.7798     1.0000     0.9301     1.0000     0.8763     0.8960     0.8373     1.0000     0.9530     0.9340     0.9267     0.8655     0.7404     0.9000     0.9366     0.9685     0.9709     0.9336     0.9028     0.7386     0.8797     0.7798     1.0000     0.9301     1.0000     0.8763     0.8960     0.8373     1.0000     0.9530     0.9705     0.9629     0.8655     0.7404     0.9000     0.9366     0.9685     0.9709     0.9336     0.9028     0.7386     0.8797     0.7798     1.0000     0.9301     1.0000     0.8763     0.8960     0.8373     1.0000     0.9530     0.9266     0.9194     0.8655     0.7404     0.9000     0.9366     0.9685     0.9709     0.9336     0.9028     0.7386     0.8797     0.7798     1.0000     0.9301     1.0000     0.8763     0.8960     0.8373     1.0000     0.9530     0.9632     0.9556     0.8655     0.7404     0.9000     0.9366     0.9685     0.9709     0.9336     0.9028     0.7386     0.8797     0.7798     1.0000     0.9301     1.0000     0.8763     0.8960     0.8373     1.0000     0.9530     0.9705     0.9629     0.8655     0.7404     0.9000     0.9366     0.9685     0.9709     0.9336     0.9028     0.7386     0.8797     0.7798     1.0000     0.9301     1.0000     0.8763     0.8960     0.8373     1.0000     0.9530     0.9705     0.9629     0.8655     0.7404     0.9000     0.9366     0.9685     0.9709     0.9336     0.9028     0.7386     0.8797     0.7798     1.0000     0.9301     1.0000     0.8763     0.8960     0.8373     1.0000     0.9530     0.9340     0.9267     0.8655     0.7404     0.9000     0.9366     0.9685     0.9709     0.9336     0.9028     0.7386     0.8797     0.7798     1.0000     0.9301     1.0000     0.8763     0.8960     0.8373     1.0000     0.9530     0.9340     0.9267     0.8655     0.7404     0.9000     0.9366     0.9685     0.9709     0.9336     0.9028     0.7386     0.8797     0.7798     1.0000     0.9301     1.0000     0.8763     0.8960     0.8373     1.0000     0.9530     0.9632     0.9556     0.8655     0.7404     0.9000     0.9366     0.9685     0.9709     0.9336     0.9028     0.7386     0.8797     0.7798     1.0000     0.9301     1.0000     0.8763     0.8960     0.8373     1.0000     0.9530     0.9449     0.9375     0.8655     0.7404     0.9000     0.9366     0.9685     0.9709     0.9336     0.9028     0.7386     0.8797     0.7798     1.0000     0.9301     1.0000     0.8763     0.8960     0.8373     1.0000     0.9530     0.9486     0.9412     0.8655     0.7404     0.9000     0.9366     0.9685     0.9709     0.9336     0.9028     0.7386     0.8797     0.7798     1.0000     0.9301     1.0000     0.8763     0.8960     0.8373     1.0000     0.9530     0.9486     0.9412     0.8655     0.7404     0.9000     0.9366     0.9685     0.9709     0.9336     0.9028     0.7386     0.8797     0.7798     1.0000     0.9301     1.0000     0.8763     0.8960     0.8373     1.0000     0.9530     0.9595     0.9520     0.8655     0.7404     0.9000     0.9366     0.9685     0.9709     0.9336     0.9028     0.7386     0.8797     0.7798     1.0000     0.9301     1.0000     0.8763     0.8960     0.8373     1.0000     0.9530     0.9522     0.9448     0.8655     0.7404     0.9000     0.9366     0.9685     0.9709     0.9336     0.9028     0.7386     0.8797     0.7798     1.0000     0.9301     1.0000     0.8763     0.8960     0.8373     1.0000     0.9530     1.0000     1.0000     0.8655     0.7404     0.9000     0.9366     0.9685     0.9709     0.9336     0.9028     0.7386     0.8797     0.7798     1.0000     0.9301     1.0000     0.8763     0.8960     0.8373     1.0000     0.9530     0.8937     0.8867     0.8655     0.7404     0.9000     0.9366     0.9685     0.9709     0.9336     0.9028     0.7386     0.8797     0.7798     1.0000     0.9301     1.0000     0.8763     0.8960     0.8373     1.0000     0.9530     0.9132     0.9061     0.8655     0.7404     0.9000     0.9366     0.9685     0.9709     0.9336     0.9028     0.7386     0.9209     0.9209     0.9209     0.9209     0.9209     0.8906     0.8359     0.9209     0.9976     0.8776     0.9336     0.9117     0.9432     0.7571     0.9494     0.9078     0.9383     0.9911     0.9269     0.9209     0.7500
09/30/1975_24:00     0.8797     0.7798     1.0000     0.9301     1.0000     0.8763     0.8960     0.8373     1.0000     0.9530     0.9486     0.9412     0.8655     0.7404     0.9000     0.9366     0.9685     0.9709     0.9336     0.9028     0.7386     0.8797     0.8200     1.0000     0.9301     1.0000     0.8763     0.8960     0.8373     1.0000     0.9530     0.9194     0.9122     0.8655     0.8200     0.9000     0.9366     0.9685     0.9709     0.9336     0.9028     0.8200     0.8797     0.7798     1.0000     0.9301     1.0000     0.8763     0.8960     0.8373     1.0000     0.9530     0.9632     0.9556     0.8655     0.7404     0.9000     0.9366     0.9685     0.9709     0.9336     0.9028     0.7386     0.8797     0.7798     1.0000     0.9301     1.0000     0.8763     0.8960     0.8373     1.0000     0.9530     0.9340     0.9267     0.8655     0.7404     0.9000     0.9366     0.9685     0.9709     0.9336     0.9028     0.7386     0.8797     0.7798     1.0000     0.9301     1.0000     0.8763     0.8960     0.8373     1.0000     0.9530     0.9705     0.9629     0.8655     0.7404     0.9000     0.9366     0.9685     0.9709     0.9336     0.9028     0.7386     0.8797     0.7798     1.0000     0.9301     1.0000     0.8763     0.8960     0.8373     1.0000     0.9530     0.9266     0.9194     0.8655     0.7404     0.9000     0.9366     0.9685     0.9709     0.9336     0.9028     0.7386     0.8797     0.7798     1.0000     0.9301     1.0000     0.8763     0.8960     0.8373     1.0000     0.9530     0.9632     0.9556     0.8655     0.7404     0.9000     0.9366     0.9685     0.9709     0.9336     0.9028     0.7386     0.8797     0.7798     1.0000     0.9301     1.0000     0.8763     0.8960     0.8373     1.0000     0.9530     0.9705     0.9629     0.8655     0.7404     0.9000     0.9366     0.9685     0.9709     0.9336     0.9028     0.7386     0.8797     0.7798     1.0000     0.9301     1.0000     0.8763     0.8960     0.8373     1.0000     0.9530     0.9705     0.9629     0.8655     0.7404     0.9000     0.9366     0.9685     0.9709     0.9336     0.9028     0.7386     0.8797     0.7798     1.0000     0.9301     1.0000     0.8763     0.8960     0.8373     1.0000     0.9530     0.9340     0.9267     0.8655     0.7404     0.9000     0.9366     0.9685     0.9709     0.9336     0.9028     0.7386     0.8797     0.7798     1.0000     0.9301     1.0000     0.8763     0.8960     0.8373     1.0000     0.9530     0.9340     0.9267     0.8655     0.7404     0.9000     0.9366     0.9685     0.9709     0.9336     0.9028     0.7386     0.8797     0.7798     1.0000     0.9301     1.0000     0.8763     0.8960     0.8373     1.0000     0.9530     0.9632     0.9556     0.8655     0.7404     0.9000     0.9366     0.9685     0.9709     0.9336     0.9028     0.7386     0.8797     0.7798     1.0000     0.9301     1.0000     0.8763     0.8960     0.8373     1.0000     0.9530     0.9449     0.9375     0.8655     0.7404     0.9000     0.9366     0.9685     0.9709     0.9336     0.9028     0.7386     0.8797     0.7798     1.0000     0.9301     1.0000     0.8763     0.8960     0.8373     1.0000     0.9530     0.9486     0.9412     0.8655     0.7404     0.9000     0.9366     0.9685     0.9709     0.9336     0.9028     0.7386     0.8797     0.7798     1.0000     0.9301     1.0000     0.8763     0.8960     0.8373     1.0000     0.9530     0.9486     0.9412     0.8655     0.7404     0.9000     0.9366     0.9685     0.9709     0.9336     0.9028     0.7386     0.8797     0.7798     1.0000     0.9301     1.0000     0.8763     0.8960     0.8373     1.0000     0.9530     0.9595     0.9520     0.8655     0.7404     0.9000     0.9366     0.9685     0.9709     0.9336     0.9028     0.7386     0.8797     0.7798     1.0000     0.9301     1.0000     0.8763     0.8960     0.8373     1.0000     0.9530     0.9522     0.9448     0.8655     0.7404     0.9000     0.9366     0.9685     0.9709     0.9336     0.9028     0.7386     0.8797     0.7798     1.0000     0.9301     1.0000     0.8763     0.8960     0.8373     1.0000     0.9530     1.0000     1.0000     0.8655     0.7404     0.9000     0.9366     0.9685     0.9709     0.9336     0.9028     0.7386     0.8797     0.7798     1.0000     0.9301     1.0000     0.8763     0.8960     0.8373     1.0000     0.9530     0.8937     0.8867     0.8655     0.7404     0.9000     0.9366     0.9685     0.9709     0.9336     0.9028     0.7386     0.8797     0.7798     1.0000     0.9301     1.0000     0.8763     0.8960     0.8373     1.0000     0.9530     0.9132     0.9061     0.8655     0.7404     0.9000     0.9366     0.9685     0.9709     0.9336     0.9028     0.7386     0.9209     0.9209     0.9209     0.9209     0.9209     0.8906     0.8359     0.9209     0.9976     0.8776     0.9336     0.9117     0.9432     0.7571     0.9494     0.9078     0.9383     0.9911     0.9269     0.9209     0.7500
09/30/1976_24:00     0.8797     0.7798     1.0000     0.9301     1.0000     0.8763     0.8960     0.8373     1.0000     0.9530     0.9486     0.9412     0.8655     0.7404     0.9000     0.9366     0.9685     0.9709     0.9336     0.9028     0.7386     0.8797     0.8200     1.0000     0.9301     1.0000     0.8763     0.8960     0.8373     1.0000     0.9530     0.9194     0.9122     0.8655     0.8200     0.9000     0.9366     0.9685     0.9709     0.9336     0.9028     0.8200     0.8797     0.7798     1.0000     0.9301     1.0000     0.8763     0.8960     0.8373     1.0000     0.9530     0.9632     0.9556     0.8655     0.7404     0.9000     0.9366     0.9685     0.9709     0.9336     0.9028     0.7386     0.8797     0.7798     1.0000     0.9301     1.0000     0.8763     0.8960     0.8373     1.0000     0.9530     0.9340     0.9267     0.8655     0.7404     0.9000     0.9366     0.9685     0.9709     0.9336     0.9028     0.7386     0.8797     0.7798     1.0000     0.9301     1.0000     0.8763     0.8960     0.8373     1.0000     0.9530     0.9705     0.9629     0.8655     0.7404     0.9000     0.9366     0.9685     0.9709     0.9336     0.9028     0.7386     0.8797     0.7798     1.0000     0.9301     1.0000     0.8763     0.8960     0.8373     1.0000     0.9530     0.9266     0.9194     0.8655     0.7404     0.9000     0.9366     0.9685     0.9709     0.9336     0.9028     0.7386     0.8797     0.7798     1.0000     0.9301     1.0000     0.8763     0.8960     0.8373     1.0000     0.9530     0.9632     0.9556     0.8655     0.7404     0.9000     0.9366     0.9685     0.9709     0.9336     0.9028     0.7386     0.8797     0.7798     1.0000     0.9301     1.0000     0.8763     0.8960     0.8373     1.0000     0.9530     0.9705     0.9629     0.8655     0.7404     0.9000     0.9366     0.9685     0.9709     0.9336     0.9028     0.7386     0.8797     0.7798     1.0000     0.9301     1.0000     0.8763     0.8960     0.8373     1.0000     0.9530     0.9705     0.9629     0.8655     0.7404     0.9000     0.9366     0.9685     0.9709     0.9336     0.9028     0.7386     0.8797     0.7798     1.0000     0.9301     1.0000     0.8763     0.8960     0.8373     1.0000     0.9530     0.9340     0.9267     0.8655     0.7404     0.9000     0.9366     0.9685     0.9709     0.9336     0.9028     0.7386     0.8797     0.7798     1.0000     0.9301     1.0000     0.8763     0.8960     0.8373     1.0000     0.9530     0.9340     0.9267     0.8655     0.7404     0.9000     0.9366     0.9685     0.9709     0.9336     0.9028     0.7386     0.8797     0.7798     1.0000     0.9301     1.0000     0.8763     0.8960     0.8373     1.0000     0.9530     0.9632     0.9556     0.8655     0.7404     0.9000     0.9366     0.9685     0.9709     0.9336     0.9028     0.7386     0.8797     0.7798     1.0000     0.9301     1.0000     0.8763     0.8960     0.8373     1.0000     0.9530     0.9449     0.9375     0.8655     0.7404     0.9000     0.9366     0.9685     0.9709     0.9336     0.9028     0.7386     0.8797     0.7798     1.0000     0.9301     1.0000     0.8763     0.8960     0.8373     1.0000     0.9530     0.9486     0.9412     0.8655     0.7404     0.9000     0.9366     0.9685     0.9709     0.9336     0.9028     0.7386     0.8797     0.7798     1.0000     0.9301     1.0000     0.8763     0.8960     0.8373     1.0000     0.9530     0.9486     0.9412     0.8655     0.7404     0.9000     0.9366     0.9685     0.9709     0.9336     0.9028     0.7386     0.8797     0.7798     1.0000     0.9301     1.0000     0.8763     0.8960     0.8373     1.0000     0.9530     0.9595     0.9520     0.8655     0.7404     0.9000     0.9366     0.9685     0.9709     0.9336     0.9028     0.7386     0.8797     0.7798     1.0000     0.9301     1.0000     0.8763     0.8960     0.8373     1.0000     0.9530     0.9522     0.9448     0.8655     0.7404     0.9000     0.9366     0.9685     0.9709     0.9336     0.9028     0.7386     0.8797     0.7798     1.0000     0.9301     1.0000     0.8763     0.8960     0.8373     1.0000     0.9530     1.0000     1.0000     0.8655     0.7404     0.9000     0.9366     0.9685     0.9709     0.9336     0.9028     0.7386     0.8797     0.7798     1.0000     0.9301     1.0000     0.8763     0.8960     0.8373     1.0000     0.9530     0.8937     0.8867     0.8655     0.7404     0.9000     0.9366     0.9685     0.9709     0.9336     0.9028     0.7386     0.8797     0.7798     1.0000     0.9301     1.0000     0.8763     0.8960     0.8373     1.0000     0.9530     0.9132     0.9061     0.8655     0.7404     0.9000     0.9366     0.9685     0.9709     0.9336     0.9028     0.7386     0.9209     0.9209     0.9209     0.9209     0.9209     0.8906     0.8359     0.9209     0.9976     0.8776     0.9336     0.9117     0.9432     0.7571     0.9494     0.9078     0.9383     0.9911     0.9269     0.9209     0.7500
09/30/1977_24:00     0.8797     0.7798     1.0000     0.9301     1.0000     0.8763     0.8960     0.8373     1.0000     0.9530     0.9486     0.9412     0.8655     0.7404     0.9000     0.9366     0.9685     0.9709     0.9336     0.9028     0.7386     0.8797     0.8200     1.0000     0.9301     1.0000     0.8763     0.8960     0.8373     1.0000     0.9530     0.9194     0.9122     0.8655     0.8200     0.9000     0.9366     0.9685     0.9709     0.9336     0.9028     0.8200     0.8797     0.7798     1.0000     0.9301     1.0000     0.8763     0.8960     0.8373     1.0000     0.9530     0.9632     0.9556     0.8655     0.7404     0.9000     0.9366     0.9685     0.9709     0.9336     0.9028     0.7386     0.8797     0.7798     1.0000     0.9301     1.0000     0.8763     0.8960     0.8373     1.0000     0.9530     0.9340     0.9267     0.8655     0.7404     0.9000     0.9366     0.9685     0.9709     0.9336     0.9028     0.7386     0.8797     0.7798     1.0000     0.9301     1.0000     0.8763     0.8960     0.8373     1.0000     0.9530     0.9705     0.9629     0.8655     0.7404     0.9000     0.9366     0.9685     0.9709     0.9336     0.9028     0.7386     0.8797     0.7798     1.0000     0.9301     1.0000     0.8763     0.8960     0.8373     1.0000     0.9530     0.9266     0.9194     0.8655     0.7404     0.9000     0.9366     0.9685     0.9709     0.9336     0.9028     0.7386     0.8797     0.7798     1.0000     0.9301     1.0000     0.8763     0.8960     0.8373     1.0000     0.9530     0.9632     0.9556     0.8655     0.7404     0.9000     0.9366     0.9685     0.9709     0.9336     0.9028     0.7386     0.8797     0.7798     1.0000     0.9301     1.0000     0.8763     0.8960     0.8373     1.0000     0.9530     0.9705     0.9629     0.8655     0.7404     0.9000     0.9366     0.9685     0.9709     0.9336     0.9028     0.7386     0.8797     0.7798     1.0000     0.9301     1.0000     0.8763     0.8960     0.8373     1.0000     0.9530     0.9705     0.9629     0.8655     0.7404     0.9000     0.9366     0.9685     0.9709     0.9336     0.9028     0.7386     0.8797     0.7798     1.0000     0.9301     1.0000     0.8763     0.8960     0.8373     1.0000     0.9530     0.9340     0.9267     0.8655     0.7404     0.9000     0.9366     0.9685     0.9709     0.9336     0.9028     0.7386     0.8797     0.7798     1.0000     0.9301     1.0000     0.8763     0.8960     0.8373     1.0000     0.9530     0.9340     0.9267     0.8655     0.7404     0.9000     0.9366     0.9685     0.9709     0.9336     0.9028     0.7386     0.8797     0.7798     1.0000     0.9301     1.0000     0.8763     0.8960     0.8373     1.0000     0.9530     0.9632     0.9556     0.8655     0.7404     0.9000     0.9366     0.9685     0.9709     0.9336     0.9028     0.7386     0.8797     0.7798     1.0000     0.9301     1.0000     0.8763     0.8960     0.8373     1.0000     0.9530     0.9449     0.9375     0.8655     0.7404     0.9000     0.9366     0.9685     0.9709     0.9336     0.9028     0.7386     0.8797     0.7798     1.0000     0.9301     1.0000     0.8763     0.8960     0.8373     1.0000     0.9530     0.9486     0.9412     0.8655     0.7404     0.9000     0.9366     0.9685     0.9709     0.9336     0.9028     0.7386     0.8797     0.7798     1.0000     0.9301     1.0000     0.8763     0.8960     0.8373     1.0000     0.9530     0.9486     0.9412     0.8655     0.7404     0.9000     0.9366     0.9685     0.9709     0.9336     0.9028     0.7386     0.8797     0.7798     1.0000     0.9301     1.0000     0.8763     0.8960     0.8373     1.0000     0.9530     0.9595     0.9520     0.8655     0.7404     0.9000     0.9366     0.9685     0.9709     0.9336     0.9028     0.7386     0.8797     0.7798     1.0000     0.9301     1.0000     0.8763     0.8960     0.8373     1.0000     0.9530     0.9522     0.9448     0.8655     0.7404     0.9000     0.9366     0.9685     0.9709     0.9336     0.9028     0.7386     0.8797     0.7798     1.0000     0.9301     1.0000     0.8763     0.8960     0.8373     1.0000     0.9530     1.0000     1.0000     0.8655     0.7404     0.9000     0.9366     0.9685     0.9709     0.9336     0.9028     0.7386     0.8797     0.7798     1.0000     0.9301     1.0000     0.8763     0.8960     0.8373     1.0000     0.9530     0.8937     0.8867     0.8655     0.7404     0.9000     0.9366     0.9685     0.9709     0.9336     0.9028     0.7386     0.8797     0.7798     1.0000     0.9301     1.0000     0.8763     0.8960     0.8373     1.0000     0.9530     0.9132     0.9061     0.8655     0.7404     0.9000     0.9366     0.9685     0.9709     0.9336     0.9028     0.7386     0.9209     0.9209     0.9209     0.9209     0.9209     0.8906     0.8359     0.9209     0.9976     0.8776     0.9336     0.9117     0.9432     0.7571     0.9494     0.9078     0.9383     0.9911     0.9269     0.9209     0.7500
09/30/1978_24:00     0.8797     0.7798     1.0000     0.9301     1.0000     0.8763     0.8960     0.8373     1.0000     0.9530     0.9486     0.9412     0.8655     0.7404     0.9000     0.9366     0.9685     0.9709     0.9336     0.9028     0.7386     0.8797     0.8200     1.0000     0.9301     1.0000     0.8763     0.8960     0.8373     1.0000     0.9530     0.9194     0.9122     0.8655     0.8200     0.9000     0.9366     0.9685     0.9709     0.9336     0.9028     0.8200     0.8797     0.7798     1.0000     0.9301     1.0000     0.8763     0.8960     0.8373     1.0000     0.9530     0.9632     0.9556     0.8655     0.7404     0.9000     0.9366     0.9685     0.9709     0.9336     0.9028     0.7386     0.8797     0.7798     1.0000     0.9301     1.0000     0.8763     0.8960     0.8373     1.0000     0.9530     0.9340     0.9267     0.8655     0.7404     0.9000     0.9366     0.9685     0.9709     0.9336     0.9028     0.7386     0.8797     0.7798     1.0000     0.9301     1.0000     0.8763     0.8960     0.8373     1.0000     0.9530     0.9705     0.9629     0.8655     0.7404     0.9000     0.9366     0.9685     0.9709     0.9336     0.9028     0.7386     0.8797     0.7798     1.0000     0.9301     1.0000     0.8763     0.8960     0.8373     1.0000     0.9530     0.9266     0.9194     0.8655     0.7404     0.9000     0.9366     0.9685     0.9709     0.9336     0.9028     0.7386     0.8797     0.7798     1.0000     0.9301     1.0000     0.8763     0.8960     0.8373     1.0000     0.9530     0.9632     0.9556     0.8655     0.7404     0.9000     0.9366     0.9685     0.9709     0.9336     0.9028     0.7386     0.8797     0.7798     1.0000     0.9301     1.0000     0.8763     0.8960     0.8373     1.0000     0.9530     0.9705     0.9629     0.8655     0.7404     0.9000     0.9366     0.9685     0.9709     0.9336     0.9028     0.7386     0.8797     0.7798     1.0000     0.9301     1.0000     0.8763     0.8960     0.8373     1.0000     0.9530     0.9705     0.9629     0.8655     0.7404     0.9000     0.9366     0.9685     0.9709     0.9336     0.9028     0.7386     0.8797     0.7798     1.0000     0.9301     1.0000     0.8763     0.8960     0.8373     1.0000     0.9530     0.9340     0.9267     0.8655     0.7404     0.9000     0.9366     0.9685     0.9709     0.9336     0.9028     0.7386     0.8797     0.7798     1.0000     0.9301     1.0000     0.8763     0.8960     0.8373     1.0000     0.9530     0.9340     0.9267     0.8655     0.7404     0.9000     0.9366     0.9685     0.9709     0.9336     0.9028     0.7386     0.8797     0.7798     1.0000     0.9301     1.0000     0.8763     0.8960     0.8373     1.0000     0.9530     0.9632     0.9556     0.8655     0.7404     0.9000     0.9366     0.9685     0.9709     0.9336     0.9028     0.7386     0.8797     0.7798     1.0000     0.9301     1.0000     0.8763     0.8960     0.8373     1.0000     0.9530     0.9449     0.9375     0.8655     0.7404     0.9000     0.9366     0.9685     0.9709     0.9336     0.9028     0.7386     0.8797     0.7798     1.0000     0.9301     1.0000     0.8763     0.8960     0.8373     1.0000     0.9530     0.9486     0.9412     0.8655     0.7404     0.9000     0.9366     0.9685     0.9709     0.9336     0.9028     0.7386     0.8797     0.7798     1.0000     0.9301     1.0000     0.8763     0.8960     0.8373     1.0000     0.9530     0.9486     0.9412     0.8655     0.7404     0.9000     0.9366     0.9685     0.9709     0.9336     0.9028     0.7386     0.8797     0.7798     1.0000     0.9301     1.0000     0.8763     0.8960     0.8373     1.0000     0.9530     0.9595     0.9520     0.8655     0.7404     0.9000     0.9366     0.9685     0.9709     0.9336     0.9028     0.7386     0.8797     0.7798     1.0000     0.9301     1.0000     0.8763     0.8960     0.8373     1.0000     0.9530     0.9522     0.9448     0.8655     0.7404     0.9000     0.9366     0.9685     0.9709     0.9336     0.9028     0.7386     0.8797     0.7798     1.0000     0.9301     1.0000     0.8763     0.8960     0.8373     1.0000     0.9530     1.0000     1.0000     0.8655     0.7404     0.9000     0.9366     0.9685     0.9709     0.9336     0.9028     0.7386     0.8797     0.7798     1.0000     0.9301     1.0000     0.8763     0.8960     0.8373     1.0000     0.9530     0.8937     0.8867     0.8655     0.7404     0.9000     0.9366     0.9685     0.9709     0.9336     0.9028     0.7386     0.8797     0.7798     1.0000     0.9301     1.0000     0.8763     0.8960     0.8373     1.0000     0.9530     0.9132     0.9061     0.8655     0.7404     0.9000     0.9366     0.9685     0.9709     0.9336     0.9028     0.7386     0.9209     0.9209     0.9209     0.9209     0.9209     0.8906     0.8359     0.9209     0.9976     0.8776     0.9336     0.9117     0.9432     0.7571     0.9494     0.9078     0.9383     0.9911     0.9269     0.9209     0.7500
09/30/1979_24:00     0.8797     0.7798     1.0000     0.9301     1.0000     0.8763     0.8960     0.8373     1.0000     0.9530     0.9486     0.9412     0.8655     0.7404     0.9000     0.9366     0.9685     0.9709     0.9336     0.9028     0.7386     0.8797     0.8200     1.0000     0.9301     1.0000     0.8763     0.8960     0.8373     1.0000     0.9530     0.9194     0.9122     0.8655     0.8200     0.9000     0.9366     0.9685     0.9709     0.9336     0.9028     0.8200     0.8797     0.7798     1.0000     0.9301     1.0000     0.8763     0.8960     0.8373     1.0000     0.9530     0.9632     0.9556     0.8655     0.7404     0.9000     0.9366     0.9685     0.9709     0.9336     0.9028     0.7386     0.8797     0.7798     1.0000     0.9301     1.0000     0.8763     0.8960     0.8373     1.0000     0.9530     0.9340     0.9267     0.8655     0.7404     0.9000     0.9366     0.9685     0.9709     0.9336     0.9028     0.7386     0.8797     0.7798     1.0000     0.9301     1.0000     0.8763     0.8960     0.8373     1.0000     0.9530     0.9705     0.9629     0.8655     0.7404     0.9000     0.9366     0.9685     0.9709     0.9336     0.9028     0.7386     0.8797     0.7798     1.0000     0.9301     1.0000     0.8763     0.8960     0.8373     1.0000     0.9530     0.9266     0.9194     0.8655     0.7404     0.9000     0.9366     0.9685     0.9709     0.9336     0.9028     0.7386     0.8797     0.7798     1.0000     0.9301     1.0000     0.8763     0.8960     0.8373     1.0000     0.9530     0.9632     0.9556     0.8655     0.7404     0.9000     0.9366     0.9685     0.9709     0.9336     0.9028     0.7386     0.8797     0.7798     1.0000     0.9301     1.0000     0.8763     0.8960     0.8373     1.0000     0.9530     0.9705     0.9629     0.8655     0.7404     0.9000     0.9366     0.9685     0.9709     0.9336     0.9028     0.7386     0.8797     0.7798     1.0000     0.9301     1.0000     0.8763     0.8960     0.8373     1.0000     0.9530     0.9705     0.9629     0.8655     0.7404     0.9000     0.9366     0.9685     0.9709     0.9336     0.9028     0.7386     0.8797     0.7798     1.0000     0.9301     1.0000     0.8763     0.8960     0.8373     1.0000     0.9530     0.9340     0.9267     0.8655     0.7404     0.9000     0.9366     0.9685     0.9709     0.9336     0.9028     0.7386     0.8797     0.7798     1.0000     0.9301     1.0000     0.8763     0.8960     0.8373     1.0000     0.9530     0.9340     0.9267     0.8655     0.7404     0.9000     0.9366     0.9685     0.9709     0.9336     0.9028     0.7386     0.8797     0.7798     1.0000     0.9301     1.0000     0.8763     0.8960     0.8373     1.0000     0.9530     0.9632     0.9556     0.8655     0.7404     0.9000     0.9366     0.9685     0.9709     0.9336     0.9028     0.7386     0.8797     0.7798     1.0000     0.9301     1.0000     0.8763     0.8960     0.8373     1.0000     0.9530     0.9449     0.9375     0.8655     0.7404     0.9000     0.9366     0.9685     0.9709     0.9336     0.9028     0.7386     0.8797     0.7798     1.0000     0.9301     1.0000     0.8763     0.8960     0.8373     1.0000     0.9530     0.9486     0.9412     0.8655     0.7404     0.9000     0.9366     0.9685     0.9709     0.9336     0.9028     0.7386     0.8797     0.7798     1.0000     0.9301     1.0000     0.8763     0.8960     0.8373     1.0000     0.9530     0.9486     0.9412     0.8655     0.7404     0.9000     0.9366     0.9685     0.9709     0.9336     0.9028     0.7386     0.8797     0.7798     1.0000     0.9301     1.0000     0.8763     0.8960     0.8373     1.0000     0.9530     0.9595     0.9520     0.8655     0.7404     0.9000     0.9366     0.9685     0.9709     0.9336     0.9028     0.7386     0.8797     0.7798     1.0000     0.9301     1.0000     0.8763     0.8960     0.8373     1.0000     0.9530     0.9522     0.9448     0.8655     0.7404     0.9000     0.9366     0.9685     0.9709     0.9336     0.9028     0.7386     0.8797     0.7798     1.0000     0.9301     1.0000     0.8763     0.8960     0.8373     1.0000     0.9530     1.0000     1.0000     0.8655     0.7404     0.9000     0.9366     0.9685     0.9709     0.9336     0.9028     0.7386     0.8797     0.7798     1.0000     0.9301     1.0000     0.8763     0.8960     0.8373     1.0000     0.9530     0.8937     0.8867     0.8655     0.7404     0.9000     0.9366     0.9685     0.9709     0.9336     0.9028     0.7386     0.8797     0.7798     1.0000     0.9301     1.0000     0.8763     0.8960     0.8373     1.0000     0.9530     0.9132     0.9061     0.8655     0.7404     0.9000     0.9366     0.9685     0.9709     0.9336     0.9028     0.7386     0.9209     0.9209     0.9209     0.9209     0.9209     0.8906     0.8359     0.9209     0.9976     0.8776     0.9336     0.9117     0.9432     0.7571     0.9494     0.9078     0.9383     0.9911     0.9269     0.9209     0.7500
09/30/1980_24:00     0.8797     0.7798     1.0000     0.9301     1.0000     0.8763     0.8960     0.8373     1.0000     0.9530     0.9486     0.9412     0.8655     0.7404     0.9000     0.9366     0.9685     0.9709     0.9336     0.9028     0.7386     0.8797     0.8200     1.0000     0.9301     1.0000     0.8763     0.8960     0.8373     1.0000     0.9530     0.9194     0.9122     0.8655     0.8200     0.9000     0.9366     0.9685     0.9709     0.9336     0.9028     0.8200     0.8797     0.7798     1.0000     0.9301     1.0000     0.8763     0.8960     0.8373     1.0000     0.9530     0.9632     0.9556     0.8655     0.7404     0.9000     0.9366     0.9685     0.9709     0.9336     0.9028     0.7386     0.8797     0.7798     1.0000     0.9301     1.0000     0.8763     0.8960     0.8373     1.0000     0.9530     0.9340     0.9267     0.8655     0.7404     0.9000     0.9366     0.9685     0.9709     0.9336     0.9028     0.7386     0.8797     0.7798     1.0000     0.9301     1.0000     0.8763     0.8960     0.8373     1.0000     0.9530     0.9705     0.9629     0.8655     0.7404     0.9000     0.9366     0.9685     0.9709     0.9336     0.9028     0.7386     0.8797     0.7798     1.0000     0.9301     1.0000     0.8763     0.8960     0.8373     1.0000     0.9530     0.9266     0.9194     0.8655     0.7404     0.9000     0.9366     0.9685     0.9709     0.9336     0.9028     0.7386     0.8797     0.7798     1.0000     0.9301     1.0000     0.8763     0.8960     0.8373     1.0000     0.9530     0.9632     0.9556     0.8655     0.7404     0.9000     0.9366     0.9685     0.9709     0.9336     0.9028     0.7386     0.8797     0.7798     1.0000     0.9301     1.0000     0.8763     0.8960     0.8373     1.0000     0.9530     0.9705     0.9629     0.8655     0.7404     0.9000     0.9366     0.9685     0.9709     0.9336     0.9028     0.7386     0.8797     0.7798     1.0000     0.9301     1.0000     0.8763     0.8960     0.8373     1.0000     0.9530     0.9705     0.9629     0.8655     0.7404     0.9000     0.9366     0.9685     0.9709     0.9336     0.9028     0.7386     0.8797     0.7798     1.0000     0.9301     1.0000     0.8763     0.8960     0.8373     1.0000     0.9530     0.9340     0.9267     0.8655     0.7404     0.9000     0.9366     0.9685     0.9709     0.9336     0.9028     0.7386     0.8797     0.7798     1.0000     0.9301     1.0000     0.8763     0.8960     0.8373     1.0000     0.9530     0.9340     0.9267     0.8655     0.7404     0.9000     0.9366     0.9685     0.9709     0.9336     0.9028     0.7386     0.8797     0.7798     1.0000     0.9301     1.0000     0.8763     0.8960     0.8373     1.0000     0.9530     0.9632     0.9556     0.8655     0.7404     0.9000     0.9366     0.9685     0.9709     0.9336     0.9028     0.7386     0.8797     0.7798     1.0000     0.9301     1.0000     0.8763     0.8960     0.8373     1.0000     0.9530     0.9449     0.9375     0.8655     0.7404     0.9000     0.9366     0.9685     0.9709     0.9336     0.9028     0.7386     0.8797     0.7798     1.0000     0.9301     1.0000     0.8763     0.8960     0.8373     1.0000     0.9530     0.9486     0.9412     0.8655     0.7404     0.9000     0.9366     0.9685     0.9709     0.9336     0.9028     0.7386     0.8797     0.7798     1.0000     0.9301     1.0000     0.8763     0.8960     0.8373     1.0000     0.9530     0.9486     0.9412     0.8655     0.7404     0.9000     0.9366     0.9685     0.9709     0.9336     0.9028     0.7386     0.8797     0.7798     1.0000     0.9301     1.0000     0.8763     0.8960     0.8373     1.0000     0.9530     0.9595     0.9520     0.8655     0.7404     0.9000     0.9366     0.9685     0.9709     0.9336     0.9028     0.7386     0.8797     0.7798     1.0000     0.9301     1.0000     0.8763     0.8960     0.8373     1.0000     0.9530     0.9522     0.9448     0.8655     0.7404     0.9000     0.9366     0.9685     0.9709     0.9336     0.9028     0.7386     0.8797     0.7798     1.0000     0.9301     1.0000     0.8763     0.8960     0.8373     1.0000     0.9530     1.0000     1.0000     0.8655     0.7404     0.9000     0.9366     0.9685     0.9709     0.9336     0.9028     0.7386     0.8797     0.7798     1.0000     0.9301     1.0000     0.8763     0.8960     0.8373     1.0000     0.9530     0.8937     0.8867     0.8655     0.7404     0.9000     0.9366     0.9685     0.9709     0.9336     0.9028     0.7386     0.8797     0.7798     1.0000     0.9301     1.0000     0.8763     0.8960     0.8373     1.0000     0.9530     0.9132     0.9061     0.8655     0.7404     0.9000     0.9366     0.9685     0.9709     0.9336     0.9028     0.7386     0.9209     0.9209     0.9209     0.9209     0.9209     0.8906     0.8359     0.9209     0.9976     0.8776     0.9336     0.9117     0.9432     0.7571     0.9494     0.9078     0.9383     0.9911     0.9269     0.9209     0.7500
09/30/1981_24:00     0.8797     0.7798     1.0000     0.9301     1.0000     0.8763     0.8960     0.8373     1.0000     0.9530     0.9486     0.9412     0.8655     0.7404     0.9000     0.9366     0.9685     0.9709     0.9336     0.9028     0.7386     0.8797     0.8200     1.0000     0.9301     1.0000     0.8763     0.8960     0.8373     1.0000     0.9530     0.9194     0.9122     0.8655     0.8200     0.9000     0.9366     0.9685     0.9709     0.9336     0.9028     0.8200     0.8797     0.7798     1.0000     0.9301     1.0000     0.8763     0.8960     0.8373     1.0000     0.9530     0.9632     0.9556     0.8655     0.7404     0.9000     0.9366     0.9685     0.9709     0.9336     0.9028     0.7386     0.8797     0.7798     1.0000     0.9301     1.0000     0.8763     0.8960     0.8373     1.0000     0.9530     0.9340     0.9267     0.8655     0.7404     0.9000     0.9366     0.9685     0.9709     0.9336     0.9028     0.7386     0.8797     0.7798     1.0000     0.9301     1.0000     0.8763     0.8960     0.8373     1.0000     0.9530     0.9705     0.9629     0.8655     0.7404     0.9000     0.9366     0.9685     0.9709     0.9336     0.9028     0.7386     0.8797     0.7798     1.0000     0.9301     1.0000     0.8763     0.8960     0.8373     1.0000     0.9530     0.9266     0.9194     0.8655     0.7404     0.9000     0.9366     0.9685     0.9709     0.9336     0.9028     0.7386     0.8797     0.7798     1.0000     0.9301     1.0000     0.8763     0.8960     0.8373     1.0000     0.9530     0.9632     0.9556     0.8655     0.7404     0.9000     0.9366     0.9685     0.9709     0.9336     0.9028     0.7386     0.8797     0.7798     1.0000     0.9301     1.0000     0.8763     0.8960     0.8373     1.0000     0.9530     0.9705     0.9629     0.8655     0.7404     0.9000     0.9366     0.9685     0.9709     0.9336     0.9028     0.7386     0.8797     0.7798     1.0000     0.9301     1.0000     0.8763     0.8960     0.8373     1.0000     0.9530     0.9705     0.9629     0.8655     0.7404     0.9000     0.9366     0.9685     0.9709     0.9336     0.9028     0.7386     0.8797     0.7798     1.0000     0.9301     1.0000     0.8763     0.8960     0.8373     1.0000     0.9530     0.9340     0.9267     0.8655     0.7404     0.9000     0.9366     0.9685     0.9709     0.9336     0.9028     0.7386     0.8797     0.7798     1.0000     0.9301     1.0000     0.8763     0.8960     0.8373     1.0000     0.9530     0.9340     0.9267     0.8655     0.7404     0.9000     0.9366     0.9685     0.9709     0.9336     0.9028     0.7386     0.8797     0.7798     1.0000     0.9301     1.0000     0.8763     0.8960     0.8373     1.0000     0.9530     0.9632     0.9556     0.8655     0.7404     0.9000     0.9366     0.9685     0.9709     0.9336     0.9028     0.7386     0.8797     0.7798     1.0000     0.9301     1.0000     0.8763     0.8960     0.8373     1.0000     0.9530     0.9449     0.9375     0.8655     0.7404     0.9000     0.9366     0.9685     0.9709     0.9336     0.9028     0.7386     0.8797     0.7798     1.0000     0.9301     1.0000     0.8763     0.8960     0.8373     1.0000     0.9530     0.9486     0.9412     0.8655     0.7404     0.9000     0.9366     0.9685     0.9709     0.9336     0.9028     0.7386     0.8797     0.7798     1.0000     0.9301     1.0000     0.8763     0.8960     0.8373     1.0000     0.9530     0.9486     0.9412     0.8655     0.7404     0.9000     0.9366     0.9685     0.9709     0.9336     0.9028     0.7386     0.8797     0.7798     1.0000     0.9301     1.0000     0.8763     0.8960     0.8373     1.0000     0.9530     0.9595     0.9520     0.8655     0.7404     0.9000     0.9366     0.9685     0.9709     0.9336     0.9028     0.7386     0.8797     0.7798     1.0000     0.9301     1.0000     0.8763     0.8960     0.8373     1.0000     0.9530     0.9522     0.9448     0.8655     0.7404     0.9000     0.9366     0.9685     0.9709     0.9336     0.9028     0.7386     0.8797     0.7798     1.0000     0.9301     1.0000     0.8763     0.8960     0.8373     1.0000     0.9530     1.0000     1.0000     0.8655     0.7404     0.9000     0.9366     0.9685     0.9709     0.9336     0.9028     0.7386     0.8797     0.7798     1.0000     0.9301     1.0000     0.8763     0.8960     0.8373     1.0000     0.9530     0.8937     0.8867     0.8655     0.7404     0.9000     0.9366     0.9685     0.9709     0.9336     0.9028     0.7386     0.8797     0.7798     1.0000     0.9301     1.0000     0.8763     0.8960     0.8373     1.0000     0.9530     0.9132     0.9061     0.8655     0.7404     0.9000     0.9366     0.9685     0.9709     0.9336     0.9028     0.7386     0.9209     0.9209     0.9209     0.9209     0.9209     0.8906     0.8359     0.9209     0.9976     0.8776     0.9336     0.9117     0.9432     0.7571     0.9494     0.9078     0.9383     0.9911     0.9269     0.9209     0.7500
09/30/1982_24:00     0.8797     0.7798     1.0000     0.9301     1.0000     0.8763     0.8960     0.8373     1.0000     0.9530     0.9486     0.9412     0.8655     0.7404     0.9000     0.9366     0.9685     0.9709     0.9336     0.9028     0.7386     0.8797     0.8200     1.0000     0.9301     1.0000     0.8763     0.8960     0.8373     1.0000     0.9530     0.9194     0.9122     0.8655     0.8200     0.9000     0.9366     0.9685     0.9709     0.9336     0.9028     0.8200     0.8797     0.7798     1.0000     0.9301     1.0000     0.8763     0.8960     0.8373     1.0000     0.9530     0.9632     0.9556     0.8655     0.7404     0.9000     0.9366     0.9685     0.9709     0.9336     0.9028     0.7386     0.8797     0.7798     1.0000     0.9301     1.0000     0.8763     0.8960     0.8373     1.0000     0.9530     0.9340     0.9267     0.8655     0.7404     0.9000     0.9366     0.9685     0.9709     0.9336     0.9028     0.7386     0.8797     0.7798     1.0000     0.9301     1.0000     0.8763     0.8960     0.8373     1.0000     0.9530     0.9705     0.9629     0.8655     0.7404     0.9000     0.9366     0.9685     0.9709     0.9336     0.9028     0.7386     0.8797     0.7798     1.0000     0.9301     1.0000     0.8763     0.8960     0.8373     1.0000     0.9530     0.9266     0.9194     0.8655     0.7404     0.9000     0.9366     0.9685     0.9709     0.9336     0.9028     0.7386     0.8797     0.7798     1.0000     0.9301     1.0000     0.8763     0.8960     0.8373     1.0000     0.9530     0.9632     0.9556     0.8655     0.7404     0.9000     0.9366     0.9685     0.9709     0.9336     0.9028     0.7386     0.8797     0.7798     1.0000     0.9301     1.0000     0.8763     0.8960     0.8373     1.0000     0.9530     0.9705     0.9629     0.8655     0.7404     0.9000     0.9366     0.9685     0.9709     0.9336     0.9028     0.7386     0.8797     0.7798     1.0000     0.9301     1.0000     0.8763     0.8960     0.8373     1.0000     0.9530     0.9705     0.9629     0.8655     0.7404     0.9000     0.9366     0.9685     0.9709     0.9336     0.9028     0.7386     0.8797     0.7798     1.0000     0.9301     1.0000     0.8763     0.8960     0.8373     1.0000     0.9530     0.9340     0.9267     0.8655     0.7404     0.9000     0.9366     0.9685     0.9709     0.9336     0.9028     0.7386     0.8797     0.7798     1.0000     0.9301     1.0000     0.8763     0.8960     0.8373     1.0000     0.9530     0.9340     0.9267     0.8655     0.7404     0.9000     0.9366     0.9685     0.9709     0.9336     0.9028     0.7386     0.8797     0.7798     1.0000     0.9301     1.0000     0.8763     0.8960     0.8373     1.0000     0.9530     0.9632     0.9556     0.8655     0.7404     0.9000     0.9366     0.9685     0.9709     0.9336     0.9028     0.7386     0.8797     0.7798     1.0000     0.9301     1.0000     0.8763     0.8960     0.8373     1.0000     0.9530     0.9449     0.9375     0.8655     0.7404     0.9000     0.9366     0.9685     0.9709     0.9336     0.9028     0.7386     0.8797     0.7798     1.0000     0.9301     1.0000     0.8763     0.8960     0.8373     1.0000     0.9530     0.9486     0.9412     0.8655     0.7404     0.9000     0.9366     0.9685     0.9709     0.9336     0.9028     0.7386     0.8797     0.7798     1.0000     0.9301     1.0000     0.8763     0.8960     0.8373     1.0000     0.9530     0.9486     0.9412     0.8655     0.7404     0.9000     0.9366     0.9685     0.9709     0.9336     0.9028     0.7386     0.8797     0.7798     1.0000     0.9301     1.0000     0.8763     0.8960     0.8373     1.0000     0.9530     0.9595     0.9520     0.8655     0.7404     0.9000     0.9366     0.9685     0.9709     0.9336     0.9028     0.7386     0.8797     0.7798     1.0000     0.9301     1.0000     0.8763     0.8960     0.8373     1.0000     0.9530     0.9522     0.9448     0.8655     0.7404     0.9000     0.9366     0.9685     0.9709     0.9336     0.9028     0.7386     0.8797     0.7798     1.0000     0.9301     1.0000     0.8763     0.8960     0.8373     1.0000     0.9530     1.0000     1.0000     0.8655     0.7404     0.9000     0.9366     0.9685     0.9709     0.9336     0.9028     0.7386     0.8797     0.7798     1.0000     0.9301     1.0000     0.8763     0.8960     0.8373     1.0000     0.9530     0.8937     0.8867     0.8655     0.7404     0.9000     0.9366     0.9685     0.9709     0.9336     0.9028     0.7386     0.8797     0.7798     1.0000     0.9301     1.0000     0.8763     0.8960     0.8373     1.0000     0.9530     0.9132     0.9061     0.8655     0.7404     0.9000     0.9366     0.9685     0.9709     0.9336     0.9028     0.7386     0.9209     0.9209     0.9209     0.9209     0.9209     0.8906     0.8359     0.9209     0.9976     0.8776     0.9336     0.9117     0.9432     0.7571     0.9494     0.9078     0.9383     0.9911     0.9269     0.9209     0.7500
09/30/1983_24:00     0.8797     0.7798     1.0000     0.9301     1.0000     0.8763     0.8960     0.8373     1.0000     0.9530     0.9486     0.9412     0.8655     0.7404     0.9000     0.9366     0.9685     0.9709     0.9336     0.9028     0.7386     0.8797     0.8200     1.0000     0.9301     1.0000     0.8763     0.8960     0.8373     1.0000     0.9530     0.9194     0.9122     0.8655     0.8200     0.9000     0.9366     0.9685     0.9709     0.9336     0.9028     0.8200     0.8797     0.7798     1.0000     0.9301     1.0000     0.8763     0.8960     0.8373     1.0000     0.9530     0.9632     0.9556     0.8655     0.7404     0.9000     0.9366     0.9685     0.9709     0.9336     0.9028     0.7386     0.8797     0.7798     1.0000     0.9301     1.0000     0.8763     0.8960     0.8373     1.0000     0.9530     0.9340     0.9267     0.8655     0.7404     0.9000     0.9366     0.9685     0.9709     0.9336     0.9028     0.7386     0.8797     0.7798     1.0000     0.9301     1.0000     0.8763     0.8960     0.8373     1.0000     0.9530     0.9705     0.9629     0.8655     0.7404     0.9000     0.9366     0.9685     0.9709     0.9336     0.9028     0.7386     0.8797     0.7798     1.0000     0.9301     1.0000     0.8763     0.8960     0.8373     1.0000     0.9530     0.9266     0.9194     0.8655     0.7404     0.9000     0.9366     0.9685     0.9709     0.9336     0.9028     0.7386     0.8797     0.7798     1.0000     0.9301     1.0000     0.8763     0.8960     0.8373     1.0000     0.9530     0.9632     0.9556     0.8655     0.7404     0.9000     0.9366     0.9685     0.9709     0.9336     0.9028     0.7386     0.8797     0.7798     1.0000     0.9301     1.0000     0.8763     0.8960     0.8373     1.0000     0.9530     0.9705     0.9629     0.8655     0.7404     0.9000     0.9366     0.9685     0.9709     0.9336     0.9028     0.7386     0.8797     0.7798     1.0000     0.9301     1.0000     0.8763     0.8960     0.8373     1.0000     0.9530     0.9705     0.9629     0.8655     0.7404     0.9000     0.9366     0.9685     0.9709     0.9336     0.9028     0.7386     0.8797     0.7798     1.0000     0.9301     1.0000     0.8763     0.8960     0.8373     1.0000     0.9530     0.9340     0.9267     0.8655     0.7404     0.9000     0.9366     0.9685     0.9709     0.9336     0.9028     0.7386     0.8797     0.7798     1.0000     0.9301     1.0000     0.8763     0.8960     0.8373     1.0000     0.9530     0.9340     0.9267     0.8655     0.7404     0.9000     0.9366     0.9685     0.9709     0.9336     0.9028     0.7386     0.8797     0.7798     1.0000     0.9301     1.0000     0.8763     0.8960     0.8373     1.0000     0.9530     0.9632     0.9556     0.8655     0.7404     0.9000     0.9366     0.9685     0.9709     0.9336     0.9028     0.7386     0.8797     0.7798     1.0000     0.9301     1.0000     0.8763     0.8960     0.8373     1.0000     0.9530     0.9449     0.9375     0.8655     0.7404     0.9000     0.9366     0.9685     0.9709     0.9336     0.9028     0.7386     0.8797     0.7798     1.0000     0.9301     1.0000     0.8763     0.8960     0.8373     1.0000     0.9530     0.9486     0.9412     0.8655     0.7404     0.9000     0.9366     0.9685     0.9709     0.9336     0.9028     0.7386     0.8797     0.7798     1.0000     0.9301     1.0000     0.8763     0.8960     0.8373     1.0000     0.9530     0.9486     0.9412     0.8655     0.7404     0.9000     0.9366     0.9685     0.9709     0.9336     0.9028     0.7386     0.8797     0.7798     1.0000     0.9301     1.0000     0.8763     0.8960     0.8373     1.0000     0.9530     0.9595     0.9520     0.8655     0.7404     0.9000     0.9366     0.9685     0.9709     0.9336     0.9028     0.7386     0.8797     0.7798     1.0000     0.9301     1.0000     0.8763     0.8960     0.8373     1.0000     0.9530     0.9522     0.9448     0.8655     0.7404     0.9000     0.9366     0.9685     0.9709     0.9336     0.9028     0.7386     0.8797     0.7798     1.0000     0.9301     1.0000     0.8763     0.8960     0.8373     1.0000     0.9530     1.0000     1.0000     0.8655     0.7404     0.9000     0.9366     0.9685     0.9709     0.9336     0.9028     0.7386     0.8797     0.7798     1.0000     0.9301     1.0000     0.8763     0.8960     0.8373     1.0000     0.9530     0.8937     0.8867     0.8655     0.7404     0.9000     0.9366     0.9685     0.9709     0.9336     0.9028     0.7386     0.8797     0.7798     1.0000     0.9301     1.0000     0.8763     0.8960     0.8373     1.0000     0.9530     0.9132     0.9061     0.8655     0.7404     0.9000     0.9366     0.9685     0.9709     0.9336     0.9028     0.7386     0.9209     0.9209     0.9209     0.9209     0.9209     0.8906     0.8359     0.9209     0.9976     0.8776     0.9336     0.9117     0.9432     0.7571     0.9494     0.9078     0.9383     0.9911     0.9269     0.9209     0.7500
09/30/1984_24:00     0.8797     0.7798     1.0000     0.9301     1.0000     0.8763     0.8960     0.8373     1.0000     0.9530     0.9486     0.9412     0.8655     0.7404     0.9000     0.9366     0.9685     0.9709     0.9336     0.9028     0.7386     0.8797     0.8200     1.0000     0.9301     1.0000     0.8763     0.8960     0.8373     1.0000     0.9530     0.9194     0.9122     0.8655     0.8200     0.9000     0.9366     0.9685     0.9709     0.9336     0.9028     0.8200     0.8797     0.7798     1.0000     0.9301     1.0000     0.8763     0.8960     0.8373     1.0000     0.9530     0.9632     0.9556     0.8655     0.7404     0.9000     0.9366     0.9685     0.9709     0.9336     0.9028     0.7386     0.8797     0.7798     1.0000     0.9301     1.0000     0.8763     0.8960     0.8373     1.0000     0.9530     0.9340     0.9267     0.8655     0.7404     0.9000     0.9366     0.9685     0.9709     0.9336     0.9028     0.7386     0.8797     0.7798     1.0000     0.9301     1.0000     0.8763     0.8960     0.8373     1.0000     0.9530     0.9705     0.9629     0.8655     0.7404     0.9000     0.9366     0.9685     0.9709     0.9336     0.9028     0.7386     0.8797     0.7798     1.0000     0.9301     1.0000     0.8763     0.8960     0.8373     1.0000     0.9530     0.9266     0.9194     0.8655     0.7404     0.9000     0.9366     0.9685     0.9709     0.9336     0.9028     0.7386     0.8797     0.7798     1.0000     0.9301     1.0000     0.8763     0.8960     0.8373     1.0000     0.9530     0.9632     0.9556     0.8655     0.7404     0.9000     0.9366     0.9685     0.9709     0.9336     0.9028     0.7386     0.8797     0.7798     1.0000     0.9301     1.0000     0.8763     0.8960     0.8373     1.0000     0.9530     0.9705     0.9629     0.8655     0.7404     0.9000     0.9366     0.9685     0.9709     0.9336     0.9028     0.7386     0.8797     0.7798     1.0000     0.9301     1.0000     0.8763     0.8960     0.8373     1.0000     0.9530     0.9705     0.9629     0.8655     0.7404     0.9000     0.9366     0.9685     0.9709     0.9336     0.9028     0.7386     0.8797     0.7798     1.0000     0.9301     1.0000     0.8763     0.8960     0.8373     1.0000     0.9530     0.9340     0.9267     0.8655     0.7404     0.9000     0.9366     0.9685     0.9709     0.9336     0.9028     0.7386     0.8797     0.7798     1.0000     0.9301     1.0000     0.8763     0.8960     0.8373     1.0000     0.9530     0.9340     0.9267     0.8655     0.7404     0.9000     0.9366     0.9685     0.9709     0.9336     0.9028     0.7386     0.8797     0.7798     1.0000     0.9301     1.0000     0.8763     0.8960     0.8373     1.0000     0.9530     0.9632     0.9556     0.8655     0.7404     0.9000     0.9366     0.9685     0.9709     0.9336     0.9028     0.7386     0.8797     0.7798     1.0000     0.9301     1.0000     0.8763     0.8960     0.8373     1.0000     0.9530     0.9449     0.9375     0.8655     0.7404     0.9000     0.9366     0.9685     0.9709     0.9336     0.9028     0.7386     0.8797     0.7798     1.0000     0.9301     1.0000     0.8763     0.8960     0.8373     1.0000     0.9530     0.9486     0.9412     0.8655     0.7404     0.9000     0.9366     0.9685     0.9709     0.9336     0.9028     0.7386     0.8797     0.7798     1.0000     0.9301     1.0000     0.8763     0.8960     0.8373     1.0000     0.9530     0.9486     0.9412     0.8655     0.7404     0.9000     0.9366     0.9685     0.9709     0.9336     0.9028     0.7386     0.8797     0.7798     1.0000     0.9301     1.0000     0.8763     0.8960     0.8373     1.0000     0.9530     0.9595     0.9520     0.8655     0.7404     0.9000     0.9366     0.9685     0.9709     0.9336     0.9028     0.7386     0.8797     0.7798     1.0000     0.9301     1.0000     0.8763     0.8960     0.8373     1.0000     0.9530     0.9522     0.9448     0.8655     0.7404     0.9000     0.9366     0.9685     0.9709     0.9336     0.9028     0.7386     0.8797     0.7798     1.0000     0.9301     1.0000     0.8763     0.8960     0.8373     1.0000     0.9530     1.0000     1.0000     0.8655     0.7404     0.9000     0.9366     0.9685     0.9709     0.9336     0.9028     0.7386     0.8797     0.7798     1.0000     0.9301     1.0000     0.8763     0.8960     0.8373     1.0000     0.9530     0.8937     0.8867     0.8655     0.7404     0.9000     0.9366     0.9685     0.9709     0.9336     0.9028     0.7386     0.8797     0.7798     1.0000     0.9301     1.0000     0.8763     0.8960     0.8373     1.0000     0.9530     0.9132     0.9061     0.8655     0.7404     0.9000     0.9366     0.9685     0.9709     0.9336     0.9028     0.7386     0.9209     0.9209     0.9209     0.9209     0.9209     0.8906     0.8359     0.9209     0.9976     0.8776     0.9336     0.9117     0.9432     0.7571     0.9494     0.9078     0.9383     0.9911     0.9269     0.9209     0.7500
09/30/1985_24:00     0.8797     0.7798     1.0000     0.9301     1.0000     0.8763     0.8960     0.8373     1.0000     0.9530     0.9486     0.9412     0.8655     0.7404     0.9000     0.9366     0.9685     0.9709     0.9336     0.9028     0.7386     0.8797     0.8200     1.0000     0.9301     1.0000     0.8763     0.8960     0.8373     1.0000     0.9530     0.9194     0.9122     0.8655     0.8200     0.9000     0.9366     0.9685     0.9709     0.9336     0.9028     0.8200     0.8797     0.7798     1.0000     0.9301     1.0000     0.8763     0.8960     0.8373     1.0000     0.9530     0.9632     0.9556     0.8655     0.7404     0.9000     0.9366     0.9685     0.9709     0.9336     0.9028     0.7386     0.8797     0.7798     1.0000     0.9301     1.0000     0.8763     0.8960     0.8373     1.0000     0.9530     0.9340     0.9267     0.8655     0.7404     0.9000     0.9366     0.9685     0.9709     0.9336     0.9028     0.7386     0.8797     0.7798     1.0000     0.9301     1.0000     0.8763     0.8960     0.8373     1.0000     0.9530     0.9705     0.9629     0.8655     0.7404     0.9000     0.9366     0.9685     0.9709     0.9336     0.9028     0.7386     0.8797     0.7798     1.0000     0.9301     1.0000     0.8763     0.8960     0.8373     1.0000     0.9530     0.9266     0.9194     0.8655     0.7404     0.9000     0.9366     0.9685     0.9709     0.9336     0.9028     0.7386     0.8797     0.7798     1.0000     0.9301     1.0000     0.8763     0.8960     0.8373     1.0000     0.9530     0.9632     0.9556     0.8655     0.7404     0.9000     0.9366     0.9685     0.9709     0.9336     0.9028     0.7386     0.8797     0.7798     1.0000     0.9301     1.0000     0.8763     0.8960     0.8373     1.0000     0.9530     0.9705     0.9629     0.8655     0.7404     0.9000     0.9366     0.9685     0.9709     0.9336     0.9028     0.7386     0.8797     0.7798     1.0000     0.9301     1.0000     0.8763     0.8960     0.8373     1.0000     0.9530     0.9705     0.9629     0.8655     0.7404     0.9000     0.9366     0.9685     0.9709     0.9336     0.9028     0.7386     0.8797     0.7798     1.0000     0.9301     1.0000     0.8763     0.8960     0.8373     1.0000     0.9530     0.9340     0.9267     0.8655     0.7404     0.9000     0.9366     0.9685     0.9709     0.9336     0.9028     0.7386     0.8797     0.7798     1.0000     0.9301     1.0000     0.8763     0.8960     0.8373     1.0000     0.9530     0.9340     0.9267     0.8655     0.7404     0.9000     0.9366     0.9685     0.9709     0.9336     0.9028     0.7386     0.8797     0.7798     1.0000     0.9301     1.0000     0.8763     0.8960     0.8373     1.0000     0.9530     0.9632     0.9556     0.8655     0.7404     0.9000     0.9366     0.9685     0.9709     0.9336     0.9028     0.7386     0.8797     0.7798     1.0000     0.9301     1.0000     0.8763     0.8960     0.8373     1.0000     0.9530     0.9449     0.9375     0.8655     0.7404     0.9000     0.9366     0.9685     0.9709     0.9336     0.9028     0.7386     0.8797     0.7798     1.0000     0.9301     1.0000     0.8763     0.8960     0.8373     1.0000     0.9530     0.9486     0.9412     0.8655     0.7404     0.9000     0.9366     0.9685     0.9709     0.9336     0.9028     0.7386     0.8797     0.7798     1.0000     0.9301     1.0000     0.8763     0.8960     0.8373     1.0000     0.9530     0.9486     0.9412     0.8655     0.7404     0.9000     0.9366     0.9685     0.9709     0.9336     0.9028     0.7386     0.8797     0.7798     1.0000     0.9301     1.0000     0.8763     0.8960     0.8373     1.0000     0.9530     0.9595     0.9520     0.8655     0.7404     0.9000     0.9366     0.9685     0.9709     0.9336     0.9028     0.7386     0.8797     0.7798     1.0000     0.9301     1.0000     0.8763     0.8960     0.8373     1.0000     0.9530     0.9522     0.9448     0.8655     0.7404     0.9000     0.9366     0.9685     0.9709     0.9336     0.9028     0.7386     0.8797     0.7798     1.0000     0.9301     1.0000     0.8763     0.8960     0.8373     1.0000     0.9530     1.0000     1.0000     0.8655     0.7404     0.9000     0.9366     0.9685     0.9709     0.9336     0.9028     0.7386     0.8797     0.7798     1.0000     0.9301     1.0000     0.8763     0.8960     0.8373     1.0000     0.9530     0.8937     0.8867     0.8655     0.7404     0.9000     0.9366     0.9685     0.9709     0.9336     0.9028     0.7386     0.8797     0.7798     1.0000     0.9301     1.0000     0.8763     0.8960     0.8373     1.0000     0.9530     0.9132     0.9061     0.8655     0.7404     0.9000     0.9366     0.9685     0.9709     0.9336     0.9028     0.7386     0.9209     0.9209     0.9209     0.9209     0.9209     0.8906     0.8359     0.9209     0.9976     0.8776     0.9336     0.9117     0.9432     0.7571     0.9494     0.9078     0.9383     0.9911     0.9269     0.9209     0.7500
09/30/1986_24:00     0.8797     0.7798     1.0000     0.9301     1.0000     0.8763     0.8960     0.8373     1.0000     0.9530     0.9486     0.9412     0.8655     0.7404     0.9000     0.9366     0.9685     0.9709     0.9336     0.9028     0.7386     0.8797     0.8200     1.0000     0.9301     1.0000     0.8763     0.8960     0.8373     1.0000     0.9530     0.9194     0.9122     0.8655     0.8200     0.9000     0.9366     0.9685     0.9709     0.9336     0.9028     0.8200     0.8797     0.7798     1.0000     0.9301     1.0000     0.8763     0.8960     0.8373     1.0000     0.9530     0.9632     0.9556     0.8655     0.7404     0.9000     0.9366     0.9685     0.9709     0.9336     0.9028     0.7386     0.8797     0.7798     1.0000     0.9301     1.0000     0.8763     0.8960     0.8373     1.0000     0.9530     0.9340     0.9267     0.8655     0.7404     0.9000     0.9366     0.9685     0.9709     0.9336     0.9028     0.7386     0.8797     0.7798     1.0000     0.9301     1.0000     0.8763     0.8960     0.8373     1.0000     0.9530     0.9705     0.9629     0.8655     0.7404     0.9000     0.9366     0.9685     0.9709     0.9336     0.9028     0.7386     0.8797     0.7798     1.0000     0.9301     1.0000     0.8763     0.8960     0.8373     1.0000     0.9530     0.9266     0.9194     0.8655     0.7404     0.9000     0.9366     0.9685     0.9709     0.9336     0.9028     0.7386     0.8797     0.7798     1.0000     0.9301     1.0000     0.8763     0.8960     0.8373     1.0000     0.9530     0.9632     0.9556     0.8655     0.7404     0.9000     0.9366     0.9685     0.9709     0.9336     0.9028     0.7386     0.8797     0.7798     1.0000     0.9301     1.0000     0.8763     0.8960     0.8373     1.0000     0.9530     0.9705     0.9629     0.8655     0.7404     0.9000     0.9366     0.9685     0.9709     0.9336     0.9028     0.7386     0.8797     0.7798     1.0000     0.9301     1.0000     0.8763     0.8960     0.8373     1.0000     0.9530     0.9705     0.9629     0.8655     0.7404     0.9000     0.9366     0.9685     0.9709     0.9336     0.9028     0.7386     0.8797     0.7798     1.0000     0.9301     1.0000     0.8763     0.8960     0.8373     1.0000     0.9530     0.9340     0.9267     0.8655     0.7404     0.9000     0.9366     0.9685     0.9709     0.9336     0.9028     0.7386     0.8797     0.7798     1.0000     0.9301     1.0000     0.8763     0.8960     0.8373     1.0000     0.9530     0.9340     0.9267     0.8655     0.7404     0.9000     0.9366     0.9685     0.9709     0.9336     0.9028     0.7386     0.8797     0.7798     1.0000     0.9301     1.0000     0.8763     0.8960     0.8373     1.0000     0.9530     0.9632     0.9556     0.8655     0.7404     0.9000     0.9366     0.9685     0.9709     0.9336     0.9028     0.7386     0.8797     0.7798     1.0000     0.9301     1.0000     0.8763     0.8960     0.8373     1.0000     0.9530     0.9449     0.9375     0.8655     0.7404     0.9000     0.9366     0.9685     0.9709     0.9336     0.9028     0.7386     0.8797     0.7798     1.0000     0.9301     1.0000     0.8763     0.8960     0.8373     1.0000     0.9530     0.9486     0.9412     0.8655     0.7404     0.9000     0.9366     0.9685     0.9709     0.9336     0.9028     0.7386     0.8797     0.7798     1.0000     0.9301     1.0000     0.8763     0.8960     0.8373     1.0000     0.9530     0.9486     0.9412     0.8655     0.7404     0.9000     0.9366     0.9685     0.9709     0.9336     0.9028     0.7386     0.8797     0.7798     1.0000     0.9301     1.0000     0.8763     0.8960     0.8373     1.0000     0.9530     0.9595     0.9520     0.8655     0.7404     0.9000     0.9366     0.9685     0.9709     0.9336     0.9028     0.7386     0.8797     0.7798     1.0000     0.9301     1.0000     0.8763     0.8960     0.8373     1.0000     0.9530     0.9522     0.9448     0.8655     0.7404     0.9000     0.9366     0.9685     0.9709     0.9336     0.9028     0.7386     0.8797     0.7798     1.0000     0.9301     1.0000     0.8763     0.8960     0.8373     1.0000     0.9530     1.0000     1.0000     0.8655     0.7404     0.9000     0.9366     0.9685     0.9709     0.9336     0.9028     0.7386     0.8797     0.7798     1.0000     0.9301     1.0000     0.8763     0.8960     0.8373     1.0000     0.9530     0.8937     0.8867     0.8655     0.7404     0.9000     0.9366     0.9685     0.9709     0.9336     0.9028     0.7386     0.8797     0.7798     1.0000     0.9301     1.0000     0.8763     0.8960     0.8373     1.0000     0.9530     0.9132     0.9061     0.8655     0.7404     0.9000     0.9366     0.9685     0.9709     0.9336     0.9028     0.7386     0.9209     0.9209     0.9209     0.9209     0.9209     0.8906     0.8359     0.9209     0.9976     0.8776     0.9336     0.9117     0.9432     0.7571     0.9494     0.9078     0.9383     0.9911     0.9269     0.9209     0.7500
09/30/1987_24:00     0.8797     0.7798     1.0000     0.9301     1.0000     0.8763     0.8960     0.8373     1.0000     0.9530     0.9486     0.9412     0.8655     0.7404     0.9000     0.9366     0.9685     0.9709     0.9336     0.9028     0.7386     0.8797     0.8200     1.0000     0.9301     1.0000     0.8763     0.8960     0.8373     1.0000     0.9530     0.9194     0.9122     0.8655     0.8200     0.9000     0.9366     0.9685     0.9709     0.9336     0.9028     0.8200     0.8797     0.7798     1.0000     0.9301     1.0000     0.8763     0.8960     0.8373     1.0000     0.9530     0.9632     0.9556     0.8655     0.7404     0.9000     0.9366     0.9685     0.9709     0.9336     0.9028     0.7386     0.8797     0.7798     1.0000     0.9301     1.0000     0.8763     0.8960     0.8373     1.0000     0.9530     0.9340     0.9267     0.8655     0.7404     0.9000     0.9366     0.9685     0.9709     0.9336     0.9028     0.7386     0.8797     0.7798     1.0000     0.9301     1.0000     0.8763     0.8960     0.8373     1.0000     0.9530     0.9705     0.9629     0.8655     0.7404     0.9000     0.9366     0.9685     0.9709     0.9336     0.9028     0.7386     0.8797     0.7798     1.0000     0.9301     1.0000     0.8763     0.8960     0.8373     1.0000     0.9530     0.9266     0.9194     0.8655     0.7404     0.9000     0.9366     0.9685     0.9709     0.9336     0.9028     0.7386     0.8797     0.7798     1.0000     0.9301     1.0000     0.8763     0.8960     0.8373     1.0000     0.9530     0.9632     0.9556     0.8655     0.7404     0.9000     0.9366     0.9685     0.9709     0.9336     0.9028     0.7386     0.8797     0.7798     1.0000     0.9301     1.0000     0.8763     0.8960     0.8373     1.0000     0.9530     0.9705     0.9629     0.8655     0.7404     0.9000     0.9366     0.9685     0.9709     0.9336     0.9028     0.7386     0.8797     0.7798     1.0000     0.9301     1.0000     0.8763     0.8960     0.8373     1.0000     0.9530     0.9705     0.9629     0.8655     0.7404     0.9000     0.9366     0.9685     0.9709     0.9336     0.9028     0.7386     0.8797     0.7798     1.0000     0.9301     1.0000     0.8763     0.8960     0.8373     1.0000     0.9530     0.9340     0.9267     0.8655     0.7404     0.9000     0.9366     0.9685     0.9709     0.9336     0.9028     0.7386     0.8797     0.7798     1.0000     0.9301     1.0000     0.8763     0.8960     0.8373     1.0000     0.9530     0.9340     0.9267     0.8655     0.7404     0.9000     0.9366     0.9685     0.9709     0.9336     0.9028     0.7386     0.8797     0.7798     1.0000     0.9301     1.0000     0.8763     0.8960     0.8373     1.0000     0.9530     0.9632     0.9556     0.8655     0.7404     0.9000     0.9366     0.9685     0.9709     0.9336     0.9028     0.7386     0.8797     0.7798     1.0000     0.9301     1.0000     0.8763     0.8960     0.8373     1.0000     0.9530     0.9449     0.9375     0.8655     0.7404     0.9000     0.9366     0.9685     0.9709     0.9336     0.9028     0.7386     0.8797     0.7798     1.0000     0.9301     1.0000     0.8763     0.8960     0.8373     1.0000     0.9530     0.9486     0.9412     0.8655     0.7404     0.9000     0.9366     0.9685     0.9709     0.9336     0.9028     0.7386     0.8797     0.7798     1.0000     0.9301     1.0000     0.8763     0.8960     0.8373     1.0000     0.9530     0.9486     0.9412     0.8655     0.7404     0.9000     0.9366     0.9685     0.9709     0.9336     0.9028     0.7386     0.8797     0.7798     1.0000     0.9301     1.0000     0.8763     0.8960     0.8373     1.0000     0.9530     0.9595     0.9520     0.8655     0.7404     0.9000     0.9366     0.9685     0.9709     0.9336     0.9028     0.7386     0.8797     0.7798     1.0000     0.9301     1.0000     0.8763     0.8960     0.8373     1.0000     0.9530     0.9522     0.9448     0.8655     0.7404     0.9000     0.9366     0.9685     0.9709     0.9336     0.9028     0.7386     0.8797     0.7798     1.0000     0.9301     1.0000     0.8763     0.8960     0.8373     1.0000     0.9530     1.0000     1.0000     0.8655     0.7404     0.9000     0.9366     0.9685     0.9709     0.9336     0.9028     0.7386     0.8797     0.7798     1.0000     0.9301     1.0000     0.8763     0.8960     0.8373     1.0000     0.9530     0.8937     0.8867     0.8655     0.7404     0.9000     0.9366     0.9685     0.9709     0.9336     0.9028     0.7386     0.8797     0.7798     1.0000     0.9301     1.0000     0.8763     0.8960     0.8373     1.0000     0.9530     0.9132     0.9061     0.8655     0.7404     0.9000     0.9366     0.9685     0.9709     0.9336     0.9028     0.7386     0.9209     0.9209     0.9209     0.9209     0.9209     0.8906     0.8359     0.9209     0.9976     0.8776     0.9336     0.9117     0.9432     0.7571     0.9494     0.9078     0.9383     0.9911     0.9269     0.9209     0.7500
09/30/1988_24:00     0.8797     0.7798     1.0000     0.9301     1.0000     0.8763     0.8960     0.8373     1.0000     0.9530     0.9486     0.9412     0.8655     0.7404     0.9000     0.9366     0.9685     0.9709     0.9336     0.9028     0.7386     0.8797     0.8200     1.0000     0.9301     1.0000     0.8763     0.8960     0.8373     1.0000     0.9530     0.9194     0.9122     0.8655     0.8200     0.9000     0.9366     0.9685     0.9709     0.9336     0.9028     0.8200     0.8797     0.7798     1.0000     0.9301     1.0000     0.8763     0.8960     0.8373     1.0000     0.9530     0.9632     0.9556     0.8655     0.7404     0.9000     0.9366     0.9685     0.9709     0.9336     0.9028     0.7386     0.8797     0.7798     1.0000     0.9301     1.0000     0.8763     0.8960     0.8373     1.0000     0.9530     0.9340     0.9267     0.8655     0.7404     0.9000     0.9366     0.9685     0.9709     0.9336     0.9028     0.7386     0.8797     0.7798     1.0000     0.9301     1.0000     0.8763     0.8960     0.8373     1.0000     0.9530     0.9705     0.9629     0.8655     0.7404     0.9000     0.9366     0.9685     0.9709     0.9336     0.9028     0.7386     0.8797     0.7798     1.0000     0.9301     1.0000     0.8763     0.8960     0.8373     1.0000     0.9530     0.9266     0.9194     0.8655     0.7404     0.9000     0.9366     0.9685     0.9709     0.9336     0.9028     0.7386     0.8797     0.7798     1.0000     0.9301     1.0000     0.8763     0.8960     0.8373     1.0000     0.9530     0.9632     0.9556     0.8655     0.7404     0.9000     0.9366     0.9685     0.9709     0.9336     0.9028     0.7386     0.8797     0.7798     1.0000     0.9301     1.0000     0.8763     0.8960     0.8373     1.0000     0.9530     0.9705     0.9629     0.8655     0.7404     0.9000     0.9366     0.9685     0.9709     0.9336     0.9028     0.7386     0.8797     0.7798     1.0000     0.9301     1.0000     0.8763     0.8960     0.8373     1.0000     0.9530     0.9705     0.9629     0.8655     0.7404     0.9000     0.9366     0.9685     0.9709     0.9336     0.9028     0.7386     0.8797     0.7798     1.0000     0.9301     1.0000     0.8763     0.8960     0.8373     1.0000     0.9530     0.9340     0.9267     0.8655     0.7404     0.9000     0.9366     0.9685     0.9709     0.9336     0.9028     0.7386     0.8797     0.7798     1.0000     0.9301     1.0000     0.8763     0.8960     0.8373     1.0000     0.9530     0.9340     0.9267     0.8655     0.7404     0.9000     0.9366     0.9685     0.9709     0.9336     0.9028     0.7386     0.8797     0.7798     1.0000     0.9301     1.0000     0.8763     0.8960     0.8373     1.0000     0.9530     0.9632     0.9556     0.8655     0.7404     0.9000     0.9366     0.9685     0.9709     0.9336     0.9028     0.7386     0.8797     0.7798     1.0000     0.9301     1.0000     0.8763     0.8960     0.8373     1.0000     0.9530     0.9449     0.9375     0.8655     0.7404     0.9000     0.9366     0.9685     0.9709     0.9336     0.9028     0.7386     0.8797     0.7798     1.0000     0.9301     1.0000     0.8763     0.8960     0.8373     1.0000     0.9530     0.9486     0.9412     0.8655     0.7404     0.9000     0.9366     0.9685     0.9709     0.9336     0.9028     0.7386     0.8797     0.7798     1.0000     0.9301     1.0000     0.8763     0.8960     0.8373     1.0000     0.9530     0.9486     0.9412     0.8655     0.7404     0.9000     0.9366     0.9685     0.9709     0.9336     0.9028     0.7386     0.8797     0.7798     1.0000     0.9301     1.0000     0.8763     0.8960     0.8373     1.0000     0.9530     0.9595     0.9520     0.8655     0.7404     0.9000     0.9366     0.9685     0.9709     0.9336     0.9028     0.7386     0.8797     0.7798     1.0000     0.9301     1.0000     0.8763     0.8960     0.8373     1.0000     0.9530     0.9522     0.9448     0.8655     0.7404     0.9000     0.9366     0.9685     0.9709     0.9336     0.9028     0.7386     0.8797     0.7798     1.0000     0.9301     1.0000     0.8763     0.8960     0.8373     1.0000     0.9530     1.0000     1.0000     0.8655     0.7404     0.9000     0.9366     0.9685     0.9709     0.9336     0.9028     0.7386     0.8797     0.7798     1.0000     0.9301     1.0000     0.8763     0.8960     0.8373     1.0000     0.9530     0.8937     0.8867     0.8655     0.7404     0.9000     0.9366     0.9685     0.9709     0.9336     0.9028     0.7386     0.8797     0.7798     1.0000     0.9301     1.0000     0.8763     0.8960     0.8373     1.0000     0.9530     0.9132     0.9061     0.8655     0.7404     0.9000     0.9366     0.9685     0.9709     0.9336     0.9028     0.7386     0.9209     0.9209     0.9209     0.9209     0.9209     0.8906     0.8359     0.9209     0.9976     0.8776     0.9336     0.9117     0.9432     0.7571     0.9494     0.9078     0.9383     0.9911     0.9269     0.9209     0.7500
09/30/1989_24:00     0.8797     0.7798     1.0000     0.9301     1.0000     0.8763     0.8960     0.8373     1.0000     0.9530     0.9486     0.9412     0.8655     0.7404     0.9000     0.9366     0.9685     0.9709     0.9336     0.9028     0.7386     0.8797     0.8200     1.0000     0.9301     1.0000     0.8763     0.8960     0.8373     1.0000     0.9530     0.9194     0.9122     0.8655     0.8200     0.9000     0.9366     0.9685     0.9709     0.9336     0.9028     0.8200     0.8797     0.7798     1.0000     0.9301     1.0000     0.8763     0.8960     0.8373     1.0000     0.9530     0.9632     0.9556     0.8655     0.7404     0.9000     0.9366     0.9685     0.9709     0.9336     0.9028     0.7386     0.8797     0.7798     1.0000     0.9301     1.0000     0.8763     0.8960     0.8373     1.0000     0.9530     0.9340     0.9267     0.8655     0.7404     0.9000     0.9366     0.9685     0.9709     0.9336     0.9028     0.7386     0.8797     0.7798     1.0000     0.9301     1.0000     0.8763     0.8960     0.8373     1.0000     0.9530     0.9705     0.9629     0.8655     0.7404     0.9000     0.9366     0.9685     0.9709     0.9336     0.9028     0.7386     0.8797     0.7798     1.0000     0.9301     1.0000     0.8763     0.8960     0.8373     1.0000     0.9530     0.9266     0.9194     0.8655     0.7404     0.9000     0.9366     0.9685     0.9709     0.9336     0.9028     0.7386     0.8797     0.7798     1.0000     0.9301     1.0000     0.8763     0.8960     0.8373     1.0000     0.9530     0.9632     0.9556     0.8655     0.7404     0.9000     0.9366     0.9685     0.9709     0.9336     0.9028     0.7386     0.8797     0.7798     1.0000     0.9301     1.0000     0.8763     0.8960     0.8373     1.0000     0.9530     0.9705     0.9629     0.8655     0.7404     0.9000     0.9366     0.9685     0.9709     0.9336     0.9028     0.7386     0.8797     0.7798     1.0000     0.9301     1.0000     0.8763     0.8960     0.8373     1.0000     0.9530     0.9705     0.9629     0.8655     0.7404     0.9000     0.9366     0.9685     0.9709     0.9336     0.9028     0.7386     0.8797     0.7798     1.0000     0.9301     1.0000     0.8763     0.8960     0.8373     1.0000     0.9530     0.9340     0.9267     0.8655     0.7404     0.9000     0.9366     0.9685     0.9709     0.9336     0.9028     0.7386     0.8797     0.7798     1.0000     0.9301     1.0000     0.8763     0.8960     0.8373     1.0000     0.9530     0.9340     0.9267     0.8655     0.7404     0.9000     0.9366     0.9685     0.9709     0.9336     0.9028     0.7386     0.8797     0.7798     1.0000     0.9301     1.0000     0.8763     0.8960     0.8373     1.0000     0.9530     0.9632     0.9556     0.8655     0.7404     0.9000     0.9366     0.9685     0.9709     0.9336     0.9028     0.7386     0.8797     0.7798     1.0000     0.9301     1.0000     0.8763     0.8960     0.8373     1.0000     0.9530     0.9449     0.9375     0.8655     0.7404     0.9000     0.9366     0.9685     0.9709     0.9336     0.9028     0.7386     0.8797     0.7798     1.0000     0.9301     1.0000     0.8763     0.8960     0.8373     1.0000     0.9530     0.9486     0.9412     0.8655     0.7404     0.9000     0.9366     0.9685     0.9709     0.9336     0.9028     0.7386     0.8797     0.7798     1.0000     0.9301     1.0000     0.8763     0.8960     0.8373     1.0000     0.9530     0.9486     0.9412     0.8655     0.7404     0.9000     0.9366     0.9685     0.9709     0.9336     0.9028     0.7386     0.8797     0.7798     1.0000     0.9301     1.0000     0.8763     0.8960     0.8373     1.0000     0.9530     0.9595     0.9520     0.8655     0.7404     0.9000     0.9366     0.9685     0.9709     0.9336     0.9028     0.7386     0.8797     0.7798     1.0000     0.9301     1.0000     0.8763     0.8960     0.8373     1.0000     0.9530     0.9522     0.9448     0.8655     0.7404     0.9000     0.9366     0.9685     0.9709     0.9336     0.9028     0.7386     0.8797     0.7798     1.0000     0.9301     1.0000     0.8763     0.8960     0.8373     1.0000     0.9530     1.0000     1.0000     0.8655     0.7404     0.9000     0.9366     0.9685     0.9709     0.9336     0.9028     0.7386     0.8797     0.7798     1.0000     0.9301     1.0000     0.8763     0.8960     0.8373     1.0000     0.9530     0.8937     0.8867     0.8655     0.7404     0.9000     0.9366     0.9685     0.9709     0.9336     0.9028     0.7386     0.8797     0.7798     1.0000     0.9301     1.0000     0.8763     0.8960     0.8373     1.0000     0.9530     0.9132     0.9061     0.8655     0.7404     0.9000     0.9366     0.9685     0.9709     0.9336     0.9028     0.7386     0.9209     0.9209     0.9209     0.9209     0.9209     0.8906     0.8359     0.9209     0.9976     0.8776     0.9336     0.9117     0.9432     0.7571     0.9494     0.9078     0.9383     0.9911     0.9269     0.9209     0.7500
09/30/1990_24:00     0.8797     0.7798     1.0000     0.9301     1.0000     0.8763     0.8960     0.8373     1.0000     0.9530     0.9486     0.9412     0.8655     0.7404     0.9000     0.9366     0.9685     0.9709     0.9336     0.9028     0.7386     0.8797     0.8200     1.0000     0.9301     1.0000     0.8763     0.8960     0.8373     1.0000     0.9530     0.9194     0.9122     0.8655     0.8200     0.9000     0.9366     0.9685     0.9709     0.9336     0.9028     0.8200     0.8797     0.7798     1.0000     0.9301     1.0000     0.8763     0.8960     0.8373     1.0000     0.9530     0.9632     0.9556     0.8655     0.7404     0.9000     0.9366     0.9685     0.9709     0.9336     0.9028     0.7386     0.8797     0.7798     1.0000     0.9301     1.0000     0.8763     0.8960     0.8373     1.0000     0.9530     0.9340     0.9267     0.8655     0.7404     0.9000     0.9366     0.9685     0.9709     0.9336     0.9028     0.7386     0.8797     0.7798     1.0000     0.9301     1.0000     0.8763     0.8960     0.8373     1.0000     0.9530     0.9705     0.9629     0.8655     0.7404     0.9000     0.9366     0.9685     0.9709     0.9336     0.9028     0.7386     0.8797     0.7798     1.0000     0.9301     1.0000     0.8763     0.8960     0.8373     1.0000     0.9530     0.9266     0.9194     0.8655     0.7404     0.9000     0.9366     0.9685     0.9709     0.9336     0.9028     0.7386     0.8797     0.7798     1.0000     0.9301     1.0000     0.8763     0.8960     0.8373     1.0000     0.9530     0.9632     0.9556     0.8655     0.7404     0.9000     0.9366     0.9685     0.9709     0.9336     0.9028     0.7386     0.8797     0.7798     1.0000     0.9301     1.0000     0.8763     0.8960     0.8373     1.0000     0.9530     0.9705     0.9629     0.8655     0.7404     0.9000     0.9366     0.9685     0.9709     0.9336     0.9028     0.7386     0.8797     0.7798     1.0000     0.9301     1.0000     0.8763     0.8960     0.8373     1.0000     0.9530     0.9705     0.9629     0.8655     0.7404     0.9000     0.9366     0.9685     0.9709     0.9336     0.9028     0.7386     0.8797     0.7798     1.0000     0.9301     1.0000     0.8763     0.8960     0.8373     1.0000     0.9530     0.9340     0.9267     0.8655     0.7404     0.9000     0.9366     0.9685     0.9709     0.9336     0.9028     0.7386     0.8797     0.7798     1.0000     0.9301     1.0000     0.8763     0.8960     0.8373     1.0000     0.9530     0.9340     0.9267     0.8655     0.7404     0.9000     0.9366     0.9685     0.9709     0.9336     0.9028     0.7386     0.8797     0.7798     1.0000     0.9301     1.0000     0.8763     0.8960     0.8373     1.0000     0.9530     0.9632     0.9556     0.8655     0.7404     0.9000     0.9366     0.9685     0.9709     0.9336     0.9028     0.7386     0.8797     0.7798     1.0000     0.9301     1.0000     0.8763     0.8960     0.8373     1.0000     0.9530     0.9449     0.9375     0.8655     0.7404     0.9000     0.9366     0.9685     0.9709     0.9336     0.9028     0.7386     0.8797     0.7798     1.0000     0.9301     1.0000     0.8763     0.8960     0.8373     1.0000     0.9530     0.9486     0.9412     0.8655     0.7404     0.9000     0.9366     0.9685     0.9709     0.9336     0.9028     0.7386     0.8797     0.7798     1.0000     0.9301     1.0000     0.8763     0.8960     0.8373     1.0000     0.9530     0.9486     0.9412     0.8655     0.7404     0.9000     0.9366     0.9685     0.9709     0.9336     0.9028     0.7386     0.8797     0.7798     1.0000     0.9301     1.0000     0.8763     0.8960     0.8373     1.0000     0.9530     0.9595     0.9520     0.8655     0.7404     0.9000     0.9366     0.9685     0.9709     0.9336     0.9028     0.7386     0.8797     0.7798     1.0000     0.9301     1.0000     0.8763     0.8960     0.8373     1.0000     0.9530     0.9522     0.9448     0.8655     0.7404     0.9000     0.9366     0.9685     0.9709     0.9336     0.9028     0.7386     0.8797     0.7798     1.0000     0.9301     1.0000     0.8763     0.8960     0.8373     1.0000     0.9530     1.0000     1.0000     0.8655     0.7404     0.9000     0.9366     0.9685     0.9709     0.9336     0.9028     0.7386     0.8797     0.7798     1.0000     0.9301     1.0000     0.8763     0.8960     0.8373     1.0000     0.9530     0.8937     0.8867     0.8655     0.7404     0.9000     0.9366     0.9685     0.9709     0.9336     0.9028     0.7386     0.8797     0.7798     1.0000     0.9301     1.0000     0.8763     0.8960     0.8373     1.0000     0.9530     0.9132     0.9061     0.8655     0.7404     0.9000     0.9366     0.9685     0.9709     0.9336     0.9028     0.7386     0.9209     0.9209     0.9209     0.9209     0.9209     0.8906     0.8359     0.9209     0.9976     0.8776     0.9336     0.9117     0.9432     0.7571     0.9494     0.9078     0.9383     0.9911     0.9269     0.9209     0.7500
09/30/1991_24:00     0.8797     0.7798     1.0000     0.9301     1.0000     0.8763     0.8960     0.8373     1.0000     0.9530     0.9486     0.9412     0.8655     0.7404     0.9000     0.9366     0.9685     0.9709     0.9336     0.9028     0.7386     0.8797     0.8200     1.0000     0.9301     1.0000     0.8763     0.8960     0.8373     1.0000     0.9530     0.9194     0.9122     0.8655     0.8200     0.9000     0.9366     0.9685     0.9709     0.9336     0.9028     0.8200     0.8797     0.7798     1.0000     0.9301     1.0000     0.8763     0.8960     0.8373     1.0000     0.9530     0.9632     0.9556     0.8655     0.7404     0.9000     0.9366     0.9685     0.9709     0.9336     0.9028     0.7386     0.8797     0.7798     1.0000     0.9301     1.0000     0.8763     0.8960     0.8373     1.0000     0.9530     0.9340     0.9267     0.8655     0.7404     0.9000     0.9366     0.9685     0.9709     0.9336     0.9028     0.7386     0.8797     0.7798     1.0000     0.9301     1.0000     0.8763     0.8960     0.8373     1.0000     0.9530     0.9705     0.9629     0.8655     0.7404     0.9000     0.9366     0.9685     0.9709     0.9336     0.9028     0.7386     0.8797     0.7798     1.0000     0.9301     1.0000     0.8763     0.8960     0.8373     1.0000     0.9530     0.9266     0.9194     0.8655     0.7404     0.9000     0.9366     0.9685     0.9709     0.9336     0.9028     0.7386     0.8797     0.7798     1.0000     0.9301     1.0000     0.8763     0.8960     0.8373     1.0000     0.9530     0.9632     0.9556     0.8655     0.7404     0.9000     0.9366     0.9685     0.9709     0.9336     0.9028     0.7386     0.8797     0.7798     1.0000     0.9301     1.0000     0.8763     0.8960     0.8373     1.0000     0.9530     0.9705     0.9629     0.8655     0.7404     0.9000     0.9366     0.9685     0.9709     0.9336     0.9028     0.7386     0.8797     0.7798     1.0000     0.9301     1.0000     0.8763     0.8960     0.8373     1.0000     0.9530     0.9705     0.9629     0.8655     0.7404     0.9000     0.9366     0.9685     0.9709     0.9336     0.9028     0.7386     0.8797     0.7798     1.0000     0.9301     1.0000     0.8763     0.8960     0.8373     1.0000     0.9530     0.9340     0.9267     0.8655     0.7404     0.9000     0.9366     0.9685     0.9709     0.9336     0.9028     0.7386     0.8797     0.7798     1.0000     0.9301     1.0000     0.8763     0.8960     0.8373     1.0000     0.9530     0.9340     0.9267     0.8655     0.7404     0.9000     0.9366     0.9685     0.9709     0.9336     0.9028     0.7386     0.8797     0.7798     1.0000     0.9301     1.0000     0.8763     0.8960     0.8373     1.0000     0.9530     0.9632     0.9556     0.8655     0.7404     0.9000     0.9366     0.9685     0.9709     0.9336     0.9028     0.7386     0.8797     0.7798     1.0000     0.9301     1.0000     0.8763     0.8960     0.8373     1.0000     0.9530     0.9449     0.9375     0.8655     0.7404     0.9000     0.9366     0.9685     0.9709     0.9336     0.9028     0.7386     0.8797     0.7798     1.0000     0.9301     1.0000     0.8763     0.8960     0.8373     1.0000     0.9530     0.9486     0.9412     0.8655     0.7404     0.9000     0.9366     0.9685     0.9709     0.9336     0.9028     0.7386     0.8797     0.7798     1.0000     0.9301     1.0000     0.8763     0.8960     0.8373     1.0000     0.9530     0.9486     0.9412     0.8655     0.7404     0.9000     0.9366     0.9685     0.9709     0.9336     0.9028     0.7386     0.8797     0.7798     1.0000     0.9301     1.0000     0.8763     0.8960     0.8373     1.0000     0.9530     0.9595     0.9520     0.8655     0.7404     0.9000     0.9366     0.9685     0.9709     0.9336     0.9028     0.7386     0.8797     0.7798     1.0000     0.9301     1.0000     0.8763     0.8960     0.8373     1.0000     0.9530     0.9522     0.9448     0.8655     0.7404     0.9000     0.9366     0.9685     0.9709     0.9336     0.9028     0.7386     0.8797     0.7798     1.0000     0.9301     1.0000     0.8763     0.8960     0.8373     1.0000     0.9530     1.0000     1.0000     0.8655     0.7404     0.9000     0.9366     0.9685     0.9709     0.9336     0.9028     0.7386     0.8797     0.7798     1.0000     0.9301     1.0000     0.8763     0.8960     0.8373     1.0000     0.9530     0.8937     0.8867     0.8655     0.7404     0.9000     0.9366     0.9685     0.9709     0.9336     0.9028     0.7386     0.8797     0.7798     1.0000     0.9301     1.0000     0.8763     0.8960     0.8373     1.0000     0.9530     0.9132     0.9061     0.8655     0.7404     0.9000     0.9366     0.9685     0.9709     0.9336     0.9028     0.7386     0.9209     0.9209     0.9209     0.9209     0.9209     0.8906     0.8359     0.9209     0.9976     0.8776     0.9336     0.9117     0.9432     0.7571     0.9494     0.9078     0.9383     0.9911     0.9269     0.9209     0.7500
09/30/1992_24:00     0.8797     0.7798     1.0000     0.9301     1.0000     0.8763     0.8960     0.8373     1.0000     0.9530     0.9486     0.9412     0.8655     0.7404     0.9000     0.9366     0.9685     0.9709     0.9336     0.9028     0.7386     0.8797     0.8200     1.0000     0.9301     1.0000     0.8763     0.8960     0.8373     1.0000     0.9530     0.9194     0.9122     0.8655     0.8200     0.9000     0.9366     0.9685     0.9709     0.9336     0.9028     0.8200     0.8797     0.7798     1.0000     0.9301     1.0000     0.8763     0.8960     0.8373     1.0000     0.9530     0.9632     0.9556     0.8655     0.7404     0.9000     0.9366     0.9685     0.9709     0.9336     0.9028     0.7386     0.8797     0.7798     1.0000     0.9301     1.0000     0.8763     0.8960     0.8373     1.0000     0.9530     0.9340     0.9267     0.8655     0.7404     0.9000     0.9366     0.9685     0.9709     0.9336     0.9028     0.7386     0.8797     0.7798     1.0000     0.9301     1.0000     0.8763     0.8960     0.8373     1.0000     0.9530     0.9689     0.9613     0.8655     0.7404     0.9000     0.9366     0.9685     0.9709     0.9336     0.9028     0.7386     0.8797     0.7798     1.0000     0.9301     1.0000     0.8763     0.8960     0.8373     1.0000     0.9530     0.9266     0.9194     0.8655     0.7404     0.9000     0.9366     0.9685     0.9709     0.9336     0.9028     0.7386     0.8797     0.7798     1.0000     0.9301     1.0000     0.8763     0.8960     0.8373     1.0000     0.9530     0.9619     0.9544     0.8655     0.7404     0.9000     0.9366     0.9685     0.9709     0.9336     0.9028     0.7386     0.8797     0.7798     1.0000     0.9301     1.0000     0.8763     0.8960     0.8373     1.0000     0.9530     0.9705     0.9629     0.8655     0.7404     0.9000     0.9366     0.9685     0.9709     0.9336     0.9028     0.7386     0.8797     0.7798     1.0000     0.9301     1.0000     0.8763     0.8960     0.8373     1.0000     0.9530     0.9705     0.9629     0.8655     0.7404     0.9000     0.9366     0.9685     0.9709     0.9336     0.9028     0.7386     0.8797     0.7798     1.0000     0.9301     1.0000     0.8763     0.8960     0.8373     1.0000     0.9530     0.9340     0.9267     0.8655     0.7404     0.9000     0.9366     0.9685     0.9709     0.9336     0.9028     0.7386     0.8797     0.7798     1.0000     0.9301     1.0000     0.8763     0.8960     0.8373     1.0000     0.9530     0.9340     0.9267     0.8655     0.7404     0.9000     0.9366     0.9685     0.9709     0.9336     0.9028     0.7386     0.8797     0.7798     1.0000     0.9301     1.0000     0.8763     0.8960     0.8373     1.0000     0.9530     0.9617     0.9542     0.8655     0.7404     0.9000     0.9366     0.9685     0.9709     0.9336     0.9028     0.7386     0.8797     0.7798     1.0000     0.9301     1.0000     0.8763     0.8960     0.8373     1.0000     0.9530     0.9449     0.9375     0.8655     0.7404     0.9000     0.9366     0.9685     0.9709     0.9336     0.9028     0.7386     0.8797     0.7798     1.0000     0.9301     1.0000     0.8763     0.8960     0.8373     1.0000     0.9530     0.9486     0.9412     0.8655     0.7404     0.9000     0.9366     0.9685     0.9709     0.9336     0.9028     0.7386     0.8797     0.7798     1.0000     0.9301     1.0000     0.8763     0.8960     0.8373     1.0000     0.9530     0.9479     0.9404     0.8655     0.7404     0.9000     0.9366     0.9685     0.9709     0.9336     0.9028     0.7386     0.8797     0.7798     1.0000     0.9301     1.0000     0.8763     0.8960     0.8373     1.0000     0.9530     0.9589     0.9514     0.8655     0.7404     0.9000     0.9366     0.9685     0.9709     0.9336     0.9028     0.7386     0.8797     0.7798     1.0000     0.9301     1.0000     0.8763     0.8960     0.8373     1.0000     0.9530     0.9512     0.9438     0.8655     0.7404     0.9000     0.9366     0.9685     0.9709     0.9336     0.9028     0.7386     0.8797     0.7798     1.0000     0.9301     1.0000     0.8763     0.8960     0.8373     1.0000     0.9530     1.0000     1.0000     0.8655     0.7404     0.9000     0.9366     0.9685     0.9709     0.9336     0.9028     0.7386     0.8797     0.7798     1.0000     0.9301     1.0000     0.8763     0.8960     0.8373     1.0000     0.9530     0.8934     0.8864     0.8655     0.7404     0.9000     0.9366     0.9685     0.9709     0.9336     0.9028     0.7386     0.8797     0.7798     1.0000     0.9301     1.0000     0.8763     0.8960     0.8373     1.0000     0.9530     0.9132     0.9061     0.8655     0.7404     0.9000     0.9366     0.9685     0.9709     0.9336     0.9028     0.7386     0.9209     0.9209     0.9209     0.9209     0.9209     0.8906     0.8359     0.9209     0.9976     0.8776     0.9336     0.9117     0.9432     0.7571     0.9494     0.9078     0.9383     0.9911     0.9269     0.9209     0.7500
09/30/1993_24:00     0.8797     0.7798     1.0000     0.9301     1.0000     0.8763     0.8960     0.8373     1.0000     0.9530     0.9486     0.9412     0.8655     0.7404     0.9000     0.9366     0.9685     0.9709     0.9336     0.9028     0.7386     0.8797     0.8200     1.0000     0.9301     1.0000     0.8763     0.8960     0.8373     1.0000     0.9530     0.9194     0.9122     0.8655     0.8200     0.9000     0.9366     0.9685     0.9709     0.9336     0.9028     0.8200     0.8797     0.7798     1.0000     0.9301     1.0000     0.8763     0.8960     0.8373     1.0000     0.9530     0.9632     0.9556     0.8655     0.7404     0.9000     0.9366     0.9685     0.9709     0.9336     0.9028     0.7386     0.8797     0.7798     1.0000     0.9301     1.0000     0.8763     0.8960     0.8373     1.0000     0.9530     0.9340     0.9267     0.8655     0.7404     0.9000     0.9366     0.9685     0.9709     0.9336     0.9028     0.7386     0.8797     0.7798     1.0000     0.9301     1.0000     0.8763     0.8960     0.8373     1.0000     0.9530     0.9674     0.9598     0.8655     0.7404     0.9000     0.9366     0.9685     0.9709     0.9336     0.9028     0.7386     0.8797     0.7798     1.0000     0.9301     1.0000     0.8763     0.8960     0.8373     1.0000     0.9530     0.9266     0.9194     0.8655     0.7404     0.9000     0.9366     0.9685     0.9709     0.9336     0.9028     0.7386     0.8797     0.7798     1.0000     0.9301     1.0000     0.8763     0.8960     0.8373     1.0000     0.9530     0.9606     0.9531     0.8655     0.7404     0.9000     0.9366     0.9685     0.9709     0.9336     0.9028     0.7386     0.8797     0.7798     1.0000     0.9301     1.0000     0.8763     0.8960     0.8373     1.0000     0.9530     0.9705     0.9629     0.8655     0.7404     0.9000     0.9366     0.9685     0.9709     0.9336     0.9028     0.7386     0.8797     0.7798     1.0000     0.9301     1.0000     0.8763     0.8960     0.8373     1.0000     0.9530     0.9705     0.9629     0.8655     0.7404     0.9000     0.9366     0.9685     0.9709     0.9336     0.9028     0.7386     0.8797     0.7798     1.0000     0.9301     1.0000     0.8763     0.8960     0.8373     1.0000     0.9530     0.9340     0.9267     0.8655     0.7404     0.9000     0.9366     0.9685     0.9709     0.9336     0.9028     0.7386     0.8797     0.7798     1.0000     0.9301     1.0000     0.8763     0.8960     0.8373     1.0000     0.9530     0.9340     0.9267     0.8655     0.7404     0.9000     0.9366     0.9685     0.9709     0.9336     0.9028     0.7386     0.8797     0.7798     1.0000     0.9301     1.0000     0.8763     0.8960     0.8373     1.0000     0.9530     0.9603     0.9528     0.8655     0.7404     0.9000     0.9366     0.9685     0.9709     0.9336     0.9028     0.7386     0.8797     0.7798     1.0000     0.9301     1.0000     0.8763     0.8960     0.8373     1.0000     0.9530     0.9449     0.9375     0.8655     0.7404     0.9000     0.9366     0.9685     0.9709     0.9336     0.9028     0.7386     0.8797     0.7798     1.0000     0.9301     1.0000     0.8763     0.8960     0.8373     1.0000     0.9530     0.9486     0.9412     0.8655     0.7404     0.9000     0.9366     0.9685     0.9709     0.9336     0.9028     0.7386     0.8797     0.7798     1.0000     0.9301     1.0000     0.8763     0.8960     0.8373     1.0000     0.9530     0.9473     0.9399     0.8655     0.7404     0.9000     0.9366     0.9685     0.9709     0.9336     0.9028     0.7386     0.8797     0.7798     1.0000     0.9301     1.0000     0.8763     0.8960     0.8373     1.0000     0.9530     0.9583     0.9508     0.8655     0.7404     0.9000     0.9366     0.9685     0.9709     0.9336     0.9028     0.7386     0.8797     0.7798     1.0000     0.9301     1.0000     0.8763     0.8960     0.8373     1.0000     0.9530     0.9503     0.9429     0.8655     0.7404     0.9000     0.9366     0.9685     0.9709     0.9336     0.9028     0.7386     0.8797     0.7798     1.0000     0.9301     1.0000     0.8763     0.8960     0.8373     1.0000     0.9530     1.0000     1.0000     0.8655     0.7404     0.9000     0.9366     0.9685     0.9709     0.9336     0.9028     0.7386     0.8797     0.7798     1.0000     0.9301     1.0000     0.8763     0.8960     0.8373     1.0000     0.9530     0.8931     0.8861     0.8655     0.7404     0.9000     0.9366     0.9685     0.9709     0.9336     0.9028     0.7386     0.8797     0.7798     1.0000     0.9301     1.0000     0.8763     0.8960     0.8373     1.0000     0.9530     0.9132     0.9061     0.8655     0.7404     0.9000     0.9366     0.9685     0.9709     0.9336     0.9028     0.7386     0.9209     0.9209     0.9209     0.9209     0.9209     0.8906     0.8359     0.9209     0.9976     0.8776     0.9336     0.9117     0.9432     0.7571     0.9494     0.9078     0.9383     0.9911     0.9269     0.9209     0.7500
09/30/1994_24:00     0.8797     0.7798     1.0000     0.9301     1.0000     0.8763     0.8960     0.8373     1.0000     0.9530     0.9486     0.9412     0.8655     0.7404     0.9000     0.9366     0.9685     0.9709     0.9336     0.9028     0.7386     0.8797     0.8200     1.0000     0.9301     1.0000     0.8763     0.8960     0.8373     1.0000     0.9530     0.9194     0.9122     0.8655     0.8200     0.9000     0.9366     0.9685     0.9709     0.9336     0.9028     0.8200     0.8797     0.7798     1.0000     0.9301     1.0000     0.8763     0.8960     0.8373     1.0000     0.9530     0.9632     0.9556     0.8655     0.7404     0.9000     0.9366     0.9685     0.9709     0.9336     0.9028     0.7386     0.8797     0.7798     1.0000     0.9301     1.0000     0.8763     0.8960     0.8373     1.0000     0.9530     0.9340     0.9267     0.8655     0.7404     0.9000     0.9366     0.9685     0.9709     0.9336     0.9028     0.7386     0.8797     0.7798     1.0000     0.9301     1.0000     0.8763     0.8960     0.8373     1.0000     0.9530     0.9657     0.9582     0.8655     0.7404     0.9000     0.9366     0.9685     0.9709     0.9336     0.9028     0.7386     0.8797     0.7798     1.0000     0.9301     1.0000     0.8763     0.8960     0.8373     1.0000     0.9530     0.9266     0.9194     0.8655     0.7404     0.9000     0.9366     0.9685     0.9709     0.9336     0.9028     0.7386     0.8797     0.7798     1.0000     0.9301     1.0000     0.8763     0.8960     0.8373     1.0000     0.9530     0.9594     0.9519     0.8655     0.7404     0.9000     0.9366     0.9685     0.9709     0.9336     0.9028     0.7386     0.8797     0.7798     1.0000     0.9301     1.0000     0.8763     0.8960     0.8373     1.0000     0.9530     0.9705     0.9629     0.8655     0.7404     0.9000     0.9366     0.9685     0.9709     0.9336     0.9028     0.7386     0.8797     0.7798     1.0000     0.9301     1.0000     0.8763     0.8960     0.8373     1.0000     0.9530     0.9705     0.9629     0.8655     0.7404     0.9000     0.9366     0.9685     0.9709     0.9336     0.9028     0.7386     0.8797     0.7798     1.0000     0.9301     1.0000     0.8763     0.8960     0.8373     1.0000     0.9530     0.9340     0.9267     0.8655     0.7404     0.9000     0.9366     0.9685     0.9709     0.9336     0.9028     0.7386     0.8797     0.7798     1.0000     0.9301     1.0000     0.8763     0.8960     0.8373     1.0000     0.9530     0.9340     0.9267     0.8655     0.7404     0.9000     0.9366     0.9685     0.9709     0.9336     0.9028     0.7386     0.8797     0.7798     1.0000     0.9301     1.0000     0.8763     0.8960     0.8373     1.0000     0.9530     0.9589     0.9514     0.8655     0.7404     0.9000     0.9366     0.9685     0.9709     0.9336     0.9028     0.7386     0.8797     0.7798     1.0000     0.9301     1.0000     0.8763     0.8960     0.8373     1.0000     0.9530     0.9449     0.9375     0.8655     0.7404     0.9000     0.9366     0.9685     0.9709     0.9336     0.9028     0.7386     0.8797     0.7798     1.0000     0.9301     1.0000     0.8763     0.8960     0.8373     1.0000     0.9530     0.9486     0.9412     0.8655     0.7404     0.9000     0.9366     0.9685     0.9709     0.9336     0.9028     0.7386     0.8797     0.7798     1.0000     0.9301     1.0000     0.8763     0.8960     0.8373     1.0000     0.9530     0.9466     0.9392     0.8655     0.7404     0.9000     0.9366     0.9685     0.9709     0.9336     0.9028     0.7386     0.8797     0.7798     1.0000     0.9301     1.0000     0.8763     0.8960     0.8373     1.0000     0.9530     0.9577     0.9502     0.8655     0.7404     0.9000     0.9366     0.9685     0.9709     0.9336     0.9028     0.7386     0.8797     0.7798     1.0000     0.9301     1.0000     0.8763     0.8960     0.8373     1.0000     0.9530     0.9494     0.9420     0.8655     0.7404     0.9000     0.9366     0.9685     0.9709     0.9336     0.9028     0.7386     0.8797     0.7798     1.0000     0.9301     1.0000     0.8763     0.8960     0.8373     1.0000     0.9530     1.0000     0.9984     0.8655     0.7404     0.9000     0.9366     0.9685     0.9709     0.9336     0.9028     0.7386     0.8797     0.7798     1.0000     0.9301     1.0000     0.8763     0.8960     0.8373     1.0000     0.9530     0.8928     0.8858     0.8655     0.7404     0.9000     0.9366     0.9685     0.9709     0.9336     0.9028     0.7386     0.8797     0.7798     1.0000     0.9301     1.0000     0.8763     0.8960     0.8373     1.0000     0.9530     0.9132     0.9061     0.8655     0.7404     0.9000     0.9366     0.9685     0.9709     0.9336     0.9028     0.7386     0.9209     0.9209     0.9209     0.9209     0.9209     0.8906     0.8359     0.9209     0.9976     0.8776     0.9336     0.9117     0.9432     0.7571     0.9494     0.9078     0.9383     0.9911     0.9269     0.9209     0.7500
09/30/1995_24:00     0.8797     0.7798     1.0000     0.9301     1.0000     0.8763     0.8960     0.8373     1.0000     0.9530     0.9486     0.9412     0.8655     0.7404     0.9000     0.9366     0.9685     0.9709     0.9336     0.9028     0.7386     0.8797     0.8200     1.0000     0.9301     1.0000     0.8763     0.8960     0.8373     1.0000     0.9530     0.9194     0.9122     0.8655     0.8200     0.9000     0.9366     0.9685     0.9709     0.9336     0.9028     0.8200     0.8797     0.7798     1.0000     0.9301     1.0000     0.8763     0.8960     0.8373     1.0000     0.9530     0.9632     0.9556     0.8655     0.7404     0.9000     0.9366     0.9685     0.9709     0.9336     0.9028     0.7386     0.8797     0.7798     1.0000     0.9301     1.0000     0.8763     0.8960     0.8373     1.0000     0.9530     0.9340     0.9267     0.8655     0.7404     0.9000     0.9366     0.9685     0.9709     0.9336     0.9028     0.7386     0.8797     0.7798     1.0000     0.9301     1.0000     0.8763     0.8960     0.8373     1.0000     0.9530     0.9641     0.9566     0.8655     0.7404     0.9000     0.9366     0.9685     0.9709     0.9336     0.9028     0.7386     0.8797     0.7798     1.0000     0.9301     1.0000     0.8763     0.8960     0.8373     1.0000     0.9530     0.9266     0.9194     0.8655     0.7404     0.9000     0.9366     0.9685     0.9709     0.9336     0.9028     0.7386     0.8797     0.7798     1.0000     0.9301     1.0000     0.8763     0.8960     0.8373     1.0000     0.9530     0.9581     0.9506     0.8655     0.7404     0.9000     0.9366     0.9685     0.9709     0.9336     0.9028     0.7386     0.8797     0.7798     1.0000     0.9301     1.0000     0.8763     0.8960     0.8373     1.0000     0.9530     0.9705     0.9629     0.8655     0.7404     0.9000     0.9366     0.9685     0.9709     0.9336     0.9028     0.7386     0.8797     0.7798     1.0000     0.9301     1.0000     0.8763     0.8960     0.8373     1.0000     0.9530     0.9705     0.9629     0.8655     0.7404     0.9000     0.9366     0.9685     0.9709     0.9336     0.9028     0.7386     0.8797     0.7798     1.0000     0.9301     1.0000     0.8763     0.8960     0.8373     1.0000     0.9530     0.9340     0.9267     0.8655     0.7404     0.9000     0.9366     0.9685     0.9709     0.9336     0.9028     0.7386     0.8797     0.7798     1.0000     0.9301     1.0000     0.8763     0.8960     0.8373     1.0000     0.9530     0.9340     0.9267     0.8655     0.7404     0.9000     0.9366     0.9685     0.9709     0.9336     0.9028     0.7386     0.8797     0.7798     1.0000     0.9301     1.0000     0.8763     0.8960     0.8373     1.0000     0.9530     0.9574     0.9500     0.8655     0.7404     0.9000     0.9366     0.9685     0.9709     0.9336     0.9028     0.7386     0.8797     0.7798     1.0000     0.9301     1.0000     0.8763     0.8960     0.8373     1.0000     0.9530     0.9449     0.9375     0.8655     0.7404     0.9000     0.9366     0.9685     0.9709     0.9336     0.9028     0.7386     0.8797     0.7798     1.0000     0.9301     1.0000     0.8763     0.8960     0.8373     1.0000     0.9530     0.9486     0.9412     0.8655     0.7404     0.9000     0.9366     0.9685     0.9709     0.9336     0.9028     0.7386     0.8797     0.7798     1.0000     0.9301     1.0000     0.8763     0.8960     0.8373     1.0000     0.9530     0.9460     0.9386     0.8655     0.7404     0.9000     0.9366     0.9685     0.9709     0.9336     0.9028     0.7386     0.8797     0.7798     1.0000     0.9301     1.0000     0.8763     0.8960     0.8373     1.0000     0.9530     0.9569     0.9495     0.8655     0.7404     0.9000     0.9366     0.9685     0.9709     0.9336     0.9028     0.7386     0.8797     0.7798     1.0000     0.9301     1.0000     0.8763     0.8960     0.8373     1.0000     0.9530     0.9484     0.9410     0.8655     0.7404     0.9000     0.9366     0.9685     0.9709     0.9336     0.9028     0.7386     0.8797     0.7798     1.0000     0.9301     1.0000     0.8763     0.8960     0.8373     1.0000     0.9530     1.0000     0.9957     0.8655     0.7404     0.9000     0.9366     0.9685     0.9709     0.9336     0.9028     0.7386     0.8797     0.7798     1.0000     0.9301     1.0000     0.8763     0.8960     0.8373     1.0000     0.9530     0.8925     0.8855     0.8655     0.7404     0.9000     0.9366     0.9685     0.9709     0.9336     0.9028     0.7386     0.8797     0.7798     1.0000     0.9301     1.0000     0.8763     0.8960     0.8373     1.0000     0.9530     0.9132     0.9061     0.8655     0.7404     0.9000     0.9366     0.9685     0.9709     0.9336     0.9028     0.7386     0.9209     0.9209     0.9209     0.9209     0.9209     0.8906     0.8359     0.9209     0.9976     0.8776     0.9336     0.9117     0.9432     0.7571     0.9494     0.9078     0.9383     0.9911     0.9269     0.9209     0.7500
09/30/1996_24:00     0.8797     0.7798     1.0000     0.9301     1.0000     0.8763     0.8960     0.8373     1.0000     0.9530     0.9486     0.9412     0.8655     0.7404     0.9000     0.9366     0.9685     0.9709     0.9336     0.9028     0.7386     0.8797     0.8200     1.0000     0.9301     1.0000     0.8763     0.8960     0.8373     1.0000     0.9530     0.9194     0.9122     0.8655     0.8200     0.9000     0.9366     0.9685     0.9709     0.9336     0.9028     0.8200     0.8797     0.7798     1.0000     0.9301     1.0000     0.8763     0.8960     0.8373     1.0000     0.9530     0.9632     0.9556     0.8655     0.7404     0.9000     0.9366     0.9685     0.9709     0.9336     0.9028     0.7386     0.8797     0.7798     1.0000     0.9301     1.0000     0.8763     0.8960     0.8373     1.0000     0.9530     0.9340     0.9267     0.8655     0.7404     0.9000     0.9366     0.9685     0.9709     0.9336     0.9028     0.7386     0.8797     0.7798     1.0000     0.9301     1.0000     0.8763     0.8960     0.8373     1.0000     0.9530     0.9626     0.9550     0.8655     0.7404     0.9000     0.9366     0.9685     0.9709     0.9336     0.9028     0.7386     0.8797     0.7798     1.0000     0.9301     1.0000     0.8763     0.8960     0.8373     1.0000     0.9530     0.9266     0.9194     0.8655     0.7404     0.9000     0.9366     0.9685     0.9709     0.9336     0.9028     0.7386     0.8797     0.7798     1.0000     0.9301     1.0000     0.8763     0.8960     0.8373     1.0000     0.9530     0.9568     0.9494     0.8655     0.7404     0.9000     0.9366     0.9685     0.9709     0.9336     0.9028     0.7386     0.8797     0.7798     1.0000     0.9301     1.0000     0.8763     0.8960     0.8373     1.0000     0.9530     0.9705     0.9629     0.8655     0.7404     0.9000     0.9366     0.9685     0.9709     0.9336     0.9028     0.7386     0.8797     0.7798     1.0000     0.9301     1.0000     0.8763     0.8960     0.8373     1.0000     0.9530     0.9705     0.9629     0.8655     0.7404     0.9000     0.9366     0.9685     0.9709     0.9336     0.9028     0.7386     0.8797     0.7798     1.0000     0.9301     1.0000     0.8763     0.8960     0.8373     1.0000     0.9530     0.9340     0.9267     0.8655     0.7404     0.9000     0.9366     0.9685     0.9709     0.9336     0.9028     0.7386     0.8797     0.7798     1.0000     0.9301     1.0000     0.8763     0.8960     0.8373     1.0000     0.9530     0.9340     0.9267     0.8655     0.7404     0.9000     0.9366     0.9685     0.9709     0.9336     0.9028     0.7386     0.8797     0.7798     1.0000     0.9301     1.0000     0.8763     0.8960     0.8373     1.0000     0.9530     0.9560     0.9486     0.8655     0.7404     0.9000     0.9366     0.9685     0.9709     0.9336     0.9028     0.7386     0.8797     0.7798     1.0000     0.9301     1.0000     0.8763     0.8960     0.8373     1.0000     0.9530     0.9449     0.9375     0.8655     0.7404     0.9000     0.9366     0.9685     0.9709     0.9336     0.9028     0.7386     0.8797     0.7798     1.0000     0.9301     1.0000     0.8763     0.8960     0.8373     1.0000     0.9530     0.9486     0.9412     0.8655     0.7404     0.9000     0.9366     0.9685     0.9709     0.9336     0.9028     0.7386     0.8797     0.7798     1.0000     0.9301     1.0000     0.8763     0.8960     0.8373     1.0000     0.9530     0.9454     0.9380     0.8655     0.7404     0.9000     0.9366     0.9685     0.9709     0.9336     0.9028     0.7386     0.8797     0.7798     1.0000     0.9301     1.0000     0.8763     0.8960     0.8373     1.0000     0.9530     0.9563     0.9489     0.8655     0.7404     0.9000     0.9366     0.9685     0.9709     0.9336     0.9028     0.7386     0.8797     0.7798     1.0000     0.9301     1.0000     0.8763     0.8960     0.8373     1.0000     0.9530     0.9474     0.9400     0.8655     0.7404     0.9000     0.9366     0.9685     0.9709     0.9336     0.9028     0.7386     0.8797     0.7798     1.0000     0.9301     1.0000     0.8763     0.8960     0.8373     1.0000     0.9530     1.0000     0.9930     0.8655     0.7404     0.9000     0.9366     0.9685     0.9709     0.9336     0.9028     0.7386     0.8797     0.7798     1.0000     0.9301     1.0000     0.8763     0.8960     0.8373     1.0000     0.9530     0.8921     0.8851     0.8655     0.7404     0.9000     0.9366     0.9685     0.9709     0.9336     0.9028     0.7386     0.8797     0.7798     1.0000     0.9301     1.0000     0.8763     0.8960     0.8373     1.0000     0.9530     0.9132     0.9061     0.8655     0.7404     0.9000     0.9366     0.9685     0.9709     0.9336     0.9028     0.7386     0.9209     0.9209     0.9209     0.9209     0.9209     0.8906     0.8359     0.9209     0.9976     0.8776     0.9336     0.9117     0.9432     0.7571     0.9494     0.9078     0.9383     0.9911     0.9269     0.9209     0.7500
09/30/1997_24:00     0.8797     0.7798     1.0000     0.9301     1.0000     0.8763     0.8960     0.8373     1.0000     0.9530     0.9486     0.9412     0.8655     0.7404     0.9000     0.9366     0.9685     0.9709     0.9336     0.9028     0.7386     0.8797     0.8200     1.0000     0.9301     1.0000     0.8763     0.8960     0.8373     1.0000     0.9530     0.9194     0.9122     0.8655     0.8200     0.9000     0.9366     0.9685     0.9709     0.9336     0.9028     0.8200     0.8797     0.7798     1.0000     0.9301     1.0000     0.8763     0.8960     0.8373     1.0000     0.9530     0.9632     0.9556     0.8655     0.7404     0.9000     0.9366     0.9685     0.9709     0.9336     0.9028     0.7386     0.8797     0.7798     1.0000     0.9301     1.0000     0.8763     0.8960     0.8373     1.0000     0.9530     0.9340     0.9267     0.8655     0.7404     0.9000     0.9366     0.9685     0.9709     0.9336     0.9028     0.7386     0.8797     0.7798     1.0000     0.9301     1.0000     0.8763     0.8960     0.8373     1.0000     0.9530     0.9610     0.9535     0.8655     0.7404     0.9000     0.9366     0.9685     0.9709     0.9336     0.9028     0.7386     0.8797     0.7798     1.0000     0.9301     1.0000     0.8763     0.8960     0.8373     1.0000     0.9530     0.9266     0.9194     0.8655     0.7404     0.9000     0.9366     0.9685     0.9709     0.9336     0.9028     0.7386     0.8797     0.7798     1.0000     0.9301     1.0000     0.8763     0.8960     0.8373     1.0000     0.9530     0.9556     0.9481     0.8655     0.7404     0.9000     0.9366     0.9685     0.9709     0.9336     0.9028     0.7386     0.8797     0.7798     1.0000     0.9301     1.0000     0.8763     0.8960     0.8373     1.0000     0.9530     0.9705     0.9629     0.8655     0.7404     0.9000     0.9366     0.9685     0.9709     0.9336     0.9028     0.7386     0.8797     0.7798     1.0000     0.9301     1.0000     0.8763     0.8960     0.8373     1.0000     0.9530     0.9705     0.9629     0.8655     0.7404     0.9000     0.9366     0.9685     0.9709     0.9336     0.9028     0.7386     0.8797     0.7798     1.0000     0.9301     1.0000     0.8763     0.8960     0.8373     1.0000     0.9530     0.9340     0.9267     0.8655     0.7404     0.9000     0.9366     0.9685     0.9709     0.9336     0.9028     0.7386     0.8797     0.7798     1.0000     0.9301     1.0000     0.8763     0.8960     0.8373     1.0000     0.9530     0.9340     0.9267     0.8655     0.7404     0.9000     0.9366     0.9685     0.9709     0.9336     0.9028     0.7386     0.8797     0.7798     1.0000     0.9301     1.0000     0.8763     0.8960     0.8373     1.0000     0.9530     0.9546     0.9471     0.8655     0.7404     0.9000     0.9366     0.9685     0.9709     0.9336     0.9028     0.7386     0.8797     0.7798     1.0000     0.9301     1.0000     0.8763     0.8960     0.8373     1.0000     0.9530     0.9449     0.9375     0.8655     0.7404     0.9000     0.9366     0.9685     0.9709     0.9336     0.9028     0.7386     0.8797     0.7798     1.0000     0.9301     1.0000     0.8763     0.8960     0.8373     1.0000     0.9530     0.9486     0.9412     0.8655     0.7404     0.9000     0.9366     0.9685     0.9709     0.9336     0.9028     0.7386     0.8797     0.7798     1.0000     0.9301     1.0000     0.8763     0.8960     0.8373     1.0000     0.9530     0.9448     0.9374     0.8655     0.7404     0.9000     0.9366     0.9685     0.9709     0.9336     0.9028     0.7386     0.8797     0.7798     1.0000     0.9301     1.0000     0.8763     0.8960     0.8373     1.0000     0.9530     0.9557     0.9482     0.8655     0.7404     0.9000     0.9366     0.9685     0.9709     0.9336     0.9028     0.7386     0.8797     0.7798     1.0000     0.9301     1.0000     0.8763     0.8960     0.8373     1.0000     0.9530     0.9465     0.9391     0.8655     0.7404     0.9000     0.9366     0.9685     0.9709     0.9336     0.9028     0.7386     0.8797     0.7798     1.0000     0.9301     1.0000     0.8763     0.8960     0.8373     1.0000     0.9530     0.9981     0.9903     0.8655     0.7404     0.9000     0.9366     0.9685     0.9709     0.9336     0.9028     0.7386     0.8797     0.7798     1.0000     0.9301     1.0000     0.8763     0.8960     0.8373     1.0000     0.9530     0.8918     0.8848     0.8655     0.7404     0.9000     0.9366     0.9685     0.9709     0.9336     0.9028     0.7386     0.8797     0.7798     1.0000     0.9301     1.0000     0.8763     0.8960     0.8373     1.0000     0.9530     0.9132     0.9061     0.8655     0.7404     0.9000     0.9366     0.9685     0.9709     0.9336     0.9028     0.7386     0.9209     0.9209     0.9209     0.9209     0.9209     0.8906     0.8359     0.9209     0.9976     0.8776     0.9336     0.9117     0.9432     0.7571     0.9494     0.9078     0.9383     0.9911     0.9269     0.9209     0.7500
09/30/1998_24:00     0.8797     0.7798     1.0000     0.9301     1.0000     0.8763     0.8960     0.8373     1.0000     0.9530     0.9486     0.9412     0.8655     0.7404     0.9000     0.9366     0.9685     0.9709     0.9336     0.9028     0.7386     0.8797     0.8200     1.0000     0.9301     1.0000     0.8763     0.8960     0.8373     1.0000     0.9530     0.9194     0.9122     0.8655     0.8200     0.9000     0.9366     0.9685     0.9709     0.9336     0.9028     0.8200     0.8797     0.7798     1.0000     0.9301     1.0000     0.8763     0.8960     0.8373     1.0000     0.9530     0.9632     0.9556     0.8655     0.7404     0.9000     0.9366     0.9685     0.9709     0.9336     0.9028     0.7386     0.8797     0.7798     1.0000     0.9301     1.0000     0.8763     0.8960     0.8373     1.0000     0.9530     0.9340     0.9267     0.8655     0.7404     0.9000     0.9366     0.9685     0.9709     0.9336     0.9028     0.7386     0.8797     0.7798     1.0000     0.9301     1.0000     0.8763     0.8960     0.8373     1.0000     0.9530     0.9594     0.9519     0.8655     0.7404     0.9000     0.9366     0.9685     0.9709     0.9336     0.9028     0.7386     0.8797     0.7798     1.0000     0.9301     1.0000     0.8763     0.8960     0.8373     1.0000     0.9530     0.9266     0.9194     0.8655     0.7404     0.9000     0.9366     0.9685     0.9709     0.9336     0.9028     0.7386     0.8797     0.7798     1.0000     0.9301     1.0000     0.8763     0.8960     0.8373     1.0000     0.9530     0.9543     0.9468     0.8655     0.7404     0.9000     0.9366     0.9685     0.9709     0.9336     0.9028     0.7386     0.8797     0.7798     1.0000     0.9301     1.0000     0.8763     0.8960     0.8373     1.0000     0.9530     0.9705     0.9629     0.8655     0.7404     0.9000     0.9366     0.9685     0.9709     0.9336     0.9028     0.7386     0.8797     0.7798     1.0000     0.9301     1.0000     0.8763     0.8960     0.8373     1.0000     0.9530     0.9705     0.9629     0.8655     0.7404     0.9000     0.9366     0.9685     0.9709     0.9336     0.9028     0.7386     0.8797     0.7798     1.0000     0.9301     1.0000     0.8763     0.8960     0.8373     1.0000     0.9530     0.9340     0.9267     0.8655     0.7404     0.9000     0.9366     0.9685     0.9709     0.9336     0.9028     0.7386     0.8797     0.7798     1.0000     0.9301     1.0000     0.8763     0.8960     0.8373     1.0000     0.9530     0.9340     0.9267     0.8655     0.7404     0.9000     0.9366     0.9685     0.9709     0.9336     0.9028     0.7386     0.8797     0.7798     1.0000     0.9301     1.0000     0.8763     0.8960     0.8373     1.0000     0.9530     0.9532     0.9457     0.8655     0.7404     0.9000     0.9366     0.9685     0.9709     0.9336     0.9028     0.7386     0.8797     0.7798     1.0000     0.9301     1.0000     0.8763     0.8960     0.8373     1.0000     0.9530     0.9449     0.9375     0.8655     0.7404     0.9000     0.9366     0.9685     0.9709     0.9336     0.9028     0.7386     0.8797     0.7798     1.0000     0.9301     1.0000     0.8763     0.8960     0.8373     1.0000     0.9530     0.9486     0.9412     0.8655     0.7404     0.9000     0.9366     0.9685     0.9709     0.9336     0.9028     0.7386     0.8797     0.7798     1.0000     0.9301     1.0000     0.8763     0.8960     0.8373     1.0000     0.9530     0.9441     0.9367     0.8655     0.7404     0.9000     0.9366     0.9685     0.9709     0.9336     0.9028     0.7386     0.8797     0.7798     1.0000     0.9301     1.0000     0.8763     0.8960     0.8373     1.0000     0.9530     0.9551     0.9476     0.8655     0.7404     0.9000     0.9366     0.9685     0.9709     0.9336     0.9028     0.7386     0.8797     0.7798     1.0000     0.9301     1.0000     0.8763     0.8960     0.8373     1.0000     0.9530     0.9455     0.9381     0.8655     0.7404     0.9000     0.9366     0.9685     0.9709     0.9336     0.9028     0.7386     0.8797     0.7798     1.0000     0.9301     1.0000     0.8763     0.8960     0.8373     1.0000     0.9530     0.9954     0.9877     0.8655     0.7404     0.9000     0.9366     0.9685     0.9709     0.9336     0.9028     0.7386     0.8797     0.7798     1.0000     0.9301     1.0000     0.8763     0.8960     0.8373     1.0000     0.9530     0.8915     0.8845     0.8655     0.7404     0.9000     0.9366     0.9685     0.9709     0.9336     0.9028     0.7386     0.8797     0.7798     1.0000     0.9301     1.0000     0.8763     0.8960     0.8373     1.0000     0.9530     0.9132     0.9061     0.8655     0.7404     0.9000     0.9366     0.9685     0.9709     0.9336     0.9028     0.7386     0.9209     0.9209     0.9209     0.9209     0.9209     0.8906     0.8359     0.9209     0.9976     0.8776     0.9336     0.9117     0.9432     0.7571     0.9494     0.9078     0.9383     0.9911     0.9269     0.9209     0.7500
09/30/1999_24:00     0.8797     0.7798     1.0000     0.9301     1.0000     0.8763     0.8960     0.8373     1.0000     0.9530     0.9486     0.9412     0.8655     0.7404     0.9000     0.9366     0.9685     0.9709     0.9336     0.9028     0.7386     0.8797     0.8200     1.0000     0.9301     1.0000     0.8763     0.8960     0.8373     1.0000     0.9530     0.9194     0.9122     0.8655     0.8200     0.9000     0.9366     0.9685     0.9709     0.9336     0.9028     0.8200     0.8797     0.7798     1.0000     0.9301     1.0000     0.8763     0.8960     0.8373     1.0000     0.9530     0.9632     0.9556     0.8655     0.7404     0.9000     0.9366     0.9685     0.9709     0.9336     0.9028     0.7386     0.8797     0.7798     1.0000     0.9301     1.0000     0.8763     0.8960     0.8373     1.0000     0.9530     0.9340     0.9267     0.8655     0.7404     0.9000     0.9366     0.9685     0.9709     0.9336     0.9028     0.7386     0.8797     0.7798     1.0000     0.9301     1.0000     0.8763     0.8960     0.8373     1.0000     0.9530     0.9578     0.9503     0.8655     0.7404     0.9000     0.9366     0.9685     0.9709     0.9336     0.9028     0.7386     0.8797     0.7798     1.0000     0.9301     1.0000     0.8763     0.8960     0.8373     1.0000     0.9530     0.9266     0.9194     0.8655     0.7404     0.9000     0.9366     0.9685     0.9709     0.9336     0.9028     0.7386     0.8797     0.7798     1.0000     0.9301     1.0000     0.8763     0.8960     0.8373     1.0000     0.9530     0.9531     0.9456     0.8655     0.7404     0.9000     0.9366     0.9685     0.9709     0.9336     0.9028     0.7386     0.8797     0.7798     1.0000     0.9301     1.0000     0.8763     0.8960     0.8373     1.0000     0.9530     0.9705     0.9629     0.8655     0.7404     0.9000     0.9366     0.9685     0.9709     0.9336     0.9028     0.7386     0.8797     0.7798     1.0000     0.9301     1.0000     0.8763     0.8960     0.8373     1.0000     0.9530     0.9705     0.9629     0.8655     0.7404     0.9000     0.9366     0.9685     0.9709     0.9336     0.9028     0.7386     0.8797     0.7798     1.0000     0.9301     1.0000     0.8763     0.8960     0.8373     1.0000     0.9530     0.9340     0.9267     0.8655     0.7404     0.9000     0.9366     0.9685     0.9709     0.9336     0.9028     0.7386     0.8797     0.7798     1.0000     0.9301     1.0000     0.8763     0.8960     0.8373     1.0000     0.9530     0.9340     0.9267     0.8655     0.7404     0.9000     0.9366     0.9685     0.9709     0.9336     0.9028     0.7386     0.8797     0.7798     1.0000     0.9301     1.0000     0.8763     0.8960     0.8373     1.0000     0.9530     0.9517     0.9443     0.8655     0.7404     0.9000     0.9366     0.9685     0.9709     0.9336     0.9028     0.7386     0.8797     0.7798     1.0000     0.9301     1.0000     0.8763     0.8960     0.8373     1.0000     0.9530     0.9449     0.9375     0.8655     0.7404     0.9000     0.9366     0.9685     0.9709     0.9336     0.9028     0.7386     0.8797     0.7798     1.0000     0.9301     1.0000     0.8763     0.8960     0.8373     1.0000     0.9530     0.9486     0.9412     0.8655     0.7404     0.9000     0.9366     0.9685     0.9709     0.9336     0.9028     0.7386     0.8797     0.7798     1.0000     0.9301     1.0000     0.8763     0.8960     0.8373     1.0000     0.9530     0.9435     0.9361     0.8655     0.7404     0.9000     0.9366     0.9685     0.9709     0.9336     0.9028     0.7386     0.8797     0.7798     1.0000     0.9301     1.0000     0.8763     0.8960     0.8373     1.0000     0.9530     0.9544     0.9469     0.8655     0.7404     0.9000     0.9366     0.9685     0.9709     0.9336     0.9028     0.7386     0.8797     0.7798     1.0000     0.9301     1.0000     0.8763     0.8960     0.8373     1.0000     0.9530     0.9446     0.9372     0.8655     0.7404     0.9000     0.9366     0.9685     0.9709     0.9336     0.9028     0.7386     0.8797     0.7798     1.0000     0.9301     1.0000     0.8763     0.8960     0.8373     1.0000     0.9530     0.9927     0.9849     0.8655     0.7404     0.9000     0.9366     0.9685     0.9709     0.9336     0.9028     0.7386     0.8797     0.7798     1.0000     0.9301     1.0000     0.8763     0.8960     0.8373     1.0000     0.9530     0.8912     0.8842     0.8655     0.7404     0.9000     0.9366     0.9685     0.9709     0.9336     0.9028     0.7386     0.8797     0.7798     1.0000     0.9301     1.0000     0.8763     0.8960     0.8373     1.0000     0.9530     0.9132     0.9061     0.8655     0.7404     0.9000     0.9366     0.9685     0.9709     0.9336     0.9028     0.7386     0.9209     0.9209     0.9209     0.9209     0.9209     0.8906     0.8359     0.9209     0.9976     0.8776     0.9336     0.9117     0.9432     0.7571     0.9494     0.9078     0.9383     0.9911     0.9269     0.9209     0.7500
09/30/2000_24:00     0.8797     0.7798     1.0000     0.9301     1.0000     0.8763     0.8960     0.8373     1.0000     0.9530     0.9486     0.9412     0.8655     0.7404     0.9000     0.9366     0.9685     0.9709     0.9336     0.9028     0.7386     0.8797     0.8200     1.0000     0.9301     1.0000     0.8763     0.8960     0.8373     1.0000     0.9530     0.9194     0.9122     0.8655     0.8200     0.9000     0.9366     0.9685     0.9709     0.9336     0.9028     0.8200     0.8797     0.7798     1.0000     0.9301     1.0000     0.8763     0.8960     0.8373     1.0000     0.9530     0.9632     0.9556     0.8655     0.7404     0.9000     0.9366     0.9685     0.9709     0.9336     0.9028     0.7386     0.8797     0.7798     1.0000     0.9301     1.0000     0.8763     0.8960     0.8373     1.0000     0.9530     0.9340     0.9267     0.8655     0.7404     0.9000     0.9366     0.9685     0.9709     0.9336     0.9028     0.7386     0.8797     0.7798     1.0000     0.9301     1.0000     0.8763     0.8960     0.8373     1.0000     0.9530     0.9561     0.9487     0.8655     0.7404     0.9000     0.9366     0.9685     0.9709     0.9336     0.9028     0.7386     0.8797     0.7798     1.0000     0.9301     1.0000     0.8763     0.8960     0.8373     1.0000     0.9530     0.9266     0.9194     0.8655     0.7404     0.9000     0.9366     0.9685     0.9709     0.9336     0.9028     0.7386     0.8797     0.7798     1.0000     0.9301     1.0000     0.8763     0.8960     0.8373     1.0000     0.9530     0.9517     0.9443     0.8655     0.7404     0.9000     0.9366     0.9685     0.9709     0.9336     0.9028     0.7386     0.8797     0.7798     1.0000     0.9301     1.0000     0.8763     0.8960     0.8373     1.0000     0.9530     0.9705     0.9629     0.8655     0.7404     0.9000     0.9366     0.9685     0.9709     0.9336     0.9028     0.7386     0.8797     0.7798     1.0000     0.9301     1.0000     0.8763     0.8960     0.8373     1.0000     0.9530     0.9705     0.9629     0.8655     0.7404     0.9000     0.9366     0.9685     0.9709     0.9336     0.9028     0.7386     0.8797     0.7798     1.0000     0.9301     1.0000     0.8763     0.8960     0.8373     1.0000     0.9530     0.9340     0.9267     0.8655     0.7404     0.9000     0.9366     0.9685     0.9709     0.9336     0.9028     0.7386     0.8797     0.7798     1.0000     0.9301     1.0000     0.8763     0.8960     0.8373     1.0000     0.9530     0.9340     0.9267     0.8655     0.7404     0.9000     0.9366     0.9685     0.9709     0.9336     0.9028     0.7386     0.8797     0.7798     1.0000     0.9301     1.0000     0.8763     0.8960     0.8373     1.0000     0.9530     0.9503     0.9429     0.8655     0.7404     0.9000     0.9366     0.9685     0.9709     0.9336     0.9028     0.7386     0.8797     0.7798     1.0000     0.9301     1.0000     0.8763     0.8960     0.8373     1.0000     0.9530     0.9449     0.9375     0.8655     0.7404     0.9000     0.9366     0.9685     0.9709     0.9336     0.9028     0.7386     0.8797     0.7798     1.0000     0.9301     1.0000     0.8763     0.8960     0.8373     1.0000     0.9530     0.9486     0.9412     0.8655     0.7404     0.9000     0.9366     0.9685     0.9709     0.9336     0.9028     0.7386     0.8797     0.7798     1.0000     0.9301     1.0000     0.8763     0.8960     0.8373     1.0000     0.9530     0.9428     0.9355     0.8655     0.7404     0.9000     0.9366     0.9685     0.9709     0.9336     0.9028     0.7386     0.8797     0.7798     1.0000     0.9301     1.0000     0.8763     0.8960     0.8373     1.0000     0.9530     0.9538     0.9463     0.8655     0.7404     0.9000     0.9366     0.9685     0.9709     0.9336     0.9028     0.7386     0.8797     0.7798     1.0000     0.9301     1.0000     0.8763     0.8960     0.8373     1.0000     0.9530     0.9437     0.9363     0.8655     0.7404     0.9000     0.9366     0.9685     0.9709     0.9336     0.9028     0.7386     0.8797     0.7798     1.0000     0.9301     1.0000     0.8763     0.8960     0.8373     1.0000     0.9530     0.9900     0.9823     0.8655     0.7404     0.9000     0.9366     0.9685     0.9709     0.9336     0.9028     0.7386     0.8797     0.7798     1.0000     0.9301     1.0000     0.8763     0.8960     0.8373     1.0000     0.9530     0.8909     0.8839     0.8655     0.7404     0.9000     0.9366     0.9685     0.9709     0.9336     0.9028     0.7386     0.8797     0.7798     1.0000     0.9301     1.0000     0.8763     0.8960     0.8373     1.0000     0.9530     0.9132     0.9061     0.8655     0.7404     0.9000     0.9366     0.9685     0.9709     0.9336     0.9028     0.7386     0.9209     0.9209     0.9209     0.9209     0.9209     0.8906     0.8359     0.9209     0.9976     0.8776     0.9336     0.9117     0.9432     0.7571     0.9494     0.9078     0.9383     0.9911     0.9269     0.9209     0.7500
09/30/2001_24:00     0.8797     0.7798     1.0000     0.9301     1.0000     0.8763     0.8960     0.8373     1.0000     0.9530     0.9120     0.9049     0.8655     0.7404     0.9000     0.9366     0.9685     0.9709     0.9336     0.9028     0.7386     0.8797     0.8200     1.0000     0.9301     1.0000     0.8763     0.8960     0.8373     1.0000     0.9530     0.9194     0.9122     0.8655     0.8200     0.9000     0.9366     0.9685     0.9709     0.9336     0.9028     0.8200     0.8797     0.7798     1.0000     0.9301     1.0000     0.8763     0.8960     0.8373     1.0000     0.9530     0.9632     0.9556     0.8655     0.7404     0.9000     0.9366     0.9685     0.9709     0.9336     0.9028     0.7386     0.8797     0.7798     1.0000     0.9301     1.0000     0.8763     0.8960     0.8373     1.0000     0.9530     0.9120     0.9049     0.8655     0.7404     0.9000     0.9366     0.9685     0.9709     0.9336     0.9028     0.7386     0.8797     0.7798     1.0000     0.9301     1.0000     0.8763     0.8960     0.8373     1.0000     0.9530     0.9546     0.9471     0.8655     0.7404     0.9000     0.9366     0.9685     0.9709     0.9336     0.9028     0.7386     0.8797     0.7798     1.0000     0.9301     1.0000     0.8763     0.8960     0.8373     1.0000     0.9530     0.9266     0.9194     0.8655     0.7404     0.9000     0.9366     0.9685     0.9709     0.9336     0.9028     0.7386     0.8797     0.7798     1.0000     0.9301     1.0000     0.8763     0.8960     0.8373     1.0000     0.9530     0.9504     0.9430     0.8655     0.7404     0.9000     0.9366     0.9685     0.9709     0.9336     0.9028     0.7386     0.8797     0.7798     1.0000     0.9301     1.0000     0.8763     0.8960     0.8373     1.0000     0.9530     0.9120     0.9049     0.8655     0.7404     0.9000     0.9366     0.9685     0.9709     0.9336     0.9028     0.7386     0.8797     0.7798     1.0000     0.9301     1.0000     0.8763     0.8960     0.8373     1.0000     0.9530     0.9120     0.9049     0.8655     0.7404     0.9000     0.9366     0.9685     0.9709     0.9336     0.9028     0.7386     0.8797     0.7798     1.0000     0.9301     1.0000     0.8763     0.8960     0.8373     1.0000     0.9530     0.9340     0.9267     0.8655     0.7404     0.9000     0.9366     0.9685     0.9709     0.9336     0.9028     0.7386     0.8797     0.7798     1.0000     0.9301     1.0000     0.8763     0.8960     0.8373     1.0000     0.9530     0.9340     0.9267     0.8655     0.7404     0.9000     0.9366     0.9685     0.9709     0.9336     0.9028     0.7386     0.8797     0.7798     1.0000     0.9301     1.0000     0.8763     0.8960     0.8373     1.0000     0.9530     0.9120     0.9049     0.8655     0.7404     0.9000     0.9366     0.9685     0.9709     0.9336     0.9028     0.7386     0.8797     0.7798     1.0000     0.9301     1.0000     0.8763     0.8960     0.8373     1.0000     0.9530     0.9449     0.9375     0.8655     0.7404     0.9000     0.9366     0.9685     0.9709     0.9336     0.9028     0.7386     0.8797     0.7798     1.0000     0.9301     1.0000     0.8763     0.8960     0.8373     1.0000     0.9530     0.9486     0.9412     0.8655     0.7404     0.9000     0.9366     0.9685     0.9709     0.9336     0.9028     0.7386     0.8797     0.7798     1.0000     0.9301     1.0000     0.8763     0.8960     0.8373     1.0000     0.9530     0.9422     0.9349     0.8655     0.7404     0.9000     0.9366     0.9685     0.9709     0.9336     0.9028     0.7386     0.8797     0.7798     1.0000     0.9301     1.0000     0.8763     0.8960     0.8373     1.0000     0.9530     0.9120     0.9049     0.8655     0.7404     0.9000     0.9366     0.9685     0.9709     0.9336     0.9028     0.7386     0.8797     0.7798     1.0000     0.9301     1.0000     0.8763     0.8960     0.8373     1.0000     0.9530     0.9427     0.9354     0.8655     0.7404     0.9000     0.9366     0.9685     0.9709     0.9336     0.9028     0.7386     0.8797     0.7798     1.0000     0.9301     1.0000     0.8763     0.8960     0.8373     1.0000     0.9530     0.9632     0.9556     0.8655     0.7404     0.9000     0.9366     0.9685     0.9709     0.9336     0.9028     0.7386     0.8797     0.7798     1.0000     0.9301     1.0000     0.8763     0.8960     0.8373     1.0000     0.9530     0.8906     0.8836     0.8655     0.7404     0.9000     0.9366     0.9685     0.9709     0.9336     0.9028     0.7386     0.8797     0.7798     1.0000     0.9301     1.0000     0.8763     0.8960     0.8373     1.0000     0.9530     0.9132     0.9061     0.8655     0.7404     0.9000     0.9366     0.9685     0.9709     0.9336     0.9028     0.7386     0.9209     0.9209     0.9209     0.9209     0.9209     0.8906     0.8359     0.9209     0.9976     0.8776     0.9336     0.9117     0.9432     0.7571     0.9494     0.9078     0.9383     0.9911     0.9269     0.9209     0.7500
09/30/2002_24:00     0.8797     0.7798     1.0000     0.9301     1.0000     0.8763     0.8960     0.8373     1.0000     0.9530     0.9120     0.9049     0.8655     0.7404     0.9000     0.9366     0.9685     0.9709     0.9336     0.9028     0.7386     0.8797     0.8200     1.0000     0.9301     1.0000     0.8763     0.8960     0.8373     1.0000     0.9530     0.9194     0.9122     0.8655     0.8200     0.9000     0.9366     0.9685     0.9709     0.9336     0.9028     0.8200     0.8797     0.7798     1.0000     0.9301     1.0000     0.8763     0.8960     0.8373     1.0000     0.9530     0.9632     0.9556     0.8655     0.7404     0.9000     0.9366     0.9685     0.9709     0.9336     0.9028     0.7386     0.8797     0.7798     1.0000     0.9301     1.0000     0.8763     0.8960     0.8373     1.0000     0.9530     0.9120     0.9049     0.8655     0.7404     0.9000     0.9366     0.9685     0.9709     0.9336     0.9028     0.7386     0.8797     0.7798     1.0000     0.9301     1.0000     0.8763     0.8960     0.8373     1.0000     0.9530     0.9531     0.9456     0.8655     0.7404     0.9000     0.9366     0.9685     0.9709     0.9336     0.9028     0.7386     0.8797     0.7798     1.0000     0.9301     1.0000     0.8763     0.8960     0.8373     1.0000     0.9530     0.9266     0.9194     0.8655     0.7404     0.9000     0.9366     0.9685     0.9709     0.9336     0.9028     0.7386     0.8797     0.7798     1.0000     0.9301     1.0000     0.8763     0.8960     0.8373     1.0000     0.9530     0.9492     0.9418     0.8655     0.7404     0.9000     0.9366     0.9685     0.9709     0.9336     0.9028     0.7386     0.8797     0.7798     1.0000     0.9301     1.0000     0.8763     0.8960     0.8373     1.0000     0.9530     0.9120     0.9049     0.8655     0.7404     0.9000     0.9366     0.9685     0.9709     0.9336     0.9028     0.7386     0.8797     0.7798     1.0000     0.9301     1.0000     0.8763     0.8960     0.8373     1.0000     0.9530     0.9120     0.9049     0.8655     0.7404     0.9000     0.9366     0.9685     0.9709     0.9336     0.9028     0.7386     0.8797     0.7798     1.0000     0.9301     1.0000     0.8763     0.8960     0.8373     1.0000     0.9530     0.9340     0.9267     0.8655     0.7404     0.9000     0.9366     0.9685     0.9709     0.9336     0.9028     0.7386     0.8797     0.7798     1.0000     0.9301     1.0000     0.8763     0.8960     0.8373     1.0000     0.9530     0.9340     0.9267     0.8655     0.7404     0.9000     0.9366     0.9685     0.9709     0.9336     0.9028     0.7386     0.8797     0.7798     1.0000     0.9301     1.0000     0.8763     0.8960     0.8373     1.0000     0.9530     0.9120     0.9049     0.8655     0.7404     0.9000     0.9366     0.9685     0.9709     0.9336     0.9028     0.7386     0.8797     0.7798     1.0000     0.9301     1.0000     0.8763     0.8960     0.8373     1.0000     0.9530     0.9449     0.9375     0.8655     0.7404     0.9000     0.9366     0.9685     0.9709     0.9336     0.9028     0.7386     0.8797     0.7798     1.0000     0.9301     1.0000     0.8763     0.8960     0.8373     1.0000     0.9530     0.9486     0.9412     0.8655     0.7404     0.9000     0.9366     0.9685     0.9709     0.9336     0.9028     0.7386     0.8797     0.7798     1.0000     0.9301     1.0000     0.8763     0.8960     0.8373     1.0000     0.9530     0.9415     0.9342     0.8655     0.7404     0.9000     0.9366     0.9685     0.9709     0.9336     0.9028     0.7386     0.8797     0.7798     1.0000     0.9301     1.0000     0.8763     0.8960     0.8373     1.0000     0.9530     0.9120     0.9049     0.8655     0.7404     0.9000     0.9366     0.9685     0.9709     0.9336     0.9028     0.7386     0.8797     0.7798     1.0000     0.9301     1.0000     0.8763     0.8960     0.8373     1.0000     0.9530     0.9417     0.9344     0.8655     0.7404     0.9000     0.9366     0.9685     0.9709     0.9336     0.9028     0.7386     0.8797     0.7798     1.0000     0.9301     1.0000     0.8763     0.8960     0.8373     1.0000     0.9530     0.9632     0.9556     0.8655     0.7404     0.9000     0.9366     0.9685     0.9709     0.9336     0.9028     0.7386     0.8797     0.7798     1.0000     0.9301     1.0000     0.8763     0.8960     0.8373     1.0000     0.9530     0.8903     0.8833     0.8655     0.7404     0.9000     0.9366     0.9685     0.9709     0.9336     0.9028     0.7386     0.8797     0.7798     1.0000     0.9301     1.0000     0.8763     0.8960     0.8373     1.0000     0.9530     0.9132     0.9061     0.8655     0.7404     0.9000     0.9366     0.9685     0.9709     0.9336     0.9028     0.7386     0.9209     0.9209     0.9209     0.9209     0.9209     0.8906     0.8359     0.9209     0.9976     0.8776     0.9336     0.9117     0.9432     0.7571     0.9494     0.9078     0.9383     0.9911     0.9269     0.9209     0.7500
09/30/2003_24:00     0.8797     0.7798     1.0000     0.9301     1.0000     0.8763     0.8960     0.8373     1.0000     0.9530     0.9486     0.9412     0.8655     0.7404     0.9000     0.9366     0.9685     0.9709     0.9336     0.9028     0.7386     0.8797     0.8200     1.0000     0.9301     1.0000     0.8763     0.8960     0.8373     1.0000     0.9530     0.9194     0.9122     0.8655     0.8200     0.9000     0.9366     0.9685     0.9709     0.9336     0.9028     0.8200     0.8797     0.7798     1.0000     0.9301     1.0000     0.8763     0.8960     0.8373     1.0000     0.9530     0.9632     0.9556     0.8655     0.7404     0.9000     0.9366     0.9685     0.9709     0.9336     0.9028     0.7386     0.8797     0.7798     1.0000     0.9301     1.0000     0.8763     0.8960     0.8373     1.0000     0.9530     0.9340     0.9267     0.8655     0.7404     0.9000     0.9366     0.9685     0.9709     0.9336     0.9028     0.7386     0.8797     0.7798     1.0000     0.9301     1.0000     0.8763     0.8960     0.8373     1.0000     0.9530     0.9514     0.9440     0.8655     0.7404     0.9000     0.9366     0.9685     0.9709     0.9336     0.9028     0.7386     0.8797     0.7798     1.0000     0.9301     1.0000     0.8763     0.8960     0.8373     1.0000     0.9530     0.9266     0.9194     0.8655     0.7404     0.9000     0.9366     0.9685     0.9709     0.9336     0.9028     0.7386     0.8797     0.7798     1.0000     0.9301     1.0000     0.8763     0.8960     0.8373     1.0000     0.9530     0.9479     0.9404     0.8655     0.7404     0.9000     0.9366     0.9685     0.9709     0.9336     0.9028     0.7386     0.8797     0.7798     1.0000     0.9301     1.0000     0.8763     0.8960     0.8373     1.0000     0.9530     0.9705     0.9629     0.8655     0.7404     0.9000     0.9366     0.9685     0.9709     0.9336     0.9028     0.7386     0.8797     0.7798     1.0000     0.9301     1.0000     0.8763     0.8960     0.8373     1.0000     0.9530     0.9705     0.9629     0.8655     0.7404     0.9000     0.9366     0.9685     0.9709     0.9336     0.9028     0.7386     0.8797     0.7798     1.0000     0.9301     1.0000     0.8763     0.8960     0.8373     1.0000     0.9530     0.9340     0.9267     0.8655     0.7404     0.9000     0.9366     0.9685     0.9709     0.9336     0.9028     0.7386     0.8797     0.7798     1.0000     0.9301     1.0000     0.8763     0.8960     0.8373     1.0000     0.9530     0.9340     0.9267     0.8655     0.7404     0.9000     0.9366     0.9685     0.9709     0.9336     0.9028     0.7386     0.8797     0.7798     1.0000     0.9301     1.0000     0.8763     0.8960     0.8373     1.0000     0.9530     0.9460     0.9386     0.8655     0.7404     0.9000     0.9366     0.9685     0.9709     0.9336     0.9028     0.7386     0.8797     0.7798     1.0000     0.9301     1.0000     0.8763     0.8960     0.8373     1.0000     0.9530     0.9449     0.9375     0.8655     0.7404     0.9000     0.9366     0.9685     0.9709     0.9336     0.9028     0.7386     0.8797     0.7798     1.0000     0.9301     1.0000     0.8763     0.8960     0.8373     1.0000     0.9530     0.9486     0.9412     0.8655     0.7404     0.9000     0.9366     0.9685     0.9709     0.9336     0.9028     0.7386     0.8797     0.7798     1.0000     0.9301     1.0000     0.8763     0.8960     0.8373     1.0000     0.9530     0.9409     0.9336     0.8655     0.7404     0.9000     0.9366     0.9685     0.9709     0.9336     0.9028     0.7386     0.8797     0.7798     1.0000     0.9301     1.0000     0.8763     0.8960     0.8373     1.0000     0.9530     0.9519     0.9445     0.8655     0.7404     0.9000     0.9366     0.9685     0.9709     0.9336     0.9028     0.7386     0.8797     0.7798     1.0000     0.9301     1.0000     0.8763     0.8960     0.8373     1.0000     0.9530     0.9407     0.9334     0.8655     0.7404     0.9000     0.9366     0.9685     0.9709     0.9336     0.9028     0.7386     0.8797     0.7798     1.0000     0.9301     1.0000     0.8763     0.8960     0.8373     1.0000     0.9530     0.9820     0.9743     0.8655     0.7404     0.9000     0.9366     0.9685     0.9709     0.9336     0.9028     0.7386     0.8797     0.7798     1.0000     0.9301     1.0000     0.8763     0.8960     0.8373     1.0000     0.9530     0.8899     0.8830     0.8655     0.7404     0.9000     0.9366     0.9685     0.9709     0.9336     0.9028     0.7386     0.8797     0.7798     1.0000     0.9301     1.0000     0.8763     0.8960     0.8373     1.0000     0.9530     0.9132     0.9061     0.8655     0.7404     0.9000     0.9366     0.9685     0.9709     0.9336     0.9028     0.7386     0.9209     0.9209     0.9209     0.9209     0.9209     0.8906     0.8359     0.9209     0.9976     0.8776     0.9336     0.9117     0.9432     0.7571     0.9494     0.9078     0.9383     0.9911     0.9269     0.9209     0.7500
09/30/2004_24:00     0.8797     0.7798     1.0000     0.9301     1.0000     0.8763     0.8960     0.8373     1.0000     0.9530     0.9486     0.9412     0.8655     0.7404     0.9000     0.9366     0.9685     0.9709     0.9336     0.9028     0.7386     0.8797     0.8200     1.0000     0.9301     1.0000     0.8763     0.8960     0.8373     1.0000     0.9530     0.9194     0.9122     0.8655     0.8200     0.9000     0.9366     0.9685     0.9709     0.9336     0.9028     0.8200     0.8797     0.7798     1.0000     0.9301     1.0000     0.8763     0.8960     0.8373     1.0000     0.9530     0.9632     0.9556     0.8655     0.7404     0.9000     0.9366     0.9685     0.9709     0.9336     0.9028     0.7386     0.8797     0.7798     1.0000     0.9301     1.0000     0.8763     0.8960     0.8373     1.0000     0.9530     0.9340     0.9267     0.8655     0.7404     0.9000     0.9366     0.9685     0.9709     0.9336     0.9028     0.7386     0.8797     0.7798     1.0000     0.9301     1.0000     0.8763     0.8960     0.8373     1.0000     0.9530     0.9498     0.9424     0.8655     0.7404     0.9000     0.9366     0.9685     0.9709     0.9336     0.9028     0.7386     0.8797     0.7798     1.0000     0.9301     1.0000     0.8763     0.8960     0.8373     1.0000     0.9530     0.9266     0.9194     0.8655     0.7404     0.9000     0.9366     0.9685     0.9709     0.9336     0.9028     0.7386     0.8797     0.7798     1.0000     0.9301     1.0000     0.8763     0.8960     0.8373     1.0000     0.9530     0.9466     0.9392     0.8655     0.7404     0.9000     0.9366     0.9685     0.9709     0.9336     0.9028     0.7386     0.8797     0.7798     1.0000     0.9301     1.0000     0.8763     0.8960     0.8373     1.0000     0.9530     0.9705     0.9629     0.8655     0.7404     0.9000     0.9366     0.9685     0.9709     0.9336     0.9028     0.7386     0.8797     0.7798     1.0000     0.9301     1.0000     0.8763     0.8960     0.8373     1.0000     0.9530     0.9705     0.9629     0.8655     0.7404     0.9000     0.9366     0.9685     0.9709     0.9336     0.9028     0.7386     0.8797     0.7798     1.0000     0.9301     1.0000     0.8763     0.8960     0.8373     1.0000     0.9530     0.9340     0.9267     0.8655     0.7404     0.9000     0.9366     0.9685     0.9709     0.9336     0.9028     0.7386     0.8797     0.7798     1.0000     0.9301     1.0000     0.8763     0.8960     0.8373     1.0000     0.9530     0.9340     0.9267     0.8655     0.7404     0.9000     0.9366     0.9685     0.9709     0.9336     0.9028     0.7386     0.8797     0.7798     1.0000     0.9301     1.0000     0.8763     0.8960     0.8373     1.0000     0.9530     0.9446     0.9372     0.8655     0.7404     0.9000     0.9366     0.9685     0.9709     0.9336     0.9028     0.7386     0.8797     0.7798     1.0000     0.9301     1.0000     0.8763     0.8960     0.8373     1.0000     0.9530     0.9449     0.9375     0.8655     0.7404     0.9000     0.9366     0.9685     0.9709     0.9336     0.9028     0.7386     0.8797     0.7798     1.0000     0.9301     1.0000     0.8763     0.8960     0.8373     1.0000     0.9530     0.9486     0.9412     0.8655     0.7404     0.9000     0.9366     0.9685     0.9709     0.9336     0.9028     0.7386     0.8797     0.7798     1.0000     0.9301     1.0000     0.8763     0.8960     0.8373     1.0000     0.9530     0.9403     0.9329     0.8655     0.7404     0.9000     0.9366     0.9685     0.9709     0.9336     0.9028     0.7386     0.8797     0.7798     1.0000     0.9301     1.0000     0.8763     0.8960     0.8373     1.0000     0.9530     0.9512     0.9438     0.8655     0.7404     0.9000     0.9366     0.9685     0.9709     0.9336     0.9028     0.7386     0.8797     0.7798     1.0000     0.9301     1.0000     0.8763     0.8960     0.8373     1.0000     0.9530     0.9398     0.9324     0.8655     0.7404     0.9000     0.9366     0.9685     0.9709     0.9336     0.9028     0.7386     0.8797     0.7798     1.0000     0.9301     1.0000     0.8763     0.8960     0.8373     1.0000     0.9530     0.9792     0.9716     0.8655     0.7404     0.9000     0.9366     0.9685     0.9709     0.9336     0.9028     0.7386     0.8797     0.7798     1.0000     0.9301     1.0000     0.8763     0.8960     0.8373     1.0000     0.9530     0.8895     0.8826     0.8655     0.7404     0.9000     0.9366     0.9685     0.9709     0.9336     0.9028     0.7386     0.8797     0.7798     1.0000     0.9301     1.0000     0.8763     0.8960     0.8373     1.0000     0.9530     0.9132     0.9061     0.8655     0.7404     0.9000     0.9366     0.9685     0.9709     0.9336     0.9028     0.7386     0.9209     0.9209     0.9209     0.9209     0.9209     0.8906     0.8359     0.9209     0.9976     0.8776     0.9336     0.9117     0.9432     0.7571     0.9494     0.9078     0.9383     0.9911     0.9269     0.9209     0.7500
09/30/2005_24:00     0.8797     0.7798     1.0000     0.9301     1.0000     0.8763     0.8960     0.8373     1.0000     0.9530     0.9486     0.9412     0.8655     0.7404     0.9000     0.9366     0.9685     0.9709     0.9336     0.9028     0.7386     0.8797     0.8200     1.0000     0.9301     1.0000     0.8763     0.8960     0.8373     1.0000     0.9530     0.9194     0.9122     0.8655     0.8200     0.9000     0.9366     0.9685     0.9709     0.9336     0.9028     0.8200     0.8797     0.7798     1.0000     0.9301     1.0000     0.8763     0.8960     0.8373     1.0000     0.9530     0.9632     0.9556     0.8655     0.7404     0.9000     0.9366     0.9685     0.9709     0.9336     0.9028     0.7386     0.8797     0.7798     1.0000     0.9301     1.0000     0.8763     0.8960     0.8373     1.0000     0.9530     0.9340     0.9267     0.8655     0.7404     0.9000     0.9366     0.9685     0.9709     0.9336     0.9028     0.7386     0.8797     0.7798     1.0000     0.9301     1.0000     0.8763     0.8960     0.8373     1.0000     0.9530     0.9483     0.9409     0.8655     0.7404     0.9000     0.9366     0.9685     0.9709     0.9336     0.9028     0.7386     0.8797     0.7798     1.0000     0.9301     1.0000     0.8763     0.8960     0.8373     1.0000     0.9530     0.9266     0.9194     0.8655     0.7404     0.9000     0.9366     0.9685     0.9709     0.9336     0.9028     0.7386     0.8797     0.7798     1.0000     0.9301     1.0000     0.8763     0.8960     0.8373     1.0000     0.9530     0.9454     0.9380     0.8655     0.7404     0.9000     0.9366     0.9685     0.9709     0.9336     0.9028     0.7386     0.8797     0.7798     1.0000     0.9301     1.0000     0.8763     0.8960     0.8373     1.0000     0.9530     0.9705     0.9629     0.8655     0.7404     0.9000     0.9366     0.9685     0.9709     0.9336     0.9028     0.7386     0.8797     0.7798     1.0000     0.9301     1.0000     0.8763     0.8960     0.8373     1.0000     0.9530     0.9705     0.9629     0.8655     0.7404     0.9000     0.9366     0.9685     0.9709     0.9336     0.9028     0.7386     0.8797     0.7798     1.0000     0.9301     1.0000     0.8763     0.8960     0.8373     1.0000     0.9530     0.9340     0.9267     0.8655     0.7404     0.9000     0.9366     0.9685     0.9709     0.9336     0.9028     0.7386     0.8797     0.7798     1.0000     0.9301     1.0000     0.8763     0.8960     0.8373     1.0000     0.9530     0.9340     0.9267     0.8655     0.7404     0.9000     0.9366     0.9685     0.9709     0.9336     0.9028     0.7386     0.8797     0.7798     1.0000     0.9301     1.0000     0.8763     0.8960     0.8373     1.0000     0.9530     0.9432     0.9358     0.8655     0.7404     0.9000     0.9366     0.9685     0.9709     0.9336     0.9028     0.7386     0.8797     0.7798     1.0000     0.9301     1.0000     0.8763     0.8960     0.8373     1.0000     0.9530     0.9449     0.9375     0.8655     0.7404     0.9000     0.9366     0.9685     0.9709     0.9336     0.9028     0.7386     0.8797     0.7798     1.0000     0.9301     1.0000     0.8763     0.8960     0.8373     1.0000     0.9530     0.9486     0.9412     0.8655     0.7404     0.9000     0.9366     0.9685     0.9709     0.9336     0.9028     0.7386     0.8797     0.7798     1.0000     0.9301     1.0000     0.8763     0.8960     0.8373     1.0000     0.9530     0.9397     0.9323     0.8655     0.7404     0.9000     0.9366     0.9685     0.9709     0.9336     0.9028     0.7386     0.8797     0.7798     1.0000     0.9301     1.0000     0.8763     0.8960     0.8373     1.0000     0.9530     0.9506     0.9432     0.8655     0.7404     0.9000     0.9366     0.9685     0.9709     0.9336     0.9028     0.7386     0.8797     0.7798     1.0000     0.9301     1.0000     0.8763     0.8960     0.8373     1.0000     0.9530     0.9389     0.9315     0.8655     0.7404     0.9000     0.9366     0.9685     0.9709     0.9336     0.9028     0.7386     0.8797     0.7798     1.0000     0.9301     1.0000     0.8763     0.8960     0.8373     1.0000     0.9530     0.9765     0.9689     0.8655     0.7404     0.9000     0.9366     0.9685     0.9709     0.9336     0.9028     0.7386     0.8797     0.7798     1.0000     0.9301     1.0000     0.8763     0.8960     0.8373     1.0000     0.9530     0.8892     0.8823     0.8655     0.7404     0.9000     0.9366     0.9685     0.9709     0.9336     0.9028     0.7386     0.8797     0.7798     1.0000     0.9301     1.0000     0.8763     0.8960     0.8373     1.0000     0.9530     0.9132     0.9061     0.8655     0.7404     0.9000     0.9366     0.9685     0.9709     0.9336     0.9028     0.7386     0.9209     0.9209     0.9209     0.9209     0.9209     0.8906     0.8359     0.9209     0.9976     0.8776     0.9336     0.9117     0.9432     0.7571     0.9494     0.9078     0.9383     0.9911     0.9269     0.9209     0.7500
09/30/2006_24:00     0.8797     0.7798     1.0000     0.9301     1.0000     0.8763     0.8960     0.8373     1.0000     0.9530     0.9120     0.9049     0.8655     0.7404     0.9000     0.9366     0.9685     0.9709     0.9336     0.9028     0.7386     0.8797     0.8200     1.0000     0.9301     1.0000     0.8763     0.8960     0.8373     1.0000     0.9530     0.9194     0.9122     0.8655     0.8200     0.9000     0.9366     0.9685     0.9709     0.9336     0.9028     0.8200     0.8797     0.7798     1.0000     0.9301     1.0000     0.8763     0.8960     0.8373     1.0000     0.9530     0.9632     0.9556     0.8655     0.7404     0.9000     0.9366     0.9685     0.9709     0.9336     0.9028     0.7386     0.8797     0.7798     1.0000     0.9301     1.0000     0.8763     0.8960     0.8373     1.0000     0.9530     0.9120     0.9049     0.8655     0.7404     0.9000     0.9366     0.9685     0.9709     0.9336     0.9028     0.7386     0.8797     0.7798     1.0000     0.9301     1.0000     0.8763     0.8960     0.8373     1.0000     0.9530     0.9466     0.9392     0.8655     0.7404     0.9000     0.9366     0.9685     0.9709     0.9336     0.9028     0.7386     0.8797     0.7798     1.0000     0.9301     1.0000     0.8763     0.8960     0.8373     1.0000     0.9530     0.9266     0.9194     0.8655     0.7404     0.9000     0.9366     0.9685     0.9709     0.9336     0.9028     0.7386     0.8797     0.7798     1.0000     0.9301     1.0000     0.8763     0.8960     0.8373     1.0000     0.9530     0.9441     0.9367     0.8655     0.7404     0.9000     0.9366     0.9685     0.9709     0.9336     0.9028     0.7386     0.8797     0.7798     1.0000     0.9301     1.0000     0.8763     0.8960     0.8373     1.0000     0.9530     0.9120     0.9049     0.8655     0.7404     0.9000     0.9366     0.9685     0.9709     0.9336     0.9028     0.7386     0.8797     0.7798     1.0000     0.9301     1.0000     0.8763     0.8960     0.8373     1.0000     0.9530     0.9120     0.9049     0.8655     0.7404     0.9000     0.9366     0.9685     0.9709     0.9336     0.9028     0.7386     0.8797     0.7798     1.0000     0.9301     1.0000     0.8763     0.8960     0.8373     1.0000     0.9530     0.9340     0.9267     0.8655     0.7404     0.9000     0.9366     0.9685     0.9709     0.9336     0.9028     0.7386     0.8797     0.7798     1.0000     0.9301     1.0000     0.8763     0.8960     0.8373     1.0000     0.9530     0.9340     0.9267     0.8655     0.7404     0.9000     0.9366     0.9685     0.9709     0.9336     0.9028     0.7386     0.8797     0.7798     1.0000     0.9301     1.0000     0.8763     0.8960     0.8373     1.0000     0.9530     0.9120     0.9049     0.8655     0.7404     0.9000     0.9366     0.9685     0.9709     0.9336     0.9028     0.7386     0.8797     0.7798     1.0000     0.9301     1.0000     0.8763     0.8960     0.8373     1.0000     0.9530     0.9449     0.9375     0.8655     0.7404     0.9000     0.9366     0.9685     0.9709     0.9336     0.9028     0.7386     0.8797     0.7798     1.0000     0.9301     1.0000     0.8763     0.8960     0.8373     1.0000     0.9530     0.9486     0.9412     0.8655     0.7404     0.9000     0.9366     0.9685     0.9709     0.9336     0.9028     0.7386     0.8797     0.7798     1.0000     0.9301     1.0000     0.8763     0.8960     0.8373     1.0000     0.9530     0.9391     0.9317     0.8655     0.7404     0.9000     0.9366     0.9685     0.9709     0.9336     0.9028     0.7386     0.8797     0.7798     1.0000     0.9301     1.0000     0.8763     0.8960     0.8373     1.0000     0.9530     0.9120     0.9049     0.8655     0.7404     0.9000     0.9366     0.9685     0.9709     0.9336     0.9028     0.7386     0.8797     0.7798     1.0000     0.9301     1.0000     0.8763     0.8960     0.8373     1.0000     0.9530     0.9378     0.9305     0.8655     0.7404     0.9000     0.9366     0.9685     0.9709     0.9336     0.9028     0.7386     0.8797     0.7798     1.0000     0.9301     1.0000     0.8763     0.8960     0.8373     1.0000     0.9530     0.9632     0.9556     0.8655     0.7404     0.9000     0.9366     0.9685     0.9709     0.9336     0.9028     0.7386     0.8797     0.7798     1.0000     0.9301     1.0000     0.8763     0.8960     0.8373     1.0000     0.9530     0.8889     0.8820     0.8655     0.7404     0.9000     0.9366     0.9685     0.9709     0.9336     0.9028     0.7386     0.8797     0.7798     1.0000     0.9301     1.0000     0.8763     0.8960     0.8373     1.0000     0.9530     0.9132     0.9061     0.8655     0.7404     0.9000     0.9366     0.9685     0.9709     0.9336     0.9028     0.7386     0.9209     0.9209     0.9209     0.9209     0.9209     0.8906     0.8359     0.9209     0.9976     0.8776     0.9336     0.9117     0.9432     0.7571     0.9494     0.9078     0.9383     0.9911     0.9269     0.9209     0.7500
09/30/2007_24:00     0.8797     0.7798     1.0000     0.9301     1.0000     0.8763     0.8960     0.8373     1.0000     0.9530     0.9120     0.9049     0.8655     0.7404     0.9000     0.9366     0.9685     0.9709     0.9336     0.9028     0.7386     0.8797     0.8200     1.0000     0.9301     1.0000     0.8763     0.8960     0.8373     1.0000     0.9530     0.9194     0.9122     0.8655     0.8200     0.9000     0.9366     0.9685     0.9709     0.9336     0.9028     0.8200     0.8797     0.7798     1.0000     0.9301     1.0000     0.8763     0.8960     0.8373     1.0000     0.9530     0.9632     0.9556     0.8655     0.7404     0.9000     0.9366     0.9685     0.9709     0.9336     0.9028     0.7386     0.8797     0.7798     1.0000     0.9301     1.0000     0.8763     0.8960     0.8373     1.0000     0.9530     0.9120     0.9049     0.8655     0.7404     0.9000     0.9366     0.9685     0.9709     0.9336     0.9028     0.7386     0.8797     0.7798     1.0000     0.9301     1.0000     0.8763     0.8960     0.8373     1.0000     0.9530     0.9450     0.9376     0.8655     0.7404     0.9000     0.9366     0.9685     0.9709     0.9336     0.9028     0.7386     0.8797     0.7798     1.0000     0.9301     1.0000     0.8763     0.8960     0.8373     1.0000     0.9530     0.9266     0.9194     0.8655     0.7404     0.9000     0.9366     0.9685     0.9709     0.9336     0.9028     0.7386     0.8797     0.7798     1.0000     0.9301     1.0000     0.8763     0.8960     0.8373     1.0000     0.9530     0.9428     0.9355     0.8655     0.7404     0.9000     0.9366     0.9685     0.9709     0.9336     0.9028     0.7386     0.8797     0.7798     1.0000     0.9301     1.0000     0.8763     0.8960     0.8373     1.0000     0.9530     0.9120     0.9049     0.8655     0.7404     0.9000     0.9366     0.9685     0.9709     0.9336     0.9028     0.7386     0.8797     0.7798     1.0000     0.9301     1.0000     0.8763     0.8960     0.8373     1.0000     0.9530     0.9120     0.9049     0.8655     0.7404     0.9000     0.9366     0.9685     0.9709     0.9336     0.9028     0.7386     0.8797     0.7798     1.0000     0.9301     1.0000     0.8763     0.8960     0.8373     1.0000     0.9530     0.9340     0.9267     0.8655     0.7404     0.9000     0.9366     0.9685     0.9709     0.9336     0.9028     0.7386     0.8797     0.7798     1.0000     0.9301     1.0000     0.8763     0.8960     0.8373     1.0000     0.9530     0.9340     0.9267     0.8655     0.7404     0.9000     0.9366     0.9685     0.9709     0.9336     0.9028     0.7386     0.8797     0.7798     1.0000     0.9301     1.0000     0.8763     0.8960     0.8373     1.0000     0.9530     0.9120     0.9049     0.8655     0.7404     0.9000     0.9366     0.9685     0.9709     0.9336     0.9028     0.7386     0.8797     0.7798     1.0000     0.9301     1.0000     0.8763     0.8960     0.8373     1.0000     0.9530     0.9449     0.9375     0.8655     0.7404     0.9000     0.9366     0.9685     0.9709     0.9336     0.9028     0.7386     0.8797     0.7798     1.0000     0.9301     1.0000     0.8763     0.8960     0.8373     1.0000     0.9530     0.9486     0.9412     0.8655     0.7404     0.9000     0.9366     0.9685     0.9709     0.9336     0.9028     0.7386     0.8797     0.7798     1.0000     0.9301     1.0000     0.8763     0.8960     0.8373     1.0000     0.9530     0.9384     0.9310     0.8655     0.7404     0.9000     0.9366     0.9685     0.9709     0.9336     0.9028     0.7386     0.8797     0.7798     1.0000     0.9301     1.0000     0.8763     0.8960     0.8373     1.0000     0.9530     0.9120     0.9049     0.8655     0.7404     0.9000     0.9366     0.9685     0.9709     0.9336     0.9028     0.7386     0.8797     0.7798     1.0000     0.9301     1.0000     0.8763     0.8960     0.8373     1.0000     0.9530     0.9369     0.9296     0.8655     0.7404     0.9000     0.9366     0.9685     0.9709     0.9336     0.9028     0.7386     0.8797     0.7798     1.0000     0.9301     1.0000     0.8763     0.8960     0.8373     1.0000     0.9530     0.9632     0.9556     0.8655     0.7404     0.9000     0.9366     0.9685     0.9709     0.9336     0.9028     0.7386     0.8797     0.7798     1.0000     0.9301     1.0000     0.8763     0.8960     0.8373     1.0000     0.9530     0.8886     0.8817     0.8655     0.7404     0.9000     0.9366     0.9685     0.9709     0.9336     0.9028     0.7386     0.8797     0.7798     1.0000     0.9301     1.0000     0.8763     0.8960     0.8373     1.0000     0.9530     0.9132     0.9061     0.8655     0.7404     0.9000     0.9366     0.9685     0.9709     0.9336     0.9028     0.7386     0.9209     0.9209     0.9209     0.9209     0.9209     0.8906     0.8359     0.9209     0.9976     0.8776     0.9336     0.9117     0.9432     0.7571     0.9494     0.9078     0.9383     0.9911     0.9269     0.9209     0.7500
09/30/2008_24:00     0.8797     0.7798     1.0000     0.9301     1.0000     0.8763     0.8960     0.8373     1.0000     0.9530     0.9486     0.9412     0.8655     0.7404     0.9000     0.9366     0.9685     0.9709     0.9336     0.9028     0.7386     0.8797     0.8200     1.0000     0.9301     1.0000     0.8763     0.8960     0.8373     1.0000     0.9530     0.9194     0.9122     0.8655     0.8200     0.9000     0.9366     0.9685     0.9709     0.9336     0.9028     0.8200     0.8797     0.7798     1.0000     0.9301     1.0000     0.8763     0.8960     0.8373     1.0000     0.9530     0.9632     0.9556     0.8655     0.7404     0.9000     0.9366     0.9685     0.9709     0.9336     0.9028     0.7386     0.8797     0.7798     1.0000     0.9301     1.0000     0.8763     0.8960     0.8373     1.0000     0.9530     0.9340     0.9267     0.8655     0.7404     0.9000     0.9366     0.9685     0.9709     0.9336     0.9028     0.7386     0.8797     0.7798     1.0000     0.9301     1.0000     0.8763     0.8960     0.8373     1.0000     0.9530     0.9435     0.9361     0.8655     0.7404     0.9000     0.9366     0.9685     0.9709     0.9336     0.9028     0.7386     0.8797     0.7798     1.0000     0.9301     1.0000     0.8763     0.8960     0.8373     1.0000     0.9530     0.9266     0.9194     0.8655     0.7404     0.9000     0.9366     0.9685     0.9709     0.9336     0.9028     0.7386     0.8797     0.7798     1.0000     0.9301     1.0000     0.8763     0.8960     0.8373     1.0000     0.9530     0.9415     0.9342     0.8655     0.7404     0.9000     0.9366     0.9685     0.9709     0.9336     0.9028     0.7386     0.8797     0.7798     1.0000     0.9301     1.0000     0.8763     0.8960     0.8373     1.0000     0.9530     0.9705     0.9629     0.8655     0.7404     0.9000     0.9366     0.9685     0.9709     0.9336     0.9028     0.7386     0.8797     0.7798     1.0000     0.9301     1.0000     0.8763     0.8960     0.8373     1.0000     0.9530     0.9705     0.9629     0.8655     0.7404     0.9000     0.9366     0.9685     0.9709     0.9336     0.9028     0.7386     0.8797     0.7798     1.0000     0.9301     1.0000     0.8763     0.8960     0.8373     1.0000     0.9530     0.9340     0.9267     0.8655     0.7404     0.9000     0.9366     0.9685     0.9709     0.9336     0.9028     0.7386     0.8797     0.7798     1.0000     0.9301     1.0000     0.8763     0.8960     0.8373     1.0000     0.9530     0.9340     0.9267     0.8655     0.7404     0.9000     0.9366     0.9685     0.9709     0.9336     0.9028     0.7386     0.8797     0.7798     1.0000     0.9301     1.0000     0.8763     0.8960     0.8373     1.0000     0.9530     0.9389     0.9315     0.8655     0.7404     0.9000     0.9366     0.9685     0.9709     0.9336     0.9028     0.7386     0.8797     0.7798     1.0000     0.9301     1.0000     0.8763     0.8960     0.8373     1.0000     0.9530     0.9449     0.9375     0.8655     0.7404     0.9000     0.9366     0.9685     0.9709     0.9336     0.9028     0.7386     0.8797     0.7798     1.0000     0.9301     1.0000     0.8763     0.8960     0.8373     1.0000     0.9530     0.9486     0.9412     0.8655     0.7404     0.9000     0.9366     0.9685     0.9709     0.9336     0.9028     0.7386     0.8797     0.7798     1.0000     0.9301     1.0000     0.8763     0.8960     0.8373     1.0000     0.9530     0.9377     0.9304     0.8655     0.7404     0.9000     0.9366     0.9685     0.9709     0.9336     0.9028     0.7386     0.8797     0.7798     1.0000     0.9301     1.0000     0.8763     0.8960     0.8373     1.0000     0.9530     0.9487     0.9413     0.8655     0.7404     0.9000     0.9366     0.9685     0.9709     0.9336     0.9028     0.7386     0.8797     0.7798     1.0000     0.9301     1.0000     0.8763     0.8960     0.8373     1.0000     0.9530     0.9360     0.9287     0.8655     0.7404     0.9000     0.9366     0.9685     0.9709     0.9336     0.9028     0.7386     0.8797     0.7798     1.0000     0.9301     1.0000     0.8763     0.8960     0.8373     1.0000     0.9530     0.9685     0.9609     0.8655     0.7404     0.9000     0.9366     0.9685     0.9709     0.9336     0.9028     0.7386     0.8797     0.7798     1.0000     0.9301     1.0000     0.8763     0.8960     0.8373     1.0000     0.9530     0.8883     0.8814     0.8655     0.7404     0.9000     0.9366     0.9685     0.9709     0.9336     0.9028     0.7386     0.8797     0.7798     1.0000     0.9301     1.0000     0.8763     0.8960     0.8373     1.0000     0.9530     0.9132     0.9061     0.8655     0.7404     0.9000     0.9366     0.9685     0.9709     0.9336     0.9028     0.7386     0.9209     0.9209     0.9209     0.9209     0.9209     0.8906     0.8359     0.9209     0.9976     0.8776     0.9336     0.9117     0.9432     0.7571     0.9494     0.9078     0.9383     0.9911     0.9269     0.9209     0.7500
09/30/2009_24:00     0.8797     0.7798     1.0000     0.9301     1.0000     0.8763     0.8960     0.8373     1.0000     0.9530     0.9486     0.9412     0.8655     0.7404     0.9000     0.9366     0.9685     0.9709     0.9336     0.9028     0.7386     0.8797     0.8200     1.0000     0.9301     1.0000     0.8763     0.8960     0.8373     1.0000     0.9530     0.9194     0.9122     0.8655     0.8200     0.9000     0.9366     0.9685     0.9709     0.9336     0.9028     0.8200     0.8797     0.7798     1.0000     0.9301     1.0000     0.8763     0.8960     0.8373     1.0000     0.9530     0.9632     0.9556     0.8655     0.7404     0.9000     0.9366     0.9685     0.9709     0.9336     0.9028     0.7386     0.8797     0.7798     1.0000     0.9301     1.0000     0.8763     0.8960     0.8373     1.0000     0.9530     0.9340     0.9267     0.8655     0.7404     0.9000     0.9366     0.9685     0.9709     0.9336     0.9028     0.7386     0.8797     0.7798     1.0000     0.9301     1.0000     0.8763     0.8960     0.8373     1.0000     0.9530     0.9419     0.9346     0.8655     0.7404     0.9000     0.9366     0.9685     0.9709     0.9336     0.9028     0.7386     0.8797     0.7798     1.0000     0.9301     1.0000     0.8763     0.8960     0.8373     1.0000     0.9530     0.9266     0.9194     0.8655     0.7404     0.9000     0.9366     0.9685     0.9709     0.9336     0.9028     0.7386     0.8797     0.7798     1.0000     0.9301     1.0000     0.8763     0.8960     0.8373     1.0000     0.9530     0.9403     0.9329     0.8655     0.7404     0.9000     0.9366     0.9685     0.9709     0.9336     0.9028     0.7386     0.8797     0.7798     1.0000     0.9301     1.0000     0.8763     0.8960     0.8373     1.0000     0.9530     0.9705     0.9629     0.8655     0.7404     0.9000     0.9366     0.9685     0.9709     0.9336     0.9028     0.7386     0.8797     0.7798     1.0000     0.9301     1.0000     0.8763     0.8960     0.8373     1.0000     0.9530     0.9705     0.9629     0.8655     0.7404     0.9000     0.9366     0.9685     0.9709     0.9336     0.9028     0.7386     0.8797     0.7798     1.0000     0.9301     1.0000     0.8763     0.8960     0.8373     1.0000     0.9530     0.9340     0.9267     0.8655     0.7404     0.9000     0.9366     0.9685     0.9709     0.9336     0.9028     0.7386     0.8797     0.7798     1.0000     0.9301     1.0000     0.8763     0.8960     0.8373     1.0000     0.9530     0.9340     0.9267     0.8655     0.7404     0.9000     0.9366     0.9685     0.9709     0.9336     0.9028     0.7386     0.8797     0.7798     1.0000     0.9301     1.0000     0.8763     0.8960     0.8373     1.0000     0.9530     0.9374     0.9301     0.8655     0.7404     0.9000     0.9366     0.9685     0.9709     0.9336     0.9028     0.7386     0.8797     0.7798     1.0000     0.9301     1.0000     0.8763     0.8960     0.8373     1.0000     0.9530     0.9449     0.9375     0.8655     0.7404     0.9000     0.9366     0.9685     0.9709     0.9336     0.9028     0.7386     0.8797     0.7798     1.0000     0.9301     1.0000     0.8763     0.8960     0.8373     1.0000     0.9530     0.9486     0.9412     0.8655     0.7404     0.9000     0.9366     0.9685     0.9709     0.9336     0.9028     0.7386     0.8797     0.7798     1.0000     0.9301     1.0000     0.8763     0.8960     0.8373     1.0000     0.9530     0.9370     0.9297     0.8655     0.7404     0.9000     0.9366     0.9685     0.9709     0.9336     0.9028     0.7386     0.8797     0.7798     1.0000     0.9301     1.0000     0.8763     0.8960     0.8373     1.0000     0.9530     0.9481     0.9406     0.8655     0.7404     0.9000     0.9366     0.9685     0.9709     0.9336     0.9028     0.7386     0.8797     0.7798     1.0000     0.9301     1.0000     0.8763     0.8960     0.8373     1.0000     0.9530     0.9350     0.9277     0.8655     0.7404     0.9000     0.9366     0.9685     0.9709     0.9336     0.9028     0.7386     0.8797     0.7798     1.0000     0.9301     1.0000     0.8763     0.8960     0.8373     1.0000     0.9530     0.9657     0.9582     0.8655     0.7404     0.9000     0.9366     0.9685     0.9709     0.9336     0.9028     0.7386     0.8797     0.7798     1.0000     0.9301     1.0000     0.8763     0.8960     0.8373     1.0000     0.9530     0.8880     0.8811     0.8655     0.7404     0.9000     0.9366     0.9685     0.9709     0.9336     0.9028     0.7386     0.8797     0.7798     1.0000     0.9301     1.0000     0.8763     0.8960     0.8373     1.0000     0.9530     0.9132     0.9061     0.8655     0.7404     0.9000     0.9366     0.9685     0.9709     0.9336     0.9028     0.7386     0.9209     0.9209     0.9209     0.9209     0.9209     0.8906     0.8359     0.9209     0.9976     0.8776     0.9336     0.9117     0.9432     0.7571     0.9494     0.9078     0.9383     0.9911     0.9269     0.9209     0.7500
09/30/2011_24:00     0.8797     0.7798     1.0000     0.9301     1.0000     0.8763     0.8960     0.8373     1.0000     0.9530     0.9486     0.9412     0.8655     0.7404     0.9000     0.9366     0.9685     0.9709     0.9336     0.9028     0.7386     0.8797     0.8200     1.0000     0.9301     1.0000     0.8763     0.8960     0.8373     1.0000     0.9530     0.9194     0.9122     0.8655     0.8200     0.9000     0.9366     0.9685     0.9709     0.9336     0.9028     0.8200     0.8797     0.7798     1.0000     0.9301     1.0000     0.8763     0.8960     0.8373     1.0000     0.9530     0.9632     0.9556     0.8655     0.7404     0.9000     0.9366     0.9685     0.9709     0.9336     0.9028     0.7386     0.8797     0.7798     1.0000     0.9301     1.0000     0.8763     0.8960     0.8373     1.0000     0.9530     0.9340     0.9267     0.8655     0.7404     0.9000     0.9366     0.9685     0.9709     0.9336     0.9028     0.7386     0.8797     0.7798     1.0000     0.9301     1.0000     0.8763     0.8960     0.8373     1.0000     0.9530     0.9403     0.9329     0.8655     0.7404     0.9000     0.9366     0.9685     0.9709     0.9336     0.9028     0.7386     0.8797     0.7798     1.0000     0.9301     1.0000     0.8763     0.8960     0.8373     1.0000     0.9530     0.9266     0.9194     0.8655     0.7404     0.9000     0.9366     0.9685     0.9709     0.9336     0.9028     0.7386     0.8797     0.7798     1.0000     0.9301     1.0000     0.8763     0.8960     0.8373     1.0000     0.9530     0.9391     0.9317     0.8655     0.7404     0.9000     0.9366     0.9685     0.9709     0.9336     0.9028     0.7386     0.8797     0.7798     1.0000     0.9301     1.0000     0.8763     0.8960     0.8373     1.0000     0.9530     0.9705     0.9629     0.8655     0.7404     0.9000     0.9366     0.9685     0.9709     0.9336     0.9028     0.7386     0.8797     0.7798     1.0000     0.9301     1.0000     0.8763     0.8960     0.8373     1.0000     0.9530     0.9705     0.9629     0.8655     0.7404     0.9000     0.9366     0.9685     0.9709     0.9336     0.9028     0.7386     0.8797     0.7798     1.0000     0.9301     1.0000     0.8763     0.8960     0.8373     1.0000     0.9530     0.9340     0.9267     0.8655     0.7404     0.9000     0.9366     0.9685     0.9709     0.9336     0.9028     0.7386     0.8797     0.7798     1.0000     0.9301     1.0000     0.8763     0.8960     0.8373     1.0000     0.9530     0.9340     0.9267     0.8655     0.7404     0.9000     0.9366     0.9685     0.9709     0.9336     0.9028     0.7386     0.8797     0.7798     1.0000     0.9301     1.0000     0.8763     0.8960     0.8373     1.0000     0.9530     0.9360     0.9287     0.8655     0.7404     0.9000     0.9366     0.9685     0.9709     0.9336     0.9028     0.7386     0.8797     0.7798     1.0000     0.9301     1.0000     0.8763     0.8960     0.8373     1.0000     0.9530     0.9449     0.9375     0.8655     0.7404     0.9000     0.9366     0.9685     0.9709     0.9336     0.9028     0.7386     0.8797     0.7798     1.0000     0.9301     1.0000     0.8763     0.8960     0.8373     1.0000     0.9530     0.9486     0.9412     0.8655     0.7404     0.9000     0.9366     0.9685     0.9709     0.9336     0.9028     0.7386     0.8797     0.7798     1.0000     0.9301     1.0000     0.8763     0.8960     0.8373     1.0000     0.9530     0.9365     0.9292     0.8655     0.7404     0.9000     0.9366     0.9685     0.9709     0.9336     0.9028     0.7386     0.8797     0.7798     1.0000     0.9301     1.0000     0.8763     0.8960     0.8373     1.0000     0.9530     0.9474     0.9400     0.8655     0.7404     0.9000     0.9366     0.9685     0.9709     0.9336     0.9028     0.7386     0.8797     0.7798     1.0000     0.9301     1.0000     0.8763     0.8960     0.8373     1.0000     0.9530     0.9341     0.9268     0.8655     0.7404     0.9000     0.9366     0.9685     0.9709     0.9336     0.9028     0.7386     0.8797     0.7798     1.0000     0.9301     1.0000     0.8763     0.8960     0.8373     1.0000     0.9530     0.9631     0.9555     0.8655     0.7404     0.9000     0.9366     0.9685     0.9709     0.9336     0.9028     0.7386     0.8797     0.7798     1.0000     0.9301     1.0000     0.8763     0.8960     0.8373     1.0000     0.9530     0.8877     0.8808     0.8655     0.7404     0.9000     0.9366     0.9685     0.9709     0.9336     0.9028     0.7386     0.8797     0.7798     1.0000     0.9301     1.0000     0.8763     0.8960     0.8373     1.0000     0.9530     0.9132     0.9061     0.8655     0.7404     0.9000     0.9366     0.9685     0.9709     0.9336     0.9028     0.7386     0.9209     0.9209     0.9209     0.9209     0.9209     0.8906     0.8359     0.9209     0.9976     0.8776     0.9336     0.9117     0.9432     0.7571     0.9494     0.9078     0.9383     0.9911     0.9269     0.9209     0.7500
09/30/2012_24:00     0.8797     0.7798     1.0000     0.9301     1.0000     0.8763     0.8960     0.8373     1.0000     0.9530     0.8681     0.8613     0.8655     0.7404     0.9000     0.9366     0.9685     0.9709     0.9336     0.9028     0.7386     0.8797     0.8200     1.0000     0.9301     1.0000     0.8763     0.8960     0.8373     1.0000     0.9530     0.9194     0.9122     0.8655     0.8200     0.9000     0.9366     0.9685     0.9709     0.9336     0.9028     0.8200     0.8797     0.7798     1.0000     0.9301     1.0000     0.8763     0.8960     0.8373     1.0000     0.9530     0.9632     0.9556     0.8655     0.7404     0.9000     0.9366     0.9685     0.9709     0.9336     0.9028     0.7386     0.8797     0.7798     1.0000     0.9301     1.0000     0.8763     0.8960     0.8373     1.0000     0.9530     0.8681     0.8613     0.8655     0.7404     0.9000     0.9366     0.9685     0.9709     0.9336     0.9028     0.7386     0.8797     0.7798     1.0000     0.9301     1.0000     0.8763     0.8960     0.8373     1.0000     0.9530     0.9387     0.9313     0.8655     0.7404     0.9000     0.9366     0.9685     0.9709     0.9336     0.9028     0.7386     0.8797     0.7798     1.0000     0.9301     1.0000     0.8763     0.8960     0.8373     1.0000     0.9530     0.9266     0.9194     0.8655     0.7404     0.9000     0.9366     0.9685     0.9709     0.9336     0.9028     0.7386     0.8797     0.7798     1.0000     0.9301     1.0000     0.8763     0.8960     0.8373     1.0000     0.9530     0.8681     0.8613     0.8655     0.7404     0.9000     0.9366     0.9685     0.9709     0.9336     0.9028     0.7386     0.8797     0.7798     1.0000     0.9301     1.0000     0.8763     0.8960     0.8373     1.0000     0.9530     0.8681     0.8613     0.8655     0.7404     0.9000     0.9366     0.9685     0.9709     0.9336     0.9028     0.7386     0.8797     0.7798     1.0000     0.9301     1.0000     0.8763     0.8960     0.8373     1.0000     0.9530     0.8828     0.8759     0.8655     0.7404     0.9000     0.9366     0.9685     0.9709     0.9336     0.9028     0.7386     0.8797     0.7798     1.0000     0.9301     1.0000     0.8763     0.8960     0.8373     1.0000     0.9530     0.9340     0.9267     0.8655     0.7404     0.9000     0.9366     0.9685     0.9709     0.9336     0.9028     0.7386     0.8797     0.7798     1.0000     0.9301     1.0000     0.8763     0.8960     0.8373     1.0000     0.9530     0.9340     0.9267     0.8655     0.7404     0.9000     0.9366     0.9685     0.9709     0.9336     0.9028     0.7386     0.8797     0.7798     1.0000     0.9301     1.0000     0.8763     0.8960     0.8373     1.0000     0.9530     0.8681     0.8613     0.8655     0.7404     0.9000     0.9366     0.9685     0.9709     0.9336     0.9028     0.7386     0.8797     0.7798     1.0000     0.9301     1.0000     0.8763     0.8960     0.8373     1.0000     0.9530     0.9449     0.9375     0.8655     0.7404     0.9000     0.9366     0.9685     0.9709     0.9336     0.9028     0.7386     0.8797     0.7798     1.0000     0.9301     1.0000     0.8763     0.8960     0.8373     1.0000     0.9530     0.9486     0.9412     0.8655     0.7404     0.9000     0.9366     0.9685     0.9709     0.9336     0.9028     0.7386     0.8797     0.7798     1.0000     0.9301     1.0000     0.8763     0.8960     0.8373     1.0000     0.9530     0.8681     0.8613     0.8655     0.7404     0.9000     0.9366     0.9685     0.9709     0.9336     0.9028     0.7386     0.8797     0.7798     1.0000     0.9301     1.0000     0.8763     0.8960     0.8373     1.0000     0.9530     0.8828     0.8759     0.8655     0.7404     0.9000     0.9366     0.9685     0.9709     0.9336     0.9028     0.7386     0.8797     0.7798     1.0000     0.9301     1.0000     0.8763     0.8960     0.8373     1.0000     0.9530     0.8681     0.8613     0.8655     0.7404     0.9000     0.9366     0.9685     0.9709     0.9336     0.9028     0.7386     0.8797     0.7798     1.0000     0.9301     1.0000     0.8763     0.8960     0.8373     1.0000     0.9530     0.8974     0.8904     0.8655     0.7404     0.9000     0.9366     0.9685     0.9709     0.9336     0.9028     0.7386     0.8797     0.7798     1.0000     0.9301     1.0000     0.8763     0.8960     0.8373     1.0000     0.9530     0.8389     0.8323     0.8655     0.7404     0.9000     0.9366     0.9685     0.9709     0.9336     0.9028     0.7386     0.8797     0.7798     1.0000     0.9301     1.0000     0.8763     0.8960     0.8373     1.0000     0.9530     0.9132     0.9061     0.8655     0.7404     0.9000     0.9366     0.9685     0.9709     0.9336     0.9028     0.7386     0.9209     0.9209     0.9209     0.9209     0.9209     0.8906     0.8359     0.9209     0.9976     0.8776     0.9336     0.9117     0.9432     0.7571     0.9494     0.9078     0.9383     0.9911     0.9269     0.9209     0.7500
09/30/2013_24:00     0.8797     0.7798     1.0000     0.9301     1.0000     0.8763     0.8960     0.8373     1.0000     0.9530     0.8681     0.8613     0.8655     0.7404     0.9000     0.9366     0.9685     0.9709     0.9336     0.9028     0.7386     0.8797     0.8200     1.0000     0.9301     1.0000     0.8763     0.8960     0.8373     1.0000     0.9530     0.9194     0.9122     0.8655     0.8200     0.9000     0.9366     0.9685     0.9709     0.9336     0.9028     0.8200     0.8797     0.7798     1.0000     0.9301     1.0000     0.8763     0.8960     0.8373     1.0000     0.9530     0.9632     0.9556     0.8655     0.7404     0.9000     0.9366     0.9685     0.9709     0.9336     0.9028     0.7386     0.8797     0.7798     1.0000     0.9301     1.0000     0.8763     0.8960     0.8373     1.0000     0.9530     0.8681     0.8613     0.8655     0.7404     0.9000     0.9366     0.9685     0.9709     0.9336     0.9028     0.7386     0.8797     0.7798     1.0000     0.9301     1.0000     0.8763     0.8960     0.8373     1.0000     0.9530     0.9370     0.9297     0.8655     0.7404     0.9000     0.9366     0.9685     0.9709     0.9336     0.9028     0.7386     0.8797     0.7798     1.0000     0.9301     1.0000     0.8763     0.8960     0.8373     1.0000     0.9530     0.9266     0.9194     0.8655     0.7404     0.9000     0.9366     0.9685     0.9709     0.9336     0.9028     0.7386     0.8797     0.7798     1.0000     0.9301     1.0000     0.8763     0.8960     0.8373     1.0000     0.9530     0.8681     0.8613     0.8655     0.7404     0.9000     0.9366     0.9685     0.9709     0.9336     0.9028     0.7386     0.8797     0.7798     1.0000     0.9301     1.0000     0.8763     0.8960     0.8373     1.0000     0.9530     0.8681     0.8613     0.8655     0.7404     0.9000     0.9366     0.9685     0.9709     0.9336     0.9028     0.7386     0.8797     0.7798     1.0000     0.9301     1.0000     0.8763     0.8960     0.8373     1.0000     0.9530     0.8828     0.8759     0.8655     0.7404     0.9000     0.9366     0.9685     0.9709     0.9336     0.9028     0.7386     0.8797     0.7798     1.0000     0.9301     1.0000     0.8763     0.8960     0.8373     1.0000     0.9530     0.9340     0.9267     0.8655     0.7404     0.9000     0.9366     0.9685     0.9709     0.9336     0.9028     0.7386     0.8797     0.7798     1.0000     0.9301     1.0000     0.8763     0.8960     0.8373     1.0000     0.9530     0.9340     0.9267     0.8655     0.7404     0.9000     0.9366     0.9685     0.9709     0.9336     0.9028     0.7386     0.8797     0.7798     1.0000     0.9301     1.0000     0.8763     0.8960     0.8373     1.0000     0.9530     0.8681     0.8613     0.8655     0.7404     0.9000     0.9366     0.9685     0.9709     0.9336     0.9028     0.7386     0.8797     0.7798     1.0000     0.9301     1.0000     0.8763     0.8960     0.8373     1.0000     0.9530     0.9449     0.9375     0.8655     0.7404     0.9000     0.9366     0.9685     0.9709     0.9336     0.9028     0.7386     0.8797     0.7798     1.0000     0.9301     1.0000     0.8763     0.8960     0.8373     1.0000     0.9530     0.9486     0.9412     0.8655     0.7404     0.9000     0.9366     0.9685     0.9709     0.9336     0.9028     0.7386     0.8797     0.7798     1.0000     0.9301     1.0000     0.8763     0.8960     0.8373     1.0000     0.9530     0.8681     0.8613     0.8655     0.7404     0.9000     0.9366     0.9685     0.9709     0.9336     0.9028     0.7386     0.8797     0.7798     1.0000     0.9301     1.0000     0.8763     0.8960     0.8373     1.0000     0.9530     0.8828     0.8759     0.8655     0.7404     0.9000     0.9366     0.9685     0.9709     0.9336     0.9028     0.7386     0.8797     0.7798     1.0000     0.9301     1.0000     0.8763     0.8960     0.8373     1.0000     0.9530     0.8681     0.8613     0.8655     0.7404     0.9000     0.9366     0.9685     0.9709     0.9336     0.9028     0.7386     0.8797     0.7798     1.0000     0.9301     1.0000     0.8763     0.8960     0.8373     1.0000     0.9530     0.8974     0.8904     0.8655     0.7404     0.9000     0.9366     0.9685     0.9709     0.9336     0.9028     0.7386     0.8797     0.7798     1.0000     0.9301     1.0000     0.8763     0.8960     0.8373     1.0000     0.9530     0.8389     0.8323     0.8655     0.7404     0.9000     0.9366     0.9685     0.9709     0.9336     0.9028     0.7386     0.8797     0.7798     1.0000     0.9301     1.0000     0.8763     0.8960     0.8373     1.0000     0.9530     0.9132     0.9061     0.8655     0.7404     0.9000     0.9366     0.9685     0.9709     0.9336     0.9028     0.7386     0.9209     0.9209     0.9209     0.9209     0.9209     0.8906     0.8359     0.9209     0.9976     0.8776     0.9336     0.9117     0.9432     0.7571     0.9494     0.9078     0.9383     0.9911     0.9269     0.9209     0.7500
09/30/2014_24:00     0.8797     0.7798     1.0000     0.9301     1.0000     0.8763     0.8960     0.8373     1.0000     0.9530     0.8681     0.8613     0.8655     0.7404     0.9000     0.9366     0.9685     0.9709     0.9336     0.9028     0.7386     0.8797     0.8200     1.0000     0.9301     1.0000     0.8763     0.8960     0.8373     1.0000     0.9530     0.9194     0.9122     0.8655     0.8200     0.9000     0.9366     0.9685     0.9709     0.9336     0.9028     0.8200     0.8797     0.7798     1.0000     0.9301     1.0000     0.8763     0.8960     0.8373     1.0000     0.9530     0.9632     0.9556     0.8655     0.7404     0.9000     0.9366     0.9685     0.9709     0.9336     0.9028     0.7386     0.8797     0.7798     1.0000     0.9301     1.0000     0.8763     0.8960     0.8373     1.0000     0.9530     0.8681     0.8613     0.8655     0.7404     0.9000     0.9366     0.9685     0.9709     0.9336     0.9028     0.7386     0.8797     0.7798     1.0000     0.9301     1.0000     0.8763     0.8960     0.8373     1.0000     0.9530     0.9355     0.9282     0.8655     0.7404     0.9000     0.9366     0.9685     0.9709     0.9336     0.9028     0.7386     0.8797     0.7798     1.0000     0.9301     1.0000     0.8763     0.8960     0.8373     1.0000     0.9530     0.9266     0.9194     0.8655     0.7404     0.9000     0.9366     0.9685     0.9709     0.9336     0.9028     0.7386     0.8797     0.7798     1.0000     0.9301     1.0000     0.8763     0.8960     0.8373     1.0000     0.9530     0.8681     0.8613     0.8655     0.7404     0.9000     0.9366     0.9685     0.9709     0.9336     0.9028     0.7386     0.8797     0.7798     1.0000     0.9301     1.0000     0.8763     0.8960     0.8373     1.0000     0.9530     0.8681     0.8613     0.8655     0.7404     0.9000     0.9366     0.9685     0.9709     0.9336     0.9028     0.7386     0.8797     0.7798     1.0000     0.9301     1.0000     0.8763     0.8960     0.8373     1.0000     0.9530     0.8828     0.8759     0.8655     0.7404     0.9000     0.9366     0.9685     0.9709     0.9336     0.9028     0.7386     0.8797     0.7798     1.0000     0.9301     1.0000     0.8763     0.8960     0.8373     1.0000     0.9530     0.9340     0.9267     0.8655     0.7404     0.9000     0.9366     0.9685     0.9709     0.9336     0.9028     0.7386     0.8797     0.7798     1.0000     0.9301     1.0000     0.8763     0.8960     0.8373     1.0000     0.9530     0.9340     0.9267     0.8655     0.7404     0.9000     0.9366     0.9685     0.9709     0.9336     0.9028     0.7386     0.8797     0.7798     1.0000     0.9301     1.0000     0.8763     0.8960     0.8373     1.0000     0.9530     0.8681     0.8613     0.8655     0.7404     0.9000     0.9366     0.9685     0.9709     0.9336     0.9028     0.7386     0.8797     0.7798     1.0000     0.9301     1.0000     0.8763     0.8960     0.8373     1.0000     0.9530     0.9449     0.9375     0.8655     0.7404     0.9000     0.9366     0.9685     0.9709     0.9336     0.9028     0.7386     0.8797     0.7798     1.0000     0.9301     1.0000     0.8763     0.8960     0.8373     1.0000     0.9530     0.9486     0.9412     0.8655     0.7404     0.9000     0.9366     0.9685     0.9709     0.9336     0.9028     0.7386     0.8797     0.7798     1.0000     0.9301     1.0000     0.8763     0.8960     0.8373     1.0000     0.9530     0.8681     0.8613     0.8655     0.7404     0.9000     0.9366     0.9685     0.9709     0.9336     0.9028     0.7386     0.8797     0.7798     1.0000     0.9301     1.0000     0.8763     0.8960     0.8373     1.0000     0.9530     0.8828     0.8759     0.8655     0.7404     0.9000     0.9366     0.9685     0.9709     0.9336     0.9028     0.7386     0.8797     0.7798     1.0000     0.9301     1.0000     0.8763     0.8960     0.8373     1.0000     0.9530     0.8681     0.8613     0.8655     0.7404     0.9000     0.9366     0.9685     0.9709     0.9336     0.9028     0.7386     0.8797     0.7798     1.0000     0.9301     1.0000     0.8763     0.8960     0.8373     1.0000     0.9530     0.8974     0.8904     0.8655     0.7404     0.9000     0.9366     0.9685     0.9709     0.9336     0.9028     0.7386     0.8797     0.7798     1.0000     0.9301     1.0000     0.8763     0.8960     0.8373     1.0000     0.9530     0.8389     0.8323     0.8655     0.7404     0.9000     0.9366     0.9685     0.9709     0.9336     0.9028     0.7386     0.8797     0.7798     1.0000     0.9301     1.0000     0.8763     0.8960     0.8373     1.0000     0.9530     0.9132     0.9061     0.8655     0.7404     0.9000     0.9366     0.9685     0.9709     0.9336     0.9028     0.7386     0.9209     0.9209     0.9209     0.9209     0.9209     0.8906     0.8359     0.9209     0.9976     0.8776     0.9336     0.9117     0.9432     0.7571     0.9494     0.9078     0.9383     0.9911     0.9269     0.9209     0.7500
09/30/2015_24:00     0.8797     0.7798     1.0000     0.9301     1.0000     0.8763     0.8960     0.8373     1.0000     0.9530     0.8681     0.8613     0.8655     0.7404     0.9000     0.9366     0.9685     0.9709     0.9336     0.9028     0.7386     0.8797     0.8200     1.0000     0.9301     1.0000     0.8763     0.8960     0.8373     1.0000     0.9530     0.9194     0.9122     0.8655     0.8200     0.9000     0.9366     0.9685     0.9709     0.9336     0.9028     0.8200     0.8797     0.7798     1.0000     0.9301     1.0000     0.8763     0.8960     0.8373     1.0000     0.9530     0.9632     0.9556     0.8655     0.7404     0.9000     0.9366     0.9685     0.9709     0.9336     0.9028     0.7386     0.8797     0.7798     1.0000     0.9301     1.0000     0.8763     0.8960     0.8373     1.0000     0.9530     0.8681     0.8613     0.8655     0.7404     0.9000     0.9366     0.9685     0.9709     0.9336     0.9028     0.7386     0.8797     0.7798     1.0000     0.9301     1.0000     0.8763     0.8960     0.8373     1.0000     0.9530     0.9120     0.9049     0.8655     0.7404     0.9000     0.9366     0.9685     0.9709     0.9336     0.9028     0.7386     0.8797     0.7798     1.0000     0.9301     1.0000     0.8763     0.8960     0.8373     1.0000     0.9530     0.9266     0.9194     0.8655     0.7404     0.9000     0.9366     0.9685     0.9709     0.9336     0.9028     0.7386     0.8797     0.7798     1.0000     0.9301     1.0000     0.8763     0.8960     0.8373     1.0000     0.9530     0.8681     0.8613     0.8655     0.7404     0.9000     0.9366     0.9685     0.9709     0.9336     0.9028     0.7386     0.8797     0.7798     1.0000     0.9301     1.0000     0.8763     0.8960     0.8373     1.0000     0.9530     0.8681     0.8613     0.8655     0.7404     0.9000     0.9366     0.9685     0.9709     0.9336     0.9028     0.7386     0.8797     0.7798     1.0000     0.9301     1.0000     0.8763     0.8960     0.8373     1.0000     0.9530     0.8828     0.8759     0.8655     0.7404     0.9000     0.9366     0.9685     0.9709     0.9336     0.9028     0.7386     0.8797     0.7798     1.0000     0.9301     1.0000     0.8763     0.8960     0.8373     1.0000     0.9530     0.9340     0.9267     0.8655     0.7404     0.9000     0.9366     0.9685     0.9709     0.9336     0.9028     0.7386     0.8797     0.7798     1.0000     0.9301     1.0000     0.8763     0.8960     0.8373     1.0000     0.9530     0.9340     0.9267     0.8655     0.7404     0.9000     0.9366     0.9685     0.9709     0.9336     0.9028     0.7386     0.8797     0.7798     1.0000     0.9301     1.0000     0.8763     0.8960     0.8373     1.0000     0.9530     0.8681     0.8613     0.8655     0.7404     0.9000     0.9366     0.9685     0.9709     0.9336     0.9028     0.7386     0.8797     0.7798     1.0000     0.9301     1.0000     0.8763     0.8960     0.8373     1.0000     0.9530     0.9449     0.9375     0.8655     0.7404     0.9000     0.9366     0.9685     0.9709     0.9336     0.9028     0.7386     0.8797     0.7798     1.0000     0.9301     1.0000     0.8763     0.8960     0.8373     1.0000     0.9530     0.9486     0.9412     0.8655     0.7404     0.9000     0.9366     0.9685     0.9709     0.9336     0.9028     0.7386     0.8797     0.7798     1.0000     0.9301     1.0000     0.8763     0.8960     0.8373     1.0000     0.9530     0.8681     0.8613     0.8655     0.7404     0.9000     0.9366     0.9685     0.9709     0.9336     0.9028     0.7386     0.8797     0.7798     1.0000     0.9301     1.0000     0.8763     0.8960     0.8373     1.0000     0.9530     0.8828     0.8759     0.8655     0.7404     0.9000     0.9366     0.9685     0.9709     0.9336     0.9028     0.7386     0.8797     0.7798     1.0000     0.9301     1.0000     0.8763     0.8960     0.8373     1.0000     0.9530     0.8681     0.8613     0.8655     0.7404     0.9000     0.9366     0.9685     0.9709     0.9336     0.9028     0.7386     0.8797     0.7798     1.0000     0.9301     1.0000     0.8763     0.8960     0.8373     1.0000     0.9530     0.8974     0.8904     0.8855     0.7404     0.9000     0.9366     0.9685     0.9709     0.9336     0.9028     0.7386     0.8797     0.7798     1.0000     0.9301     1.0000     0.8763     0.8960     0.8373     1.0000     0.9530     0.8389     0.8323     0.8655     0.7404     0.9000     0.9366     0.9685     0.9709     0.9336     0.9028     0.7386     0.8797     0.7798     1.0000     0.9301     1.0000     0.8763     0.8960     0.8373     1.0000     0.9530     0.9132     0.9061     0.8655     0.7404     0.9000     0.9366     0.9685     0.9709     0.9336     0.9028     0.7386     0.9209     0.9209     0.9209     0.9209     0.9209     0.8906     0.8359     0.9209     0.9976     0.8776     0.9336     0.9117     0.9432     0.7571     0.9494     0.9078     0.9383     0.9911     0.9269     0.9209     0.7500
09/30/2016_24:00     0.8797     0.7798     1.0000     0.9301     1.0000     0.8763     0.8960     0.8373     1.0000     0.9530     0.8681     0.8613     0.8655     0.7404     0.9000     0.9366     0.9685     0.9709     0.9336     0.9028     0.7386     0.8797     0.8200     1.0000     0.9301     1.0000     0.8763     0.8960     0.8373     1.0000     0.9530     0.9194     0.9122     0.8655     0.8200     0.9000     0.9366     0.9685     0.9709     0.9336     0.9028     0.8200     0.8797     0.7798     1.0000     0.9301     1.0000     0.8763     0.8960     0.8373     1.0000     0.9530     0.9632     0.9556     0.8655     0.7404     0.9000     0.9366     0.9685     0.9709     0.9336     0.9028     0.7386     0.8797     0.7798     1.0000     0.9301     1.0000     0.8763     0.8960     0.8373     1.0000     0.9530     0.8681     0.8613     0.8655     0.7404     0.9000     0.9366     0.9685     0.9709     0.9336     0.9028     0.7386     0.8797     0.7798     1.0000     0.9301     1.0000     0.8763     0.8960     0.8373     1.0000     0.9530     0.9120     0.9049     0.8655     0.7404     0.9000     0.9366     0.9685     0.9709     0.9336     0.9028     0.7386     0.8797     0.7798     1.0000     0.9301     1.0000     0.8763     0.8960     0.8373     1.0000     0.9530     0.9266     0.9194     0.8655     0.7404     0.9000     0.9366     0.9685     0.9709     0.9336     0.9028     0.7386     0.8797     0.7798     1.0000     0.9301     1.0000     0.8763     0.8960     0.8373     1.0000     0.9530     0.8681     0.8613     0.8655     0.7404     0.9000     0.9366     0.9685     0.9709     0.9336     0.9028     0.7386     0.8797     0.7798     1.0000     0.9301     1.0000     0.8763     0.8960     0.8373     1.0000     0.9530     0.8681     0.8613     0.8655     0.7404     0.9000     0.9366     0.9685     0.9709     0.9336     0.9028     0.7386     0.8797     0.7798     1.0000     0.9301     1.0000     0.8763     0.8960     0.8373     1.0000     0.9530     0.8828     0.8759     0.8655     0.7404     0.9000     0.9366     0.9685     0.9709     0.9336     0.9028     0.7386     0.8797     0.7798     1.0000     0.9301     1.0000     0.8763     0.8960     0.8373     1.0000     0.9530     0.9340     0.9267     0.8655     0.7404     0.9000     0.9366     0.9685     0.9709     0.9336     0.9028     0.7386     0.8797     0.7798     1.0000     0.9301     1.0000     0.8763     0.8960     0.8373     1.0000     0.9530     0.9340     0.9267     0.8655     0.7404     0.9000     0.9366     0.9685     0.9709     0.9336     0.9028     0.7386     0.8797     0.7798     1.0000     0.9301     1.0000     0.8763     0.8960     0.8373     1.0000     0.9530     0.8681     0.8613     0.8655     0.7404     0.9000     0.9366     0.9685     0.9709     0.9336     0.9028     0.7386     0.8797     0.7798     1.0000     0.9301     1.0000     0.8763     0.8960     0.8373     1.0000     0.9530     0.9449     0.9375     0.8655     0.7404     0.9000     0.9366     0.9685     0.9709     0.9336     0.9028     0.7386     0.8797     0.7798     1.0000     0.9301     1.0000     0.8763     0.8960     0.8373     1.0000     0.9530     0.9486     0.9412     0.8655     0.7404     0.9000     0.9366     0.9685     0.9709     0.9336     0.9028     0.7386     0.8797     0.7798     1.0000     0.9301     1.0000     0.8763     0.8960     0.8373     1.0000     0.9530     0.8681     0.8613     0.8655     0.7404     0.9000     0.9366     0.9685     0.9709     0.9336     0.9028     0.7386     0.8797     0.7798     1.0000     0.9301     1.0000     0.8763     0.8960     0.8373     1.0000     0.9530     0.8828     0.8759     0.8655     0.7404     0.9000     0.9366     0.9685     0.9709     0.9336     0.9028     0.7386     0.8797     0.7798     1.0000     0.9301     1.0000     0.8763     0.8960     0.8373     1.0000     0.9530     0.8681     0.8613     0.8655     0.7404     0.9000     0.9366     0.9685     0.9709     0.9336     0.9028     0.7386     0.8797     0.7798     1.0000     0.9301     1.0000     0.8763     0.8960     0.8373     1.0000     0.9530     0.8974     0.8904     0.8855     0.7404     0.9000     0.9366     0.9685     0.9709     0.9336     0.9028     0.7386     0.8797     0.7798     1.0000     0.9301     1.0000     0.8763     0.8960     0.8373     1.0000     0.9530     0.8389     0.8323     0.8655     0.7404     0.9000     0.9366     0.9685     0.9709     0.9336     0.9028     0.7386     0.8797     0.7798     1.0000     0.9301     1.0000     0.8763     0.8960     0.8373     1.0000     0.9530     0.9132     0.9061     0.8655     0.7404     0.9000     0.9366     0.9685     0.9709     0.9336     0.9028     0.7386     0.9209     0.9209     0.9209     0.9209     0.9209     0.8906     0.8359     0.9209     0.9976     0.8776     0.9336     0.9117     0.9432     0.7571     0.9494     0.9078     0.9383     0.9911     0.9269     0.9209     0.7500
09/30/2017_24:00     0.8797     0.7798     1.0000     0.9301     1.0000     0.8763     0.8960     0.8373     1.0000     0.9530     0.8681     0.8613     0.8655     0.7404     0.9000     0.9366     0.9685     0.9709     0.9336     0.9028     0.7386     0.8797     0.8200     1.0000     0.9301     1.0000     0.8763     0.8960     0.8373     1.0000     0.9530     0.9194     0.9122     0.8655     0.8200     0.9000     0.9366     0.9685     0.9709     0.9336     0.9028     0.8200     0.8797     0.7798     1.0000     0.9301     1.0000     0.8763     0.8960     0.8373     1.0000     0.9530     0.9632     0.9556     0.8655     0.7404     0.9000     0.9366     0.9685     0.9709     0.9336     0.9028     0.7386     0.8797     0.7798     1.0000     0.9301     1.0000     0.8763     0.8960     0.8373     1.0000     0.9530     0.8681     0.8613     0.8655     0.7404     0.9000     0.9366     0.9685     0.9709     0.9336     0.9028     0.7386     0.8797     0.7798     1.0000     0.9301     1.0000     0.8763     0.8960     0.8373     1.0000     0.9530     0.9120     0.9049     0.8655     0.7404     0.9000     0.9366     0.9685     0.9709     0.9336     0.9028     0.7386     0.8797     0.7798     1.0000     0.9301     1.0000     0.8763     0.8960     0.8373     1.0000     0.9530     0.9266     0.9194     0.8655     0.7404     0.9000     0.9366     0.9685     0.9709     0.9336     0.9028     0.7386     0.8797     0.7798     1.0000     0.9301     1.0000     0.8763     0.8960     0.8373     1.0000     0.9530     0.8681     0.8613     0.8655     0.7404     0.9000     0.9366     0.9685     0.9709     0.9336     0.9028     0.7386     0.8797     0.7798     1.0000     0.9301     1.0000     0.8763     0.8960     0.8373     1.0000     0.9530     0.8681     0.8613     0.8655     0.7404     0.9000     0.9366     0.9685     0.9709     0.9336     0.9028     0.7386     0.8797     0.7798     1.0000     0.9301     1.0000     0.8763     0.8960     0.8373     1.0000     0.9530     0.8828     0.8759     0.8655     0.7404     0.9000     0.9366     0.9685     0.9709     0.9336     0.9028     0.7386     0.8797     0.7798     1.0000     0.9301     1.0000     0.8763     0.8960     0.8373     1.0000     0.9530     0.9340     0.9267     0.8655     0.7404     0.9000     0.9366     0.9685     0.9709     0.9336     0.9028     0.7386     0.8797     0.7798     1.0000     0.9301     1.0000     0.8763     0.8960     0.8373     1.0000     0.9530     0.9340     0.9267     0.8655     0.7404     0.9000     0.9366     0.9685     0.9709     0.9336     0.9028     0.7386     0.8797     0.7798     1.0000     0.9301     1.0000     0.8763     0.8960     0.8373     1.0000     0.9530     0.8681     0.8613     0.8655     0.7404     0.9000     0.9366     0.9685     0.9709     0.9336     0.9028     0.7386     0.8797     0.7798     1.0000     0.9301     1.0000     0.8763     0.8960     0.8373     1.0000     0.9530     0.9449     0.9375     0.8655     0.7404     0.9000     0.9366     0.9685     0.9709     0.9336     0.9028     0.7386     0.8797     0.7798     1.0000     0.9301     1.0000     0.8763     0.8960     0.8373     1.0000     0.9530     0.9486     0.9412     0.8655     0.7404     0.9000     0.9366     0.9685     0.9709     0.9336     0.9028     0.7386     0.8797     0.7798     1.0000     0.9301     1.0000     0.8763     0.8960     0.8373     1.0000     0.9530     0.8681     0.8613     0.8655     0.7404     0.9000     0.9366     0.9685     0.9709     0.9336     0.9028     0.7386     0.8797     0.7798     1.0000     0.9301     1.0000     0.8763     0.8960     0.8373     1.0000     0.9530     0.8828     0.8759     0.8655     0.7404     0.9000     0.9366     0.9685     0.9709     0.9336     0.9028     0.7386     0.8797     0.7798     1.0000     0.9301     1.0000     0.8763     0.8960     0.8373     1.0000     0.9530     0.8681     0.8613     0.8655     0.7404     0.9000     0.9366     0.9685     0.9709     0.9336     0.9028     0.7386     0.8797     0.7798     1.0000     0.9301     1.0000     0.8763     0.8960     0.8373     1.0000     0.9530     0.8974     0.8904     0.8855     0.7404     0.9000     0.9366     0.9685     0.9709     0.9336     0.9028     0.7386     0.8797     0.7798     1.0000     0.9301     1.0000     0.8763     0.8960     0.8373     1.0000     0.9530     0.8389     0.8323     0.8655     0.7404     0.9000     0.9366     0.9685     0.9709     0.9336     0.9028     0.7386     0.8797     0.7798     1.0000     0.9301     1.0000     0.8763     0.8960     0.8373     1.0000     0.9530     0.9132     0.9061     0.8655     0.7404     0.9000     0.9366     0.9685     0.9709     0.9336     0.9028     0.7386     0.9209     0.9209     0.9209     0.9209     0.9209     0.8906     0.8359     0.9209     0.9976     0.8776     0.9336     0.9117     0.9432     0.7571     0.9494     0.9078     0.9383     0.9911     0.9269     0.9209     0.7500
09/30/2018_24:00     0.8797     0.7798     1.0000     0.9301     1.0000     0.8763     0.8960     0.8373     1.0000     0.9530     0.8681     0.8613     0.8655     0.7404     0.9000     0.9366     0.9685     0.9709     0.9336     0.9028     0.7386     0.8797     0.8200     1.0000     0.9301     1.0000     0.8763     0.8960     0.8373     1.0000     0.9530     0.9194     0.9122     0.8655     0.8200     0.9000     0.9366     0.9685     0.9709     0.9336     0.9028     0.8200     0.8797     0.7798     1.0000     0.9301     1.0000     0.8763     0.8960     0.8373     1.0000     0.9530     0.9632     0.9556     0.8655     0.7404     0.9000     0.9366     0.9685     0.9709     0.9336     0.9028     0.7386     0.8797     0.7798     1.0000     0.9301     1.0000     0.8763     0.8960     0.8373     1.0000     0.9530     0.8681     0.8613     0.8655     0.7404     0.9000     0.9366     0.9685     0.9709     0.9336     0.9028     0.7386     0.8797     0.7798     1.0000     0.9301     1.0000     0.8763     0.8960     0.8373     1.0000     0.9530     0.9120     0.9049     0.8655     0.7404     0.9000     0.9366     0.9685     0.9709     0.9336     0.9028     0.7386     0.8797     0.7798     1.0000     0.9301     1.0000     0.8763     0.8960     0.8373     1.0000     0.9530     0.9266     0.9194     0.8655     0.7404     0.9000     0.9366     0.9685     0.9709     0.9336     0.9028     0.7386     0.8797     0.7798     1.0000     0.9301     1.0000     0.8763     0.8960     0.8373     1.0000     0.9530     0.8681     0.8613     0.8655     0.7404     0.9000     0.9366     0.9685     0.9709     0.9336     0.9028     0.7386     0.8797     0.7798     1.0000     0.9301     1.0000     0.8763     0.8960     0.8373     1.0000     0.9530     0.8681     0.8613     0.8655     0.7404     0.9000     0.9366     0.9685     0.9709     0.9336     0.9028     0.7386     0.8797     0.7798     1.0000     0.9301     1.0000     0.8763     0.8960     0.8373     1.0000     0.9530     0.8828     0.8759     0.8655     0.7404     0.9000     0.9366     0.9685     0.9709     0.9336     0.9028     0.7386     0.8797     0.7798     1.0000     0.9301     1.0000     0.8763     0.8960     0.8373     1.0000     0.9530     0.9340     0.9267     0.8655     0.7404     0.9000     0.9366     0.9685     0.9709     0.9336     0.9028     0.7386     0.8797     0.7798     1.0000     0.9301     1.0000     0.8763     0.8960     0.8373     1.0000     0.9530     0.9340     0.9267     0.8655     0.7404     0.9000     0.9366     0.9685     0.9709     0.9336     0.9028     0.7386     0.8797     0.7798     1.0000     0.9301     1.0000     0.8763     0.8960     0.8373     1.0000     0.9530     0.8681     0.8613     0.8655     0.7404     0.9000     0.9366     0.9685     0.9709     0.9336     0.9028     0.7386     0.8797     0.7798     1.0000     0.9301     1.0000     0.8763     0.8960     0.8373     1.0000     0.9530     0.9449     0.9375     0.8655     0.7404     0.9000     0.9366     0.9685     0.9709     0.9336     0.9028     0.7386     0.8797     0.7798     1.0000     0.9301     1.0000     0.8763     0.8960     0.8373     1.0000     0.9530     0.9486     0.9412     0.8655     0.7404     0.9000     0.9366     0.9685     0.9709     0.9336     0.9028     0.7386     0.8797     0.7798     1.0000     0.9301     1.0000     0.8763     0.8960     0.8373     1.0000     0.9530     0.8681     0.8613     0.8655     0.7404     0.9000     0.9366     0.9685     0.9709     0.9336     0.9028     0.7386     0.8797     0.7798     1.0000     0.9301     1.0000     0.8763     0.8960     0.8373     1.0000     0.9530     0.8828     0.8759     0.8655     0.7404     0.9000     0.9366     0.9685     0.9709     0.9336     0.9028     0.7386     0.8797     0.7798     1.0000     0.9301     1.0000     0.8763     0.8960     0.8373     1.0000     0.9530     0.8681     0.8613     0.8655     0.7404     0.9000     0.9366     0.9685     0.9709     0.9336     0.9028     0.7386     0.8797     0.7798     1.0000     0.9301     1.0000     0.8763     0.8960     0.8373     1.0000     0.9530     0.8974     0.8904     0.8855     0.7404     0.9000     0.9366     0.9685     0.9709     0.9336     0.9028     0.7386     0.8797     0.7798     1.0000     0.9301     1.0000     0.8763     0.8960     0.8373     1.0000     0.9530     0.8389     0.8323     0.8655     0.7404     0.9000     0.9366     0.9685     0.9709     0.9336     0.9028     0.7386     0.8797     0.7798     1.0000     0.9301     1.0000     0.8763     0.8960     0.8373     1.0000     0.9530     0.9132     0.9061     0.8655     0.7404     0.9000     0.9366     0.9685     0.9709     0.9336     0.9028     0.7386     0.9209     0.9209     0.9209     0.9209     0.9209     0.8906     0.8359     0.9209     0.9976     0.8776     0.9336     0.9117     0.9432     0.7571     0.9494     0.9078     0.9383     0.9911     0.9269     0.9209     0.7500
09/30/2019_24:00     0.8797     0.7798     1.0000     0.9301     1.0000     0.8763     0.8960     0.8373     1.0000     0.9530     0.8681     0.8613     0.8655     0.7404     0.9000     0.9366     0.9685     0.9709     0.9336     0.9028     0.7386     0.8797     0.8200     1.0000     0.9301     1.0000     0.8763     0.8960     0.8373     1.0000     0.9530     0.9194     0.9122     0.8655     0.8200     0.9000     0.9366     0.9685     0.9709     0.9336     0.9028     0.8200     0.8797     0.7798     1.0000     0.9301     1.0000     0.8763     0.8960     0.8373     1.0000     0.9530     0.9632     0.9556     0.8655     0.7404     0.9000     0.9366     0.9685     0.9709     0.9336     0.9028     0.7386     0.8797     0.7798     1.0000     0.9301     1.0000     0.8763     0.8960     0.8373     1.0000     0.9530     0.8681     0.8613     0.8655     0.7404     0.9000     0.9366     0.9685     0.9709     0.9336     0.9028     0.7386     0.8797     0.7798     1.0000     0.9301     1.0000     0.8763     0.8960     0.8373     1.0000     0.9530     0.9120     0.9049     0.8655     0.7404     0.9000     0.9366     0.9685     0.9709     0.9336     0.9028     0.7386     0.8797     0.7798     1.0000     0.9301     1.0000     0.8763     0.8960     0.8373     1.0000     0.9530     0.9266     0.9194     0.8655     0.7404     0.9000     0.9366     0.9685     0.9709     0.9336     0.9028     0.7386     0.8797     0.7798     1.0000     0.9301     1.0000     0.8763     0.8960     0.8373     1.0000     0.9530     0.8681     0.8613     0.8655     0.7404     0.9000     0.9366     0.9685     0.9709     0.9336     0.9028     0.7386     0.8797     0.7798     1.0000     0.9301     1.0000     0.8763     0.8960     0.8373     1.0000     0.9530     0.8681     0.8613     0.8655     0.7404     0.9000     0.9366     0.9685     0.9709     0.9336     0.9028     0.7386     0.8797     0.7798     1.0000     0.9301     1.0000     0.8763     0.8960     0.8373     1.0000     0.9530     0.8828     0.8759     0.8655     0.7404     0.9000     0.9366     0.9685     0.9709     0.9336     0.9028     0.7386     0.8797     0.7798     1.0000     0.9301     1.0000     0.8763     0.8960     0.8373     1.0000     0.9530     0.9340     0.9267     0.8655     0.7404     0.9000     0.9366     0.9685     0.9709     0.9336     0.9028     0.7386     0.8797     0.7798     1.0000     0.9301     1.0000     0.8763     0.8960     0.8373     1.0000     0.9530     0.9340     0.9267     0.8655     0.7404     0.9000     0.9366     0.9685     0.9709     0.9336     0.9028     0.7386     0.8797     0.7798     1.0000     0.9301     1.0000     0.8763     0.8960     0.8373     1.0000     0.9530     0.8681     0.8613     0.8655     0.7404     0.9000     0.9366     0.9685     0.9709     0.9336     0.9028     0.7386     0.8797     0.7798     1.0000     0.9301     1.0000     0.8763     0.8960     0.8373     1.0000     0.9530     0.9449     0.9375     0.8655     0.7404     0.9000     0.9366     0.9685     0.9709     0.9336     0.9028     0.7386     0.8797     0.7798     1.0000     0.9301     1.0000     0.8763     0.8960     0.8373     1.0000     0.9530     0.9486     0.9412     0.8655     0.7404     0.9000     0.9366     0.9685     0.9709     0.9336     0.9028     0.7386     0.8797     0.7798     1.0000     0.9301     1.0000     0.8763     0.8960     0.8373     1.0000     0.9530     0.8681     0.8613     0.8655     0.7404     0.9000     0.9366     0.9685     0.9709     0.9336     0.9028     0.7386     0.8797     0.7798     1.0000     0.9301     1.0000     0.8763     0.8960     0.8373     1.0000     0.9530     0.8828     0.8759     0.8655     0.7404     0.9000     0.9366     0.9685     0.9709     0.9336     0.9028     0.7386     0.8797     0.7798     1.0000     0.9301     1.0000     0.8763     0.8960     0.8373     1.0000     0.9530     0.8681     0.8613     0.8655     0.7404     0.9000     0.9366     0.9685     0.9709     0.9336     0.9028     0.7386     0.8797     0.7798     1.0000     0.9301     1.0000     0.8763     0.8960     0.8373     1.0000     0.9530     0.8974     0.8904     0.8855     0.7404     0.9000     0.9366     0.9685     0.9709     0.9336     0.9028     0.7386     0.8797     0.7798     1.0000     0.9301     1.0000     0.8763     0.8960     0.8373     1.0000     0.9530     0.8389     0.8323     0.8655     0.7404     0.9000     0.9366     0.9685     0.9709     0.9336     0.9028     0.7386     0.8797     0.7798     1.0000     0.9301     1.0000     0.8763     0.8960     0.8373     1.0000     0.9530     0.9132     0.9061     0.8655     0.7404     0.9000     0.9366     0.9685     0.9709     0.9336     0.9028     0.7386     0.9209     0.9209     0.9209     0.9209     0.9209     0.8906     0.8359     0.9209     0.9976     0.8776     0.9336     0.9117     0.9432     0.7571     0.9494     0.9078     0.9383     0.9911     0.9269     0.9209     0.7500
09/30/2020_24:00     0.8797     0.7798     1.0000     0.9301     1.0000     0.8763     0.8960     0.8373     1.0000     0.9530     0.8681     0.8613     0.8655     0.7404     0.9000     0.9366     0.9685     0.9709     0.9336     0.9028     0.7386     0.8797     0.8200     1.0000     0.9301     1.0000     0.8763     0.8960     0.8373     1.0000     0.9530     0.9194     0.9122     0.8655     0.8200     0.9000     0.9366     0.9685     0.9709     0.9336     0.9028     0.8200     0.8797     0.7798     1.0000     0.9301     1.0000     0.8763     0.8960     0.8373     1.0000     0.9530     0.9632     0.9556     0.8655     0.7404     0.9000     0.9366     0.9685     0.9709     0.9336     0.9028     0.7386     0.8797     0.7798     1.0000     0.9301     1.0000     0.8763     0.8960     0.8373     1.0000     0.9530     0.8681     0.8613     0.8655     0.7404     0.9000     0.9366     0.9685     0.9709     0.9336     0.9028     0.7386     0.8797     0.7798     1.0000     0.9301     1.0000     0.8763     0.8960     0.8373     1.0000     0.9530     0.9120     0.9049     0.8655     0.7404     0.9000     0.9366     0.9685     0.9709     0.9336     0.9028     0.7386     0.8797     0.7798     1.0000     0.9301     1.0000     0.8763     0.8960     0.8373     1.0000     0.9530     0.9266     0.9194     0.8655     0.7404     0.9000     0.9366     0.9685     0.9709     0.9336     0.9028     0.7386     0.8797     0.7798     1.0000     0.9301     1.0000     0.8763     0.8960     0.8373     1.0000     0.9530     0.8681     0.8613     0.8655     0.7404     0.9000     0.9366     0.9685     0.9709     0.9336     0.9028     0.7386     0.8797     0.7798     1.0000     0.9301     1.0000     0.8763     0.8960     0.8373     1.0000     0.9530     0.8681     0.8613     0.8655     0.7404     0.9000     0.9366     0.9685     0.9709     0.9336     0.9028     0.7386     0.8797     0.7798     1.0000     0.9301     1.0000     0.8763     0.8960     0.8373     1.0000     0.9530     0.8828     0.8759     0.8655     0.7404     0.9000     0.9366     0.9685     0.9709     0.9336     0.9028     0.7386     0.8797     0.7798     1.0000     0.9301     1.0000     0.8763     0.8960     0.8373     1.0000     0.9530     0.9340     0.9267     0.8655     0.7404     0.9000     0.9366     0.9685     0.9709     0.9336     0.9028     0.7386     0.8797     0.7798     1.0000     0.9301     1.0000     0.8763     0.8960     0.8373     1.0000     0.9530     0.9340     0.9267     0.8655     0.7404     0.9000     0.9366     0.9685     0.9709     0.9336     0.9028     0.7386     0.8797     0.7798     1.0000     0.9301     1.0000     0.8763     0.8960     0.8373     1.0000     0.9530     0.8681     0.8613     0.8655     0.7404     0.9000     0.9366     0.9685     0.9709     0.9336     0.9028     0.7386     0.8797     0.7798     1.0000     0.9301     1.0000     0.8763     0.8960     0.8373     1.0000     0.9530     0.9449     0.9375     0.8655     0.7404     0.9000     0.9366     0.9685     0.9709     0.9336     0.9028     0.7386     0.8797     0.7798     1.0000     0.9301     1.0000     0.8763     0.8960     0.8373     1.0000     0.9530     0.9486     0.9412     0.8655     0.7404     0.9000     0.9366     0.9685     0.9709     0.9336     0.9028     0.7386     0.8797     0.7798     1.0000     0.9301     1.0000     0.8763     0.8960     0.8373     1.0000     0.9530     0.8681     0.8613     0.8655     0.7404     0.9000     0.9366     0.9685     0.9709     0.9336     0.9028     0.7386     0.8797     0.7798     1.0000     0.9301     1.0000     0.8763     0.8960     0.8373     1.0000     0.9530     0.8828     0.8759     0.8655     0.7404     0.9000     0.9366     0.9685     0.9709     0.9336     0.9028     0.7386     0.8797     0.7798     1.0000     0.9301     1.0000     0.8763     0.8960     0.8373     1.0000     0.9530     0.8681     0.8613     0.8655     0.7404     0.9000     0.9366     0.9685     0.9709     0.9336     0.9028     0.7386     0.8797     0.7798     1.0000     0.9301     1.0000     0.8763     0.8960     0.8373     1.0000     0.9530     0.8974     0.8904     0.8855     0.7404     0.9000     0.9366     0.9685     0.9709     0.9336     0.9028     0.7386     0.8797     0.7798     1.0000     0.9301     1.0000     0.8763     0.8960     0.8373     1.0000     0.9530     0.8389     0.8323     0.8655     0.7404     0.9000     0.9366     0.9685     0.9709     0.9336     0.9028     0.7386     0.8797     0.7798     1.0000     0.9301     1.0000     0.8763     0.8960     0.8373     1.0000     0.9530     0.9132     0.9061     0.8655     0.7404     0.9000     0.9366     0.9685     0.9709     0.9336     0.9028     0.7386     0.9209     0.9209     0.9209     0.9209     0.9209     0.8906     0.8359     0.9209     0.9976     0.8776     0.9336     0.9117     0.9432     0.7571     0.9494     0.9078     0.9383     0.9911     0.9269     0.9209     0.7500
09/30/2021_24:00     0.8797     0.7798     1.0000     0.9301     1.0000     0.8763     0.8960     0.8373     1.0000     0.9530     0.8681     0.8613     0.8655     0.7404     0.9000     0.9366     0.9685     0.9709     0.9336     0.9028     0.7386     0.8797     0.8200     1.0000     0.9301     1.0000     0.8763     0.8960     0.8373     1.0000     0.9530     0.9194     0.9122     0.8655     0.8200     0.9000     0.9366     0.9685     0.9709     0.9336     0.9028     0.8200     0.8797     0.7798     1.0000     0.9301     1.0000     0.8763     0.8960     0.8373     1.0000     0.9530     0.9632     0.9556     0.8655     0.7404     0.9000     0.9366     0.9685     0.9709     0.9336     0.9028     0.7386     0.8797     0.7798     1.0000     0.9301     1.0000     0.8763     0.8960     0.8373     1.0000     0.9530     0.8681     0.8613     0.8655     0.7404     0.9000     0.9366     0.9685     0.9709     0.9336     0.9028     0.7386     0.8797     0.7798     1.0000     0.9301     1.0000     0.8763     0.8960     0.8373     1.0000     0.9530     0.9120     0.9049     0.8655     0.7404     0.9000     0.9366     0.9685     0.9709     0.9336     0.9028     0.7386     0.8797     0.7798     1.0000     0.9301     1.0000     0.8763     0.8960     0.8373     1.0000     0.9530     0.9266     0.9194     0.8655     0.7404     0.9000     0.9366     0.9685     0.9709     0.9336     0.9028     0.7386     0.8797     0.7798     1.0000     0.9301     1.0000     0.8763     0.8960     0.8373     1.0000     0.9530     0.8681     0.8613     0.8655     0.7404     0.9000     0.9366     0.9685     0.9709     0.9336     0.9028     0.7386     0.8797     0.7798     1.0000     0.9301     1.0000     0.8763     0.8960     0.8373     1.0000     0.9530     0.8681     0.8613     0.8655     0.7404     0.9000     0.9366     0.9685     0.9709     0.9336     0.9028     0.7386     0.8797     0.7798     1.0000     0.9301     1.0000     0.8763     0.8960     0.8373     1.0000     0.9530     0.8828     0.8759     0.8655     0.7404     0.9000     0.9366     0.9685     0.9709     0.9336     0.9028     0.7386     0.8797     0.7798     1.0000     0.9301     1.0000     0.8763     0.8960     0.8373     1.0000     0.9530     0.9340     0.9267     0.8655     0.7404     0.9000     0.9366     0.9685     0.9709     0.9336     0.9028     0.7386     0.8797     0.7798     1.0000     0.9301     1.0000     0.8763     0.8960     0.8373     1.0000     0.9530     0.9340     0.9267     0.8655     0.7404     0.9000     0.9366     0.9685     0.9709     0.9336     0.9028     0.7386     0.8797     0.7798     1.0000     0.9301     1.0000     0.8763     0.8960     0.8373     1.0000     0.9530     0.8681     0.8613     0.8655     0.7404     0.9000     0.9366     0.9685     0.9709     0.9336     0.9028     0.7386     0.8797     0.7798     1.0000     0.9301     1.0000     0.8763     0.8960     0.8373     1.0000     0.9530     0.9449     0.9375     0.8655     0.7404     0.9000     0.9366     0.9685     0.9709     0.9336     0.9028     0.7386     0.8797     0.7798     1.0000     0.9301     1.0000     0.8763     0.8960     0.8373     1.0000     0.9530     0.9486     0.9412     0.8655     0.7404     0.9000     0.9366     0.9685     0.9709     0.9336     0.9028     0.7386     0.8797     0.7798     1.0000     0.9301     1.0000     0.8763     0.8960     0.8373     1.0000     0.9530     0.8681     0.8613     0.8655     0.7404     0.9000     0.9366     0.9685     0.9709     0.9336     0.9028     0.7386     0.8797     0.7798     1.0000     0.9301     1.0000     0.8763     0.8960     0.8373     1.0000     0.9530     0.8828     0.8759     0.8655     0.7404     0.9000     0.9366     0.9685     0.9709     0.9336     0.9028     0.7386     0.8797     0.7798     1.0000     0.9301     1.0000     0.8763     0.8960     0.8373     1.0000     0.9530     0.8681     0.8613     0.8655     0.7404     0.9000     0.9366     0.9685     0.9709     0.9336     0.9028     0.7386     0.8797     0.7798     1.0000     0.9301     1.0000     0.8763     0.8960     0.8373     1.0000     0.9530     0.8974     0.8904     0.8855     0.7404     0.9000     0.9366     0.9685     0.9709     0.9336     0.9028     0.7386     0.8797     0.7798     1.0000     0.9301     1.0000     0.8763     0.8960     0.8373     1.0000     0.9530     0.8389     0.8323     0.8655     0.7404     0.9000     0.9366     0.9685     0.9709     0.9336     0.9028     0.7386     0.8797     0.7798     1.0000     0.9301     1.0000     0.8763     0.8960     0.8373     1.0000     0.9530     0.9132     0.9061     0.8655     0.7404     0.9000     0.9366     0.9685     0.9709     0.9336     0.9028     0.7386     0.9209     0.9209     0.9209     0.9209     0.9209     0.8906     0.8359     0.9209     0.9976     0.8776     0.9336     0.9117     0.9432     0.7571     0.9494     0.9078     0.9383     0.9911     0.9269     0.9209     0.7500